Gloss	Beijing	Changsha	Chengdu	Fuzhou	Guangzhou	Guilin	Ha'erbin	Jinan	Jixi	Loudi	Meixian	Nanchang	Nanjing	Rongcheng	Suzhou	Taiyuan	Wenzhou	Xi'an	Xiamen
ALL_1	ʨʰɥɛn³⁵pu⁵¹	ʨʰɥẽ¹³pu¹¹	ʨʰɥan²¹pu²¹³		ʦʰyn²¹pou²²	ʨɥã²²pu²¹	ʨʰɥan²⁴pu⁵³	ʨʰɥæ̃⁵³pu³¹	ʨʰɥẽ⁴⁴pʰu³¹	ʣwĩ¹³bu¹¹	ʨʰjen¹¹pʰu⁵³	ʨʰɥon²⁴pu⁰	ʨʰɥen¹³pu⁴⁴	ʦʰjɐn³⁵pu³³⁴	zjɪ¹³bu²³¹	ʨʰɥe²¹pu⁴⁵	jy³⁴¹bu²⁴	ʦʰwæ̃²⁴pu⁴⁴	ʦwan²⁴pɔ²²
ALL_2				ko²¹²louŋ⁵³ŋa²⁴²															
AND_1															taʔ⁴				
AND_2	xɤ³⁵		xo²¹		wɔ²¹		xɤ²¹	xɤ⁵³	xɵ⁴⁴	ɣo¹³		fo⁴⁵	xo¹³	xɔ³⁵		xɤ²¹		xwo²⁴	kaʔ³²
AND_3				kɔyŋ²⁴²															
AND_4																	kʰwɔ⁵¹		
AND_5		kən³³				kɤn⁴²													
AND_6											tʰuŋ¹¹								
ANIMAL_1	tuŋ⁵¹u⁵¹	toŋ¹¹u²⁴	toŋ²¹³u²¹		toŋ³³mɐt²	tɤn²⁵u²²	tuŋ⁵³u⁰	tuŋ³¹u⁰	tʰɑ̃²¹³vɤʔ³²	dɤn¹¹u³⁵	tʰuŋ⁵³vut⁵	tʰuŋ²¹u⁰	toŋ⁴⁴uʔ⁵	toŋ³³⁴u³³⁴		tuŋ⁴⁵və⁰	doŋ²⁴vai²²	tuŋ⁴⁴vo²¹	tɔŋ²²but⁵
ANIMAL_2															ʦoŋ⁴⁴sã⁴⁴				
ANIMAL_3				si²¹²kʰa⁵⁵βa⁵³															
ASH_1	xwei⁵⁵	fei³³	xwei⁴⁵	hwoi⁵⁵	fwi⁵³	fei⁴²	xwei⁴⁴	xwei²¹³	fa⁵⁵	xwe⁴⁴	foi³³	fɨi⁴²	xwei³¹	xwei⁵²	hwe̞⁴⁴	xwei²¹	fai⁴⁴	xwei²¹	he⁵⁵
ASH_2				hwoi⁵⁵hwoi⁵⁵															
BACK_1	pei⁵¹	pei⁵⁵	pei²¹³	pʰjaŋ⁵⁵	pwi³³	pei²⁵	pei⁵³	pei³¹	pa³⁵	pe³⁵	poi⁵³		pei⁴⁴	pei⁵²	pe̞⁴¹²	pei⁴⁵		ʨi²¹pei²⁴~pei²⁴	
BACK_2												pei⁴⁵ʨjaʔ⁰							ka⁵⁵ʦjaʔ³²
BACK_3																	pai⁴²ʥi²⁴saŋ⁴⁴		
BAD_1																			pʰai⁵³
BAD_2				ŋai⁵³															
BAD_3	xai⁵¹	fai¹¹	xwai²¹³		wai²²	fai²¹	xwai⁵³	xwɛ³¹	vɔ³¹	ɣwa¹¹	fai⁵³	fai²¹	xwɛ⁴⁴	xwai³³⁴	wɑ⁴¹²	xwai⁴⁵		xwɛ⁴⁴	
BAD_4															ʨʰjʏ⁴⁴				
BAD_5		kwai⁴¹																	
BAD_6											pe³¹								
BAD_7				pʰai³²															
BAD_8																	mə³⁴¹		
BARK_1	ʂu⁵¹pʰjə³⁵	ɕy¹¹pi¹³	su²¹³pʰi²¹	ʦʰjeu²¹²pʰwoi⁵³	sy²²pʰei²¹	ɕy²¹pi²²	ʂu⁵³pʰi²⁴	ʂu³¹pʰi⁵³	ɕy³¹pʰɹ̩⁴⁴	ʑy¹¹bi¹³	su⁵³pʰi¹¹	su²¹pʰi²⁴	su⁴⁴pʰi¹³	ʃy³³⁴pʰi³⁵	zɻ̩ʷ²³¹bi¹³	su⁴⁵pʰi²¹	zɹ̩²²bei³⁴¹	fu⁴⁴pʰi²⁴	ʦʰju²²pʰe²⁴
BE ALIVE_1	xwo³⁵tɤ⁰		xo²¹li⁵⁵				xwo²⁴ty⁰	xwɤ⁵³ti⁰					xoʔ⁵ti⁰	xwɔ³⁵tə⁰		xwəʔ⁵⁴təʔ⁰		xwo²⁴ti⁰	
BE ALIVE_2		xo²⁴ti⁰								xwe³⁵kɤ⁰									waʔ⁵e⁰
BE ALIVE_3				waʔ⁵ki⁵³															
BE ALIVE_4											saŋ³³ŋe⁵³	wot²¹ko⁴²					ʥi²²ɡi⁰		
BE ALIVE_5									voʔ³²noʔ³²										
BE ALIVE_6															ɦwə²³kəʔ⁴				
BE ALIVE_7					saŋ⁵³kɛ³³														
BE ALIVE_8						xwo²²kɤ⁰te³³													
BECAUSE_1	in⁵⁵wei⁰	in³³wei¹¹	in⁴⁵wei²¹³	iŋ⁵⁵ŋwoi²⁴²	jɐn⁵³wɐi²²	iŋ⁴²wei²²	in⁴⁴ʋei⁰	jẽ²¹⁴vei³¹	jɑ̃⁵⁵vi⁵⁵	in⁴⁴wi¹¹	in³³vi¹¹	in⁴²wi²¹	in³¹ʋei¹³	in⁵²wei³⁵	in⁴⁴ɦwe̞²³¹	iŋ²¹vei⁴⁵	jaŋ⁴⁴vu³⁴¹	jẽ²¹wei²⁴	iŋ⁵⁵wi²²
BECAUSE_2							yŋ⁴⁴xu⁰												
BELLY_1			tu²¹³pʰi²¹												dəu²³¹bi¹³				
BELLY_2	tu⁵¹ʦʰɹ̩⁰	təu⁵⁵ʦɹ̩⁰	tu²¹³ʦɹ̩⁵³			tu²³ʦe²³	tu⁵³ʦwɹ̩⁰	tu³¹ʦɹ̩⁰	tʰu²¹³ʦɹ̩⁰	tɤu⁴²ʦɹ̩⁰		tu²¹³ʦɹ̩⁰	tu⁴⁴ʦɹ̩⁰	tu³³⁴ʦɹ̩⁰		tu⁴⁵ʦəʔ⁰		tou⁴⁴ʦɹ̩⁰	
BELLY_3				puʔ²⁴lo³²															
BELLY_4					tʰou²³						tu³¹						døy²⁴		pak³²tɔ⁵³
BIG_1	tɑ⁵¹	tai¹¹	ta²¹³	twai²⁴²	tai²²	tai²¹	ta⁵³	ta³¹	tʰɵ³¹	da¹¹	tʰai⁵³	tʰai²¹	tɑ⁴⁴	ta³³⁴	dəu²³¹	ta⁴⁵	dɤu²²	tɑ⁴⁴	twa²²
BIRD_1													ʨʰjoʔ⁵ʦɹ̩⁰						
BIRD_2	njɑu²¹³	ɲjau⁴¹		ʦɛu³²	nju²³	tjɑu²³	njau²¹³	ɲjɔ⁴⁵	ɲje²¹³			ɲjɛu²¹³	ljɔ¹¹		tjæ⁵²	njau⁵³		ʨʰjɑu⁵³	ʦjau⁵³
BIRD_3							ʨʰjau²¹³							ʦʰɥɔ³⁵					
BIRD_4										tjɤ⁴²ʨi³⁵									
BIRD_5			ʨʰo²¹ʨʰo²¹																
BIRD_6			ʨʰɥo²¹ə⁵⁵																
BIRD_7											tjau³³ve⁰								
BIRD_8																	tjɛ²⁴²ŋ̍⁰		
BITE_1	jɑu²¹³	ŋa⁴¹	ŋau⁵³	ka²⁴²	ŋau²³	ŋɑu²³	jau²¹³	jɔ⁴⁵	ŋɤ²¹³			ŋau²¹³	jɔ¹¹	jau²¹⁴	ŋæ²³¹	jau⁵³	ŋwɔ²⁴²	ɲjɑu⁵³	ka²²
BITE_2										ŋa³⁵									
BITE_3											ŋat¹								
BLACK_1	xei⁵⁵	xə²⁴	xe²¹		hɐk³	xei⁵⁵	xei⁴⁴	xei²¹⁴	xɤʔ³²	xe¹³	het¹	hɛt⁵	xeʔ⁵	xɛ²¹⁴	həʔ⁴	xəʔ²	he⁴¹	xei²¹	
BLACK_2				u⁵⁵															ɔ⁵⁵
BLOOD_1	ɕɥɛ²¹³	ɕje²⁴	ɕɥe²¹	haiʔ²⁴	hyt³	ɕɥe⁵⁵	ɕɥɛ²¹³	ɕjə²¹⁴	ɕɥaʔ³²	swe¹³	çjat¹	ɕɥet⁵	ɕɥeʔ⁵	sjɛ²¹⁴	ɕɥəʔ⁴	ɕɥəʔ²	ɕy⁴¹	ɕjɛ²¹	hwiʔ³²
BLOW (OF WIND)_1	ʈʂʰwei⁵⁵	ʨʰwei³³	ʦʰwei⁴⁵	ʦʰwoi⁵⁵	ʦʰøy⁵⁵	ʦʰwei⁴²	ʦʰwei⁴⁴	ʈʂʰwei²¹⁴	ʨʰy⁵⁵	ʨʰy⁴⁴		ʦʰwi⁴²	ʦʰwei³¹	ʈʂʰwei⁵²	ʦʰɻ̩ʷ⁴⁴	ʦʰwei²¹	ʦʰɹ̩⁴⁴	pfʰei²¹	
BLOW (OF WIND)_2				puŋ⁵³															pun²⁴
BLOW (OF WIND)_3											pʰaŋ³³								
BLUNT_1	tɛ⁵⁵	ŋai¹³				tai⁴²		tɛ²¹⁴		ŋe¹³		tai⁴²	tɛ³¹		ŋe̞¹³	tai²¹	ŋe³⁴¹	tɛ²¹	
BLUNT_2		pən¹¹	pən²¹³		pɐn²²		pən⁵³		pʰõ³¹		pun⁵³		pən⁴⁴			pəŋ⁴⁵	baŋ²²		
BLUNT_3														pjau⁵²					
BLUNT_4												muʔ⁵							
BLUNT_5				ʦu⁵³															
BLUNT_6				kʰy⁵³															
BLUNT_7																			kʰam⁵³
BLUNT_8			kwa⁴⁵																
BONE_1																		ku²¹tou⁰	
BONE_2		ku²⁴təu⁰	ku²¹tʰəu²¹			ku⁵⁵tai²²	ku²¹³tʰou⁰	ku²¹⁴tʰou⁰		ku¹³djɤ¹³	kut¹tʰeu¹¹	kuʔ⁵tʰəu⁰	kuʔ⁵tʰəɯ¹³	ku²¹⁴tʰə⁰	kwəʔ⁴dʏ¹³	kwəʔ²təu⁰	ky⁴²dɤu³⁴¹	ku²¹tʰou⁰	kut³²tʰau²⁴
BONE_3				kɔuʔ²⁴kɔuʔ²⁴															
BONE_4	ku²¹⁴			kɔuʔ²¹	kwɐt⁵				kwɤʔ³²								ky⁴¹		
BREAST_1	ʐu²¹⁴fɑŋ³⁵	y⁴¹fan¹³			y²³fɔŋ²¹	lai²³fɑŋ²²							lu¹¹fɑ̃¹³					vu⁵³fɑŋ²¹	
BREAST_2				nɛiŋ⁵³								lai²¹³			nɑ¹³nɑ¹³	nai⁵³	na²⁴		
BREAST_3							ʦa⁴⁴												
BREAST_4											nen⁵³ku³³								
BREAST_5		lai⁴¹ʦɹ̩⁰					nai²¹³ʦɹ̩⁰	nɛ⁴⁵ʦɹ̩⁰	lɔ³⁵ʦɹ̩⁰					nai²¹⁴ʦɹ̩⁰					
BREAST_6										la³⁵bu¹³									
BREAST_7			lai⁴⁵lai⁵⁵																
BREAST_8																			njæ⁵³jã⁵³
BREAST_9								ma²¹³ma⁰											
BREATHE_1	xu⁵⁵ɕi⁵⁵	fu³³ʨi²⁴	fu⁴⁵ɕi²¹	hu⁵⁵hɛiʔ²⁴	fu⁵⁵kʰɐp⁵		xu⁴⁴ɕi⁴⁴	xu²¹⁴ɕi²¹⁴				fu⁴²ɕit⁵	xu³¹ɕiʔ⁵				fu⁴⁴ɕjai⁴¹	xu²¹ɕi²¹	
BREATHE_2		ʨʰy²⁴ʨʰi⁵⁵				ʦʰwã²³ʨʰi²⁵			tʰi²¹³ʦʰɹ̩³⁵	ʨʰy¹³ʨʰi³⁵	tʰeu⁵³çi⁵³	ɕit⁵ʨʰi²⁴	ʈʂʰwɑ̃¹¹ʨʰi⁴⁴	ʈʂʰɐn²¹⁴cʰjə³³⁴	tʰʏ⁵²ʨʰi⁴¹²	ʦʰwəʔ²ʨʰi⁴⁵	tʰau²⁴²ʦʰɹ̩⁵¹		hɔ⁵⁵kʰi⁵³
BURN_1	ʂɑu⁵⁵	sau³³	sau⁴⁵	sjeu⁵⁵	sju⁵³	sɑu⁴²	ʂau⁴⁴	ʂɔ²¹⁴	ɕjo⁵⁵	ɕjɤ⁴⁴	sau³³	sɛu⁴²	sɔ³¹	ʂau⁵²	sæ⁴⁴	sau²¹	ɕjɛ⁴⁴	ʂɑu²¹	sjo⁵⁵
CHILD (YOUNG HUMAN)_1				nje⁵³jaŋ³²ŋo⁵⁵															
CHILD (YOUNG HUMAN)_10													wɑ¹³ə⁰						
CHILD (YOUNG HUMAN)_11			wa²¹wa²¹													ɕjau⁵³va²¹va²¹~va²¹va²¹			in⁵³na⁵³
CHILD (YOUNG HUMAN)_12			ʦai⁵³ʦai⁵³																
CHILD (YOUNG HUMAN)_13				ha⁵³i⁵³															
CHILD (YOUNG HUMAN)_14											se⁵³ŋin¹¹ne⁰								
CHILD (YOUNG HUMAN)_15																	sei⁵¹ŋ̍⁰		
CHILD (YOUNG HUMAN)_2		xai¹³ʦɹ̩⁰~ŋa¹³sɹ̩⁵⁵ʦɹ̩⁰				ɕi²⁵kwo⁰ʦe²³		xɛ⁵³ʦɹ̩⁰				ɕi⁴⁵ŋa⁰ʦɹ̩⁰	xɛ¹³ʦɹ̩⁰	xai³⁵ʦɹ̩⁰		xai²¹ʦəʔ⁰			
CHILD (YOUNG HUMAN)_3																		wɑ⁴⁴	
CHILD (YOUNG HUMAN)_4															sjæ⁵²ɲin¹³				
CHILD (YOUNG HUMAN)_5									sɹ̩³⁵jɑ̃⁴⁴ko⁵³										
CHILD (YOUNG HUMAN)_6	xɛ³⁵				hai²¹		ɕjau²¹³xa²⁴	xa⁵³				hai²⁴				xai²¹			
CHILD (YOUNG HUMAN)_7							ɕjau²¹³ka⁴⁴												
CHILD (YOUNG HUMAN)_8										ɕi³⁵ko⁰ʣe⁰									
CHILD (YOUNG HUMAN)_9																	mai⁴⁴mai⁴⁴		
CLAW_1		ʦau⁴¹ʦɹ̩⁰				ʦɑu²³ʦe²³	ʈʂwa²¹³ʦɹ̩⁰	ʈʂwa⁴⁵ʦɹ̩⁰	ʦɤ²¹³ʦɹ̩⁰	ʦɤ⁴²ʦɹ̩⁰		ʦwa²¹³ʦɹ̩⁰	ʦwɑ¹¹ʦɹ̩⁰	ʈʂwa²¹⁴ʦɹ̩⁰				pfɑ⁵³ʦɹ̩⁰	
CLAW_2	ʈʂwa̠²¹³	ʦau⁴¹	ʦwa⁵³ʦwa²¹	kʰa⁵⁵ʦau³²~ʦau³²	ʦau³⁵						ʦau³¹				ʨjɑʔ⁴ʦæ⁵²	ʦwa⁵³	ʨja⁴¹ʦwɔ²⁴²		
CLAW_3																			ɡɔ²²njãu⁵³liŋ²⁴
CLOUD_1	yn³⁵	yn¹³	yn²¹	huŋ⁵³	wɐn²¹	yŋ²²		ɥẽ⁵³	ɥɑ̃⁴⁴	un¹³	jun¹¹	yn²⁴	in¹³	yn⁵²	ɦɥən¹³	yŋ²¹	ɥoŋ³⁴¹	ɥẽ²⁴	hun²⁴
CLOUD_2							yn²⁴ʦʰai⁰												
COLD_1	ləŋ²¹⁴	lən⁴¹	nən⁵³		laŋ²³	lei²³	ləŋ²¹³	ləŋ⁴⁵	nẽ²¹³	njɔ̃⁴²	laŋ³³	laŋ²¹³	lən¹¹	ləŋ²¹⁴	la²³¹	ləŋ⁵³	ljɛ²⁴²	ləŋ⁵³	liŋ⁵³
COLD_2				tɔyŋ²¹²															
COLD_3				kaŋ⁵³															kwã²⁴
COLD_4				ʦʰiŋ²¹²															ʦʰin²¹
COME_1	lɛ³⁵	lai¹³	lai²¹	li³²	lɔi²¹	lai²²	lai²⁴	lɛ⁵³	na⁴⁴	le¹³	loi¹¹	lai⁴⁵	nɛ¹³	lai³⁵	le̞¹³	lai²¹	ʦau²⁴²lo⁰	lɛ²⁴	lai²⁴
CORRECT (RIGHT)_1	twei⁵¹	tei⁵⁵	twei²¹³		tøy³³	tei²⁵	twei⁵³	twei³¹	ta³⁵	twe³⁵	twi⁵³	twi⁴⁵	twei⁴⁴	tei³³⁴	te̞⁴¹²	twei⁴⁵	tai⁵¹	twei⁴⁴	twi²¹
CORRECT (RIGHT)_2				mo⁵³laŋ²⁴²															
COUNT_1	ʂu²¹³	səu⁴¹	su⁵³	sou²¹²	sou³⁵	su²⁵	ʂu²¹³	ʂu⁴⁵	su²¹³	sɤu⁴²	sɹ̩⁵³	su²¹³	su¹¹	ʃu³³⁴	səu⁵²	su⁵³		sou⁵³	sɔ²¹
COUNT_2																	ti²⁴		
CUT_1											sat¹								
CUT_2			ʦai⁵³																
CUT_3	kʰan²¹⁴	kʰan⁴¹	kʰan⁵³	kʰaŋ³²	hɐm³⁵	kʰã²³	kʰan²¹³	kʰæ̃⁴⁵				kʰan²¹³	kʰɑ̃¹¹	kʰɐn²¹⁴		kʰæ̃⁵³		kʰæ̃⁵³	kʰam⁵³
CUT_4									ʦoʔ³²	ʨjo³⁵									
CUT_5															ʦe̞⁴⁴				
CUT_6																	tɤu⁵¹		
CUT_7				ʦʰɔy²¹²															
DAY (NOT NIGHT)_1																	ne²¹		
DAY (NOT NIGHT)_2	tʰjɛn⁵⁵	tʰjẽ³³	tʰjɛn⁴⁵	tʰjeŋ⁵⁵	tʰin⁵³	tʰjã⁴²	tʰjan⁴⁴	tʰjæ̃²¹⁴	tʰẽ⁵⁵	tʰjæ⁴⁴	tʰjen³³	tʰjɛn⁴²	tʰjen³¹	tʰjɐn⁵²	tʰjɪ⁴⁴	tʰje²¹		tʰjæ̃²¹	tʰjæ⁵⁵
DIE_1		tan¹³sɹ̩⁵⁵lan¹³																	
DIE_2	sɹ̩²¹³	sɹ̩⁴¹	sɹ̩⁵³	si³²	sei³⁵	sɹ̩²³	sɹ̩²¹³	sɹ̩⁴⁵	sɹ̩²¹³	sɹ̩⁴²	sɹ̩³¹	sɹ̩²¹³	sɹ̩¹¹	sɹ̩²¹⁴	si⁵²	sɹ̩⁵³	sɹ̩²⁴²	sɹ̩⁵³	si⁵³
DIE_3		kwa³³																	
DIG_1	wa̠⁵⁵	wa²⁴	wa⁴⁵	waʔ²⁴	wat³	wa̠⁵⁵	wa⁴⁴	va²¹⁴	vaʔ³²	wa¹³	vat¹	wa⁴²	wɑ³¹	wa²¹³	waʔ⁴	va²¹		wɑ²¹	
DIG_2			pʰau²¹																
DIG_3			ʦwa²¹																
DIG_4																	lau⁴⁴		
DIG_5																			ɔ⁵³
DIRTY_1	ʦɑŋ⁵⁵	ʦan³³	ʦaŋ⁴⁵				ʦaŋ⁴⁴	ʦɑŋ²¹⁴				ʦɔŋ⁴²	ʦɑ̃³¹	ʦaŋ⁵²		ʦɒ̃²¹		ʦɑŋ²¹	
DIRTY_10				ouʔ⁵ʦʰwoʔ²⁴															
DIRTY_11																			lau²⁴sjɔŋ²⁴
DIRTY_12											me⁵³								
DIRTY_13									voʔ³²lo³¹										
DIRTY_2							mai²⁴tʰai⁰												
DIRTY_3		la²⁴tʰa²⁴	la²¹tʰa²¹			la̠⁵⁵tʰa̠²¹													
DIRTY_4			nəu²¹səu⁵⁵																
DIRTY_5															oʔ⁴ʦʰoʔ⁴				
DIRTY_6					u⁵⁵ʦou⁵³												ə⁴⁴ʦə⁴⁴		
DIRTY_7										pʰa³⁵la¹¹									
DIRTY_8												ŋa⁴²ʦa⁰							
DIRTY_9				la⁵⁵ʦʰa⁵⁵															
DOG_1	kou²¹⁴	kəu⁴¹	kəu⁵³		kɐu³⁵	kai²³	kou²¹³	kou⁴⁵	ki²¹³	tjɤ⁴²	keu³¹	kjɛu²¹³	kəɯ¹¹	kou²¹³	kʏ⁵²	kəu⁵³	kau²⁴²	kou⁵³	kau⁵³
DOG_2				kʰɛiŋ³²															
DOG_3				kʰɛiŋ³²ŋjaŋ³²															
DRINK_1		ʨʰja²⁴								ʨʰjɔ¹³					ʨʰjəʔ⁴				
DRINK_2				sjøʔ⁵							sət⁵								
DRINK_3					jɐm³⁵														
DRINK_4	xɤ⁵⁵	xo²⁴	xo⁴⁵			xwo⁵⁵	xɤ⁴⁴	xɤ²¹⁴	xɤ⁵⁵			hot²	xoʔ⁵	xa²¹⁴		xəʔ²	ha⁴¹	xwo²¹	
DRINK_5															haʔ⁴				
DRINK_6				ʦʰwoʔ²⁴															
DRINK_7																			lim⁵⁵
DRY_1	kan⁵⁵	kan³³	kan⁴⁵	kaŋ⁵⁵	kɔn⁵³	kã²³	kan⁴⁴	kæ̃²¹⁴	kɔ⁵⁵	kã⁴⁴	kon³³	kon⁴²	kɑ̃³¹	kɐn³³⁴	kø⁴⁴	kæ̃²¹	ky⁴⁴	kæ̃²¹	
DRY_2																	sə⁵¹		
DRY_3				ta⁵⁵															ta⁵⁵
DUST_1			ʦa⁴⁵ʦɹ̩⁵³																
DUST_2	ʈʂʰən³⁵tʰu²¹⁴						ʈʂʰən²⁴tʰu²¹³		ʨʰjɑ̃⁴⁴tʰu²¹³			ʦʰɛn²⁴tʰu²¹³				ʦʰəŋ²¹tʰu⁵³		ʈʂʰẽ²⁴tʰou⁵³	
DUST_3		fei³³ʦən¹³		uŋ⁵⁵niŋ⁵³	fwi⁵³ʦʰɐn²¹	fei⁴²ʦɤn²²			fa⁵⁵ʨʰjɑ̃⁴⁴		ʦʰən¹¹	fɨi⁴²ʦʰɛn⁰	xwei³¹ʦʰən¹³		hwe̞⁴⁴zən¹³	xwei²¹ʦʰəŋ²¹	baŋ³⁴¹ʣaŋ³⁴¹	ʈʂʰẽ²⁴~xwei²¹ʈʂʰẽ²⁴	
DUST_4								tʰu⁴⁵la⁰											
DUST_5										xwe⁴⁴			xwei³¹	xwei⁵²					
DUST_6																			tʰɔ²⁴hun⁵³
DUST_7			ʦa⁴⁵ʦa⁵⁵																
EARTH (SOIL)_1															di²³¹bi¹³				
EARTH (SOIL)_2	tʰu²¹³ti⁵¹	tʰəu⁴¹ti¹¹	tʰu⁵³ti²¹³~ti²¹³	tʰu⁵³lɛi²⁴²	tʰou³⁵tei²²	tʰu²³ti²¹	tʰu²¹³ti⁵³	tʰu⁴⁵ti³¹	ʦʰɹ̩³¹~tʰu²¹³ʦʰɹ̩³¹	tʰɤu⁴²di¹¹~di¹¹	tʰu³¹tʰi⁵³	tʰu²¹³tʰi⁴²	ti⁴⁴~tʰu¹¹ti⁴⁴	tʰu²¹³ti³³⁴	tʰəu⁵²di²³¹	tʰu⁵³ti⁴⁵~ti⁴⁵	tʰøy²⁴²dei²²	tʰou⁵³ti⁴⁴~ti⁴⁴	tʰɔ⁵³twe²²
EAR_1	ə²¹⁴	ə⁴¹	ə⁵³	ŋɛi²⁴²												ə⁵³		ə⁵³	
EAR_2		ə⁴¹to⁰	ə⁵³to⁵⁵			y²³tu²³	ə²¹³two⁰	ə⁴⁵twɤ⁰	ẽ²¹³tɵ²¹³	ɤ⁴²tɤ⁰		ɵ²¹³tɔ⁰	ə¹¹to⁴⁴	ə²¹⁴tə⁰	ɲ²³¹təu⁵²	ə⁵³twɤ⁰	ŋ̍²⁴to²⁴²	ə⁵³two⁰	
EAR_3																			hi²²ja⁵³
EAR_4											ŋi³¹kuŋ³³								
EAR_5					i²³ʦɐi³⁵														
EAT_1	ʈʂʰɻ̩⁵⁵		ʦʰɹ̩²¹			ʨʰi⁵⁵	ʈʂʰɻ̩⁴⁴	ʈʂʰɻ̩²¹⁴	ʨʰjeʔ³²				ʈʂʰɻ̩ʔ⁵			ʦʰəʔ²	ʦʰɹ̩⁴¹	ʈʂʰɻ̩²¹	
EAT_2														tai²¹⁴					
EAT_3		ʨʰja²⁴								ʨʰjɔ¹³		ʨʰjaʔ⁵			ʨʰjəʔ⁴				
EAT_4				sjeʔ⁵	sek²						sət⁵								ʦjaʔ⁵
EGG_1									ʦɹ̩⁵⁵ʦɹ̩²¹³										
EGG_2	ʨi⁵⁵tan⁵¹	ʨi³³tan¹¹	ʨi⁴⁵tan²¹³		kɐi⁵³tan²²	ʨi⁴²tã²¹	ʨi⁴⁴tan⁵³	ʨi²¹⁴tæ̃⁴¹		ʨi⁴⁴dã¹¹	ke³³lon³¹	ʨʰi⁴²tʰan²¹	ʨi³¹tɑ̃⁴⁴	ci⁵²tɐn²¹⁴	ʨi⁴⁴de̞²³¹	ʨi²¹tæ̃⁴⁵	ʦɹ̩⁴⁴laŋ²⁴	ʨi²¹tæ̃⁰	
EGG_3				kje⁵⁵lɔuŋ²⁴²															kwe⁵⁵nŋ̍²²
EYE_1							jan²¹³									je⁵³			
EYE_2	jɛn²¹³ʨiŋ⁵⁵	ŋan⁴¹ʨin⁰	jɛn⁵³ʨin⁵⁵		ŋan²³ʦɛŋ⁵⁵	ŋã²³ʦei⁴²	jan²¹³ʨiŋ⁰	jæ̃⁴⁵ʨiŋ⁰	ŋo²¹³ʨjɑ̃⁵⁵			ŋan²¹³ʨjaŋ⁰	jen¹¹ʨin⁰	jɐn²¹⁴ʦiŋ⁵²		je⁵³ʨiŋ⁰			
EYE_3																		njæ̃⁵³wo⁰	
EYE_4										ŋã⁴²ʨy⁴⁴	ŋjan³¹ʦu³³				ŋe̞²³¹u⁴⁴ʦɻ̩ʷ⁴⁴		ŋa²⁴leŋ³⁴¹ʦɹ̩⁴⁴		bak⁵ʦju⁵⁵
EYE_5				mɛiʔ⁵ʦjeu⁵⁵															
FALL_1	tjɑu⁵¹	tjau¹¹	tjau²¹³			tjɑu²⁵	tjau⁵³	tjɔ³¹				tjɛt⁵	tjɔ⁴⁴	tjau³³⁴		tjau⁴⁵		tjɑu⁴⁴	
FALL_2									tjaʔ³²							tjəʔ²			
FALL_3			lo²¹		lɔk²				noʔ³²		lok⁵					laʔ²		lwo²¹	lak³²
FALL_4															dəʔ²³				
FALL_5																	daŋ²²		
FALL_6										swa¹³									
FALL_7				tɔuŋ²⁴²															
FAR_1	ɥɛn²¹³	ɥẽ⁴¹	ɥan⁵³	hwoŋ²⁴²	yn²³	ɥã²³	ɥan²¹³	ɥæ̃⁴⁵	ɥẽ²¹³	wĩ⁴²	jan³¹	ɥon²¹³	ɥen¹¹	ɥɐn²¹⁴	ɦjø²³¹	ɥe⁵³	ju²⁴	ɥæ̃⁵³	wan⁵³
FAT (ORGANIC SUBSTANCE)_1															ʦɑ̃⁴¹²ɲjoʔ²³				
FAT (ORGANIC SUBSTANCE)_2										ɣwi¹³nio³⁵ʦɹ̩⁰									
FAT (ORGANIC SUBSTANCE)_3				jeu⁵³ʒje⁵⁵															
FAT (ORGANIC SUBSTANCE)_4	ʈʂɻ̩²¹³fɑŋ³⁵	ʦɹ̩³³fan¹³					ʈʂɻ̩²¹³faŋ²⁴	ʈʂɻ̩²¹⁴fɑŋ⁴⁵	ʦɹ̩²¹³xõ⁴⁴			ʦɹ̩²¹³faŋ²¹	ʈʂɻ̩¹¹fɑ̃¹³	ʈʂɻ̩²¹⁴faŋ³⁵		ʦɹ̩⁵³fɒ̃⁰	ʦɹ̩⁴⁴hwɔ⁴⁴	ʦɹ̩²¹fɑŋ²⁴	
FAT (ORGANIC SUBSTANCE)_5			jəu²¹			pã²³jou²²			jɵ⁴⁴		ju¹¹	ju⁴⁵	jəɯ¹³			jəu²¹		jou²⁴	
FAT (ORGANIC SUBSTANCE)_6					kou⁵³														
FATHER_1																lau⁵³ʦəʔ⁰			
FATHER_10						mã⁵⁵													
FATHER_11		tje³³tje⁰								te⁴⁴te⁰					tjɑ⁴⁴tjɑ⁴⁴				
FATHER_12		ja¹³ja⁰																	
FATHER_13	pa̠⁵¹pa̠⁰		pa²¹³pa²¹³						paʔ³²paʔ⁰							pa⁴⁵pa⁰			
FATHER_2				i⁵⁵je⁵³						jɔ¹³		ja⁴⁵			ɦjɑ¹³				
FATHER_3				i⁵⁵pa⁵⁵			pa⁵³				a³³pa³³						a⁴¹pa⁴⁴	pɑ⁴⁴	lau²²pe²²
FATHER_4		ja¹³lau⁴¹kõ³³								jɔ¹³lɤ⁴²kwẽ⁰									
FATHER_5	fu⁵¹				fu²³							fu²¹				fu⁴⁵		fu⁴⁴	
FATHER_6				i⁵⁵tje⁵⁵			tjɛ⁴⁴						tje³¹	tjɛ⁵²					
FATHER_7								fu³¹ʨʰjẽ⁰	fu³¹ʨʰjɑ̃⁵⁵				fu⁴⁴ʨʰin⁴⁴			fu⁴⁵ʨʰiŋ²¹		fu⁴⁴ʨʰiŋ	
FATHER_8																		tɑ²⁴	
FATHER_9				louŋ⁵³ma²⁴²															
FEAR (BE AFRAID)_1	pʰa̠⁵¹	pʰa⁵⁵	pʰa²¹³		pʰa³³	pʰa̠²⁵	pʰa⁵³	pʰa³¹	pʰo³⁵	pʰɔ³⁵	pʰa⁵³	pʰa²¹³	pʰɑ⁴⁴	pʰa³³⁴	pʰo⁴¹²	pʰa⁴⁵		pʰɑ⁴⁴	
FEAR (BE AFRAID)_2			ʦʰa²¹³																
FEAR (BE AFRAID)_3																	ho⁴¹		
FEAR (BE AFRAID)_4											vi⁵³								
FEAR (BE AFRAID)_5				kjaŋ⁵⁵							kjaŋ⁴⁴								kjã⁵⁵
FEATHER_1	y²¹³mɑu³⁵	y⁴¹mau¹³	y⁵³mau²¹	y³²mau⁵³	y²³mou²¹	mɑu²²	y²¹³mau²⁴	y⁴⁵mɔ⁵³~mɔ⁵³	y²¹³mɤ⁴⁴~mɤ⁴⁴	y⁴²mɤ¹³	i³³mau³³	y²¹³mau⁴⁵	i¹¹mɔ¹³	y²¹³mɔ⁵²	y⁴⁴mæ¹³~mæ¹³	y⁵³mau²¹	vu²⁴mə³⁴¹~mə³⁴¹	mɑu²⁴	sit⁵mŋ̍²⁴
FEATHER_2				mau⁵³mau⁵³															
FEW_1	ʂɑu⁵¹	sau⁴¹	sau⁵³	ʦjeu³²	sju³⁵	sɑu²³	ʂau²¹³	ʂɔ⁴⁵	ɕje²¹³	ɕjɤ⁴²	sau³¹	sɛu²¹³	sɔ¹¹	ʂau³³⁴	sæ⁵²	sau⁵³	ɕjɛ²⁴²	ʂɑu⁵³	ʦjo⁵³
FEW_2			kwa⁵³																
FIGHT_1															tã⁵²sjã⁴⁴tã⁵²		tøy²⁴²tjɛ²⁴²		
FIGHT_2																	tjə²⁴²ʦʰɹ̩⁰		
FIGHT_3				souŋ⁵⁵pʰaʔ²¹															sio⁵⁵pʰaʔ³²
FIGHT_4	tɑ²¹⁴ʨjɑ⁵¹	ta⁴¹ʨja⁵⁵	ta⁵³ʨja²¹³		ta³⁵kau⁵⁵	tɑ²³kɑ²⁵	ta²¹³ʨja⁵³	ta⁴⁵ʨja²¹	tɔ²¹³ko³⁵	ta⁴²ʨjɔ³⁵		ta²¹³ka⁴⁵	tɑ¹¹ʨjɑ⁴⁴			ta⁵³ʨja⁴⁵			
FIGHT_5							ta²¹³ʈʂaŋ⁵³~kan⁵³ʈʂaŋ⁵³							ta²¹⁴ʈʂaŋ³³⁴					
FIGHT_6																		tɑ⁵³pfʰei²⁴	
FIGHT_7			ta⁵³ʦʰwei²¹																
FIGHT_8			ko²¹ɲje²¹																
FIGHT_9											ta³¹kau³³e⁰								
FIRE_1	xwo²¹⁴	xo⁴¹	xo⁵³	hwoi³²	fɔ³⁵	xwo²³	xwo²¹³	xwɤ⁴⁵	xɵ²¹³	xo⁴²	fo³¹	fo²¹³	xo¹¹	xwɔ²¹⁴	həu⁵²	xwɤ⁵³	fu²⁴²	xwo⁵³	he⁵³
FISH_1	y³⁵	y¹³	y²¹	ŋy⁵³	y²¹		y²⁴	y⁵³	ɲy⁴⁴	y¹³	nn̩¹¹	ɲje⁴⁵	ɥi¹³	y⁵²	ŋ̍¹³	y²¹	ŋøy³⁴¹	y²⁴	hi²⁴
FISH_2						ŋ̍t²³sɹ̩⁰te³³													
FIVE_1	u²¹³	u⁴¹	u⁵³	ŋou²⁴²	ŋ̍²³	ŋ̍²³	u²¹³	u⁴⁵	vu²¹³	u⁴²	n̩³¹	ŋ̍²¹³	u¹¹	u²¹⁴	ŋ̍²³¹	u⁵³	ŋ̍²⁴	u⁵³	ɡɔ²²
FLESH_1	ʐou⁵¹	ʐəu²⁴	zəu²¹³	nyʔ⁵	ik²	jou⁵⁵	ʐou⁵³	ʐou³¹	ɲɥoʔ³²	nio³⁵	ŋjuk¹	ɲjuʔ⁵	ʐəɯ⁴⁴	jou³³⁴	ɲjoʔ²³	zəu⁴⁵	ɲjeu²¹	ʐou⁴⁴	
FLESH_2																			baʔ³²
FLOAT_1			pʰjau⁴⁵							bɤ¹³		pʰjɛu⁴²	pjɔ³¹			pʰjɑu²¹		pʰjau²¹	
FLOAT_2	pʰjɑu⁵⁵fu³⁵	pʰjau³³fu⁰			pʰju⁵³fɐu²¹		pʰjau⁴⁴fu²⁴	pʰjɔ²¹⁴fu⁵³	fu⁴⁴~pʰje⁵⁵fu⁴⁴		feu¹¹	fəu⁴⁵~pʰjɛu⁴²fɛu⁴⁵	pʰjɔ³¹fu¹³~fu¹³	pʰjau⁵²fu³⁵			və³⁴¹	fu²⁴	pʰu²⁴
FLOAT_3															tʰən⁵²		taŋ⁵¹		
FLOAT_4						fu²²tɑu²³													
FLOAT_5				pʰjeu⁵⁵lɛ³²~pʰu⁵³lɛ³²															
FLOWER_1	xwa⁵⁵	fa³³	xwa⁴⁵	hwa⁵⁵	fa⁵⁵	fa̠⁴²	xwa⁴⁴	xwa²¹⁴		xɔ⁴⁴		fa⁴⁵	xwɑ³¹	xwa⁵²	ho⁴⁴	xwa²¹	ho⁴⁴	xwɑ²¹	hwe⁵⁵
FLOWER_2																			hwe⁵⁵ja⁵³
FLOWER_3									xo⁵⁵nn̩⁰										
FLOWER_4											fa³³ve⁰								
FLOWING BODY OF WATER_1	xɤ³⁵	xo¹³	xo²¹	o⁵³	hɔ²¹	xwo²²	xɤ²⁴	xɤ⁵³	xɵ⁴⁴	ɣo¹³	ho¹¹	ho²⁴	xo¹³	xwɔ³⁵	ɦəu¹³	xɤ²¹	vu³⁴¹	xwo²⁴	kʰwe⁵⁵
FLOW_1	ljou³⁵	ljəu¹³	ljəu²¹	lau⁵³	lɐu²¹	ljou²²	ljou²⁴	ljou⁵³	ni⁴⁴	ljo¹³	lju¹¹	lju⁴⁵	ɲjəɯ¹³	ljou³⁵		ljəu²¹	lɤu³⁴¹	ljou²⁴	lau²⁴
FLOW_2													tʰɑ̃¹¹		tʰɑ̃⁵²				
FLY (MOVE THROUGH AIR)_1	fei⁵⁵	fei³³	fei⁴⁵	pwoi⁵⁵	fei⁵³	fei⁴²	fei⁴⁴	fei²¹⁴	fi⁵⁵	xwi⁴⁴	fi³³	fɨi⁴²	fei³¹	fe⁵²	fi⁴⁴	fei²¹	fei⁴⁴	fei²¹	pe⁵⁵
FOG_1		ʦau⁵⁵ʦɹ̩⁰																	
FOG_2	u⁵¹		u²¹³	mwo⁵³	mou²²		u⁵³	u³¹	vu³¹	u¹¹		u²¹	u⁴⁴	u³³⁴		u⁴⁵		vu⁴⁴	bu²²
FOG_3															mi¹³ləu²³¹				
FOG_4																	mø²²		
FOG_5											muŋ¹¹sa³³								
FOG_6						u²¹ʨʰi⁴²													
FOOT_1							ʨjau²¹³ja⁴⁴ʦɹ̩⁰												
FOOT_2	ʨjɑu²¹⁴	ʨjo²⁴			kœk³		ʨjau²¹³	ʨɥɤ²¹⁴	ʨɥoʔ³²	djo¹³	kjok¹	ʨjoʔ⁵	ʨjoʔ⁵	cɥɔ²¹⁴	ʨjɑʔ⁴	ʨjau⁵³	ʨja⁴¹	ʨɥo²¹	
FOOT_3				kʰa⁵⁵															kʰa⁵⁵
FOOT_4			ʨɥo²¹pə⁵³																
FOOT_5						ɕy⁵⁵te²²													
FOREST_1	sən⁵⁵lin³⁵	sən³³lin¹³	sən⁴⁵ɲin²¹	ʦʰjeu²¹²liŋ⁵³	sɐm⁵³lɐm²¹	ɕy²¹liŋ²²	sən⁴⁴lin²⁴		sɑ̃⁴⁴njɑ̃⁴⁴~ɕy³¹njɑ̃⁴⁴	sẽ⁴⁴lin¹³	sem³³lim¹¹	sɛn⁴²lin⁴⁵~su²¹lin⁴⁵	su⁴⁴lin¹³~sən³¹nin¹³		zɻ̩ʷ²³¹lin¹³	səŋ²¹liŋ²¹	saŋ⁴⁴leŋ³⁴¹~zɹ̩²²leŋ³⁴¹	sẽ²¹ljẽ²⁴	ʦʰju²²lim²⁴
FOREST_2								ʂu²¹³ljẽ⁵³ʦɹ̩⁰						lin³⁵sɹ̩⁰					
FOUR_1	sɹ̩⁵¹	sɹ̩⁵⁵	sɹ̩²¹³	sɛi²¹²	sei³³	sɹ̩²⁵	sɹ̩⁵³	sɹ̩³¹	sɹ̩³⁵	sɹ̩³⁵	si⁵³	sɹ̩⁴⁵	sɹ̩⁴⁴	sɹ̩³³⁴	sɹ̩⁴¹²	sɹ̩⁴⁵	sɹ̩⁵¹	sɹ̩⁴⁴	si²¹
FREEZE_1		ɕja¹¹lin¹³																	
FREEZE_2										ʨʰjɔ⁴²kɤ³⁵									
FREEZE_3	ʨjɛ³⁵piŋ⁵⁵	ʨje²⁴pin³³	ʨje²¹pin⁴⁵	kjeʔ⁵piŋ⁵⁵	kit³eŋ⁵⁵	ʨje⁵⁵pi⁴²	tuŋ⁵³piŋ⁴⁴	ʨjə²¹⁴piŋ²¹⁴	ʨjaʔ³²pjɑ̃⁵⁵		ket¹pen³³	ʨjɛt⁵pin⁴²	ʨjeʔ⁵pin³¹	cjɛ²¹⁴piŋ⁵²	ʨjəʔ⁴pin⁴⁴	ʨjəʔ²piŋ²¹	ʨi⁴¹peŋ⁴⁴	ʨjɛ²¹piŋ²¹	kjat³²piŋ⁵⁵
FREEZE_4		kəu⁵⁵lin¹³																	
FRUIT_1	ʂwei²¹⁴kwo²¹³	ɕɥei⁴¹ko⁴¹	swei⁵³ko⁵³		søy³⁵kɥɔ³⁵	swei²³kwo²³	ʂwei²¹³kwo²¹³	ʂwei⁴⁵kwɤ⁴⁵	ɕy²¹³kɵ²¹³		swi³¹kwo³¹	swi²¹³kwo²¹³	swei¹¹ko¹¹		sɻ̩ʷ⁵²kəu⁵²	swei⁵³kwo⁵³	sɹ̩²⁴ku²⁴²	fei⁵³kwo⁰	ʦwi⁵³ko⁵³
FRUIT_2				kwo³²ʒi³²						ko⁴²ʦɹ̩⁰									
FRUIT_3														kɔ²¹³mən⁰					
FULL_1				ko²¹²louŋ⁵³															
FULL_2	man²¹⁴	mõ⁴¹	man⁵³	mwaŋ³²	mun²³	mã²³	man²¹³	mæ̃⁴⁵	mɑ̃²¹³	mẽ⁴²	man³³	mon²¹³	mɑ̃¹¹	mɐn²¹⁴	mø²³¹	mæ̃⁵³	mø²⁴²	mæ̃⁵³	mwã⁵³
FULL_3			pau²¹³																
GIVE_1		pa⁴¹										pa²¹³							
GIVE_10									xɑ̃³⁵										
GIVE_2	kei²¹⁴		ke⁴⁵		kʰɐp⁵		kei²¹³	ʨi⁵³			kip¹	kei²¹³	ʨi¹¹	kei²¹⁴		kei⁵³		kei⁵³	
GIVE_3															pəʔ⁴				
GIVE_4																	ha⁵¹		
GIVE_5										nɔ⁴⁴sɹ̩³⁵									
GIVE_6				kʰøyʔ²⁴															
GIVE_7				kɔyŋ⁵⁵															
GIVE_8																			ho²²
GIVE_9						tja̠⁵⁵													
GOOD_1	xɑu²¹⁴	xau⁴¹	xau⁵³	ho³²	hou³⁵	xɑu²³	xau²¹³	xɔ⁴⁵	xɤ²¹³	xɤ³⁵	hau³¹	hau²¹³	xɔ¹¹		hæ⁵²	xau⁵³	hə²⁴	xɑu⁵³	ho⁵³
GOOD_2							tai⁵³ʨiŋ⁵³												
GOOD_3							pu⁵³lai⁵³												
GOOD_4														pu²¹⁴ʦʰau³³⁴					
GRASS_1	ʦʰau²¹⁴	ʦʰau⁴¹	ʦʰau⁵³	ʦʰau³²	ʦʰou³⁵	ʦʰɑu²³	ʦʰau²¹³	ʦʰɔ⁴⁵	ʦʰɤ²¹³	ʦʰɤ⁴²	ʦʰau³¹	ʦʰau²¹³	ʦʰɔ¹¹	ʦʰau²¹⁴	ʦʰæ⁵²	ʦʰau⁵³	ʦʰə²⁴²	ʦʰɑu⁵³	ʦʰau⁵³
GREEN_1	ly⁵¹	ləu²⁴	nu²¹	lwoʔ⁵	lok²	ljou⁵⁵	ly⁵³	ly³¹	nɤʔ²³	lɤu³⁵	ljuk⁵	ljuʔ⁵	luʔ⁵	ly²¹⁴	loʔ²³	ly⁴⁵	lo²¹	ljou²¹	lik⁵
GUTS_1	ʈʂʰɑŋ³⁵ʦɹ̩⁰	ʦan¹³ʦɹ̩⁰	ʦʰaŋ²¹ʦɹ̩⁵³			ʦɑŋ²²ʦe²³	ʈʂʰaŋ²⁴ʦɹ̩⁰	ʈʂʰɑŋ⁵³ʦɹ̩⁰				ʦʰɔŋ²⁴ʦɹ̩⁰	ʦʰɑ̃¹³ʦɹ̩⁰	ʈʂaŋ³⁵ʦɹ̩⁰		ʦʰɒ̃²¹ʦəʔ⁰		ʈʂʰɑŋ²⁴ʦɹ̩⁰	
GUTS_2				twoŋ⁵³	ʦʰœŋ²¹				ʨʰjõ⁵⁵	tʰɔŋ¹³								ʈʂʰɑŋ²⁴	
GUTS_3											ʦʰoŋ¹¹ŋe⁰								
GUTS_4																			tŋ̍²⁴ŋa⁵³
GUTS_5																	døy²⁴ʥi³⁴¹		
GUTS_6															dəu²³¹ã¹³				
HAIR (HEAD)_1	tʰou³⁵fa̠⁵¹	təu¹³fa²⁴	tʰəu²¹fa²¹	tʰau⁵³woʔ²⁴	tʰɐu²¹fat³		tʰou²⁴fa⁰	tʰou⁵³fa⁰	tʰi⁴⁴faʔ³²	djɤ¹³xɔ⁰	tʰeu¹¹na¹¹mau³³	tʰɛu²⁴fat⁰	tʰəɯ¹³fɑʔ⁵	tou³⁵fa⁰	dʏ¹³faʔ⁴	tʰəu²¹faʔ²	dɤu³⁴¹ho⁴¹	tʰou²⁴fɑ⁰	
HAIR (HEAD)_2						tai²²mau²²			tʰi⁴⁴mɤ⁴⁴										tʰau²⁴mŋ̍²⁴
HAND_1	ʂou²¹³	səu⁴¹	səu⁵³	ʦʰjeu³²	sɐu³⁵	sou²³	ʂou²¹³	ʂou⁴⁵	si²¹³	ɕio⁴²	su³¹	ɕju²¹³	səɯ¹¹	ʂou²¹⁴	sʏ⁵²	səu⁵³	ɕjeu²⁴	ʂou⁵³	ʦʰju⁵³
HAND_2		səu⁴¹pa⁵⁵ʦɹ̩⁰																	
HEAD_1																təʔ²lau⁵³			
HEAD_2		lau⁴¹kʰo⁰																	tʰau²⁴kʰak³²
HEAD_3											tʰeu¹¹na¹¹								
HEAD_4																		sɑ²⁴	
HEAD_5	tʰou³⁵	təu¹³	tʰəu²¹	tʰau⁵³	tʰɐu²¹	tai²²	tʰou²⁴	tʰou⁵³	tʰi⁴⁴	djɤ¹³		tʰɛu²⁴	tʰəɯ¹³	tou³⁵	dʏ¹³	tʰəu²¹	dɤu³⁴¹	tʰou²⁴	
HEART_1	ɕin⁵⁵	ɕin³³	ɕin⁴⁵~ɕin⁴⁵	siŋ⁵⁵	sɐm⁵⁵	ɕiŋ⁴²	ɕin⁴⁴	ɕjẽ²¹⁴	ɕjɑ̃⁵⁵	ɕin⁴⁴~ɣwẽ¹³ɕin⁴⁴	sim³³	ɕin⁴²	ɕin³¹	sin⁵²	sin⁴⁴	ɕin²¹	saŋ⁴⁴	ɕjẽ²¹	sim⁵⁵
HEART_2	ɕin⁵⁵ʦɑŋ⁵¹	ɕin³³ʦan¹¹		siŋ⁵⁵ŋouŋ²⁴²	sɐm⁵³ʦɔŋ²²	ɕiŋ⁴²ʦɑŋ²¹	ɕin⁴⁴ʦaŋ⁵³	ɕjẽ²¹³ʦɑŋ²¹	ɕjɑ̃⁵⁵ʦʰɔ³¹		sim³³ʦʰoŋ⁵³	ɕin⁴²ʦɔŋ⁴²	ɕin³¹ʦɑ̃⁴⁴	sin⁵²ʦaŋ³³⁴	sin⁴⁴zɑ̃⁴⁴	ɕin²¹ʦɒ̃⁴⁵	saŋ⁴⁴zwɔ²²	ɕjẽ²¹ʦɑŋ⁴⁴	sim⁵⁵ʦɔŋ²²
HEAR_1											tʰaŋ³³								
HEAR_2	tʰiŋ⁵⁵ʨjɛn⁵¹	tʰin³³ʨjẽ⁵⁵		tʰjaŋ⁵⁵ŋjeŋ²¹²	tʰɛŋ⁵³kin³³	tʰei⁴²ʨjã²⁵	tʰiŋ⁴⁴ʨjan⁵³	tʰiŋ²¹³ʨjæ̃⁰	tʰjɑ̃³⁵ʨjẽ³⁵	tʰjɔ̃⁴⁴ʨjæ³⁵		tʰjaŋ⁴²ʨjɛn⁴⁵	tʰin⁴⁴ʨjen⁴⁴	tʰiŋ⁵²cjɐn³³⁴	tʰin⁴⁴ʨjɪ⁴¹²	tʰiŋ²¹ʨje⁴⁵		tʰiŋ²¹ʨjæ̃⁰	
HEAR_3			tʰin⁴⁵tau⁵³																
HEAR_4																	tʰeŋʥja²¹		tʰjã⁵⁵tjo⁰
HEAVY_1	ʈʂuŋ⁵¹	ʦən¹¹	ʦoŋ²¹³	tɔyŋ²⁴²	ʦoŋ²²	ʦwɤŋ²³	ʦuŋ⁵³	ʈʂuŋ³¹	ʦʰɑ̃²¹³	dɤn¹¹	ʦʰuŋ⁵³	ʦʰuŋ²¹	ʦoŋ⁴⁴	ʈʂoŋ³³⁴	zoŋ²³¹	ʦuŋ⁴⁵	ʥɥɔ²⁴	pfəŋ⁴⁴	taŋ²²
HERE_1					li⁵³tou³³														
HERE_10											e³¹je⁰								
HERE_2			ʦə²¹³				ʈʂɤ⁵³											ʈʂɤ⁵³	
HERE_3							ʈʂɤ⁵³ka⁴⁴												
HERE_4			ʦe²¹³kə⁵⁵ti²¹³fa			i²⁵kwo⁵⁵ti²¹fɑŋ²²													
HERE_5													ʈʂe⁴⁴kʰwɛ⁴⁴						
HERE_6									nn̩²¹³taʔ³²						ke̞⁴⁴taʔ⁰				
HERE_7																			ʦit³²te²¹
HERE_8	ʈʂɤ⁵¹li²¹³	ko²⁴li⁰		ʦi³²lje³²			ʈʂɤ⁵³li⁰	ʈʂɤ³¹li⁰				ko²¹³li⁰		ʧɛ³³⁴li²¹⁴		ʦəʔ²li⁵³	ki⁴¹lei⁴⁴		
HERE_9										ʦɹ̩³⁵ta³⁵li⁰ɣɔ¹									
HE_1				i⁵⁵nøyŋ⁵³															
HE_2	tʰa̠⁵⁵	tʰa³³	tʰa⁴⁵			tʰa̠⁴²	tʰa⁴⁴	tʰa⁴⁵		tʰɔ⁴⁴			tʰɑ³¹	tʰa⁵²		tʰa²¹		tʰɑ²¹	
HE_3									ki⁴⁴			ʨje²⁴					ɡei³⁴¹		
HE_4															li⁴⁴				
HE_5					kʰøy²³						ki¹¹								
HE_6				i⁵⁵															i⁵⁵
HOLD OR TAKE_1			tai²¹																
HOLD OR TAKE_10																	to²⁴²		
HOLD OR TAKE_2	na̠³⁵	la¹³					na²⁴	na⁵³		nɔ⁴⁴	na³³	la⁴⁵	lɑ¹³	na⁵²	no¹³	na²¹		nɑ²⁴	
HOLD OR TAKE_3						kei²²													
HOLD OR TAKE_4									tɔ⁵⁵										
HOLD OR TAKE_5												laʔ⁵							
HOLD OR TAKE_6					lɔ³⁵														
HOLD OR TAKE_7				njeŋ⁵⁵															
HOLD OR TAKE_8				to⁵³															
HOLD OR TAKE_9																			tʰeʔ⁵
HORN (ANATOMY)_1	ʨjɑu²¹⁴	ʨjo²⁴			kɔk³	kɑu⁵⁵	ʨjau²¹³	ʨɥɤ²¹⁴	koʔ³²	ko¹³		kɔʔ⁵	koʔ⁵	cɥɔ²¹⁴	koʔ⁴	ʨɥəʔ²	ko⁴¹	ʨɥo²¹	kak³²
HORN (ANATOMY)_2			ʨɥo²¹ʨɥo²¹	køyʔ²⁴koyʔ²⁴															
HORN (ANATOMY)_3									ʨɥoʔ³²nn̩⁰										
HORN (ANATOMY)_4											kok¹ve⁰								
HOT_1	ʐɤ⁵¹	ɥe²⁴	ze²¹	jeʔ⁵	it²	lje⁵⁵	ʐy⁵³	ʐy³¹	ɲjaʔ³²	je¹³	sau³³	lɛt⁵	ʐeʔ⁵	jɛ²¹⁴	ɲjɛʔ²³	zəʔ²	ɲi²¹	ʐɤ²¹	ljat⁵
HOW_1		o¹³sɹ̩⁰																	
HOW_10															nəʔ²³hã⁴⁴				
HOW_11											ŋjoŋ⁵³pan³³								
HOW_12				ʦwoŋ⁵⁵ŋi⁵³															
HOW_13			laŋ⁴⁵ko²¹³~ʦa²¹ko²¹³							mɔ¹³kɔ⁰									
HOW_2						y²²xwo²²													
HOW_3																ʦaʔ²ti⁴⁵			
HOW_4																	ʦɹ̩²⁴²na²⁴		
HOW_5							ʦa²¹³t⁰												
HOW_6							ʦa²¹³												
HOW_7	ʦən²¹³mə⁰	ʦən⁴¹mo²⁴					ʦən²¹³mɤ⁰	ʦẽ⁴⁵mə⁰						ʦən²¹³mə⁰					
HOW_8				ʦwoŋ⁵⁵ŋɥoŋ²⁴²	tim³⁵jœŋ³⁵							ʦən⁴⁵jɔŋ⁴²	ʦən¹¹jɑ̃⁴⁴					ʦɑ⁵³jɑŋ⁴⁴	ʦãi⁵³jũ²²
HOW_9									ʦʰa²¹³ʨʰje³⁵										
HUNT_1										kwã⁴²sã⁴⁴									
HUNT_2	ta̠²¹³ljɛ⁵¹	ta⁴¹ljẽ²⁴	ta⁵³lje²¹	ta³²laʔ⁵	ta³⁵lip²	tɑ²³lje²³	ta²¹³ljɛ⁵³	ta⁴⁵ljə²¹	tɔ²¹³ɲjaʔ³²		ta³¹ljap⁵	ta²¹³ljɛt⁵	tɑ¹¹ljeʔ⁵	ta²¹⁴ljɛ³³⁴	tã⁵²laʔ²³	ta⁵³ljəʔ²	tjɛ²⁴²ljɛ²¹	tɑ⁵³ljɛ²¹	pʰaʔ³²laʔ³²
HUSBAND_1		lau⁴¹kõ³³ʦɹ̩⁰																	
HUSBAND_10									nɤ²¹³kwɔ⁵⁵										
HUSBAND_11					sin⁵⁵saŋ⁵³														
HUSBAND_12														xɐn³³⁴ʦi⁰		xæ̃⁴⁵ʦəʔ⁰			
HUSBAND_13	lɑu²¹³kuŋ⁵⁵			la²⁴²uŋ⁵⁵	ou²³koŋ⁵³	lɑu²³kɤn⁴²					lau³¹kuŋ³³	lau²¹³kuŋ⁰					lə²⁴koŋ⁴⁴		
HUSBAND_2							lau²¹³jɛ²⁴mə⁰												
HUSBAND_3	ai⁵¹ʐən³⁵								nɔ⁴⁴jɑ̃⁴⁴	nã¹³nin¹³					nø¹³ɲin¹³			næ̃²⁴ʐẽ⁰~wɛ⁴⁴tʰou⁰ʐẽ⁰	ta²²pɔ⁵⁵laŋ²⁴
HUSBAND_4			nan²¹ɲi⁵⁵				ʈʂaŋ²¹³kwei⁵³tɤ⁰												
HUSBAND_5												lan⁴⁵kʰaʔ⁵							
HUSBAND_6		ʦan¹¹fu		touŋ⁵³mwo⁵⁵			ʈʂaŋ⁵³fu⁰	ʈʂɑŋ³¹fu⁰					ʦɑ̃⁴⁴fu⁰			ʦɒ̃⁴⁵fu⁰			
HUSBAND_7																lau⁵³xæ̃⁴⁵			
HUSBAND_8																		wɑ⁴⁴tʰɑ²¹pɑ⁴⁴	
HUSBAND_9																		ny⁵³ɕi⁰	
ICE_1										kɤ³⁵njɔ̃¹³ʦɹ̩⁰									
ICE_2	piŋ⁵⁵	pin³³~lin¹³pin³³	pin⁴⁵	piŋ⁵⁵	peŋ⁵⁵	piŋ⁴²	piŋ⁴⁴	piŋ²¹⁴	pjɑ̃⁵⁵		pen³³	pin⁴²	pin³¹	piŋ⁵²	pin⁴⁴	piŋ²¹	pəŋ⁴⁴	piŋ²¹	piŋ⁵⁵
ICE_3																			sŋ̍⁵⁵
IF_1	ʐu³⁵kwo²¹⁴	y¹³ko⁰		ɥoʔ⁵kwo³²~ny⁵³kwo³²	y²¹kwɔ³⁵	y²²kwo²³	ʐu²⁴kwo²¹³	lu⁵³kwɤ⁴⁵	y⁴⁴kɵ²¹³	y¹³ko⁴²		lu⁴⁵kwo²¹³	ʐu¹³ko¹¹	y³⁵kwɔ²¹⁴		zu²¹kwɤ⁵³		vu²⁴kwo⁵³	
IF_2			ta⁵³pi⁵³so²¹																
IF_3															ʨjɑ⁵²sɹ̩⁵²				
IF_4												tʰɔŋ²¹³ɲwo⁴⁵							
IF_5		jau⁵⁵sɹ̩⁰															ʥja²¹zɹ̩²⁴		nã⁵⁵si²²
IF_6											ka³¹he⁵³								
IF_7				ɥoʔ⁵hwaŋ⁵³															
IN_1																	ɕɥo⁴¹		
IN_2	ʦai⁵¹	ʦai¹¹	ʦai²¹³		ʦɔi²²	ʦai²³	ʦai⁵³	ʦɛ³¹	ʦʰa³⁵	ʦʰe¹¹	hoi⁵³	ʦʰai²¹	ʦɛ⁴⁴	ʦai³³⁴	ləʔ²³	ʦai⁴⁵	zɹ̩²⁴²	ʦɛ⁴⁴	ti²²
IN_3				twoʔ⁵															
I_1	wo²¹³	ŋo⁴¹	ŋo⁵³	ŋwai³²	ŋɔ²³	wo²³	wo²¹³	vɔ⁴⁵	ɔ²¹³	ŋ̍⁴²		ŋo²¹³	o¹¹	wɔ²¹⁴		ɣɤ⁵³	ŋ̍²⁴	ŋɤ⁵³	ŋwa⁵³
I_2															ŋəu²³¹				
I_3											ŋai¹¹								
KILL_1	ʂa̠⁵⁵	sa²⁴	sa²¹		sat³	sa̠⁵⁵	ʂa⁴⁴	ʂa²¹⁴	saʔ³²	sa¹³	sat¹	sat⁵	sɑʔ⁵	ʂa²¹⁴	saʔ⁴	saʔ²	sa⁴¹	sɑ²¹	
KILL_2			ʦai⁵³																
KILL_3				tʰai⁵³															tʰai²⁴
KNEE_1	ʨʰi⁵⁵	ɕi²⁴														ɕjəʔ²		ʨʰi²¹	
KNEE_2		ɕi²⁴kai⁵⁵					ɕi²¹³kai⁵³					ʨʰit⁵kai⁴²	po³¹lo¹³kə⁴⁴	pɔ⁵²lə⁰kai³³⁴		ɕjəʔ²kai⁴⁵		kʰɯ²¹ʨʰi²¹kɛ⁴⁴	
KNEE_3							pɤ²¹³ləŋ⁰ka⁵³	ʨʰi²¹⁴ka²¹											
KNEE_4																			kʰa²²tʰau²⁴hu⁵⁵
KNEE_5			kʰe²¹ɕi²¹tʰə²¹	kʰa⁵⁵βuʔ²⁴tʰau⁵³	sɐt⁵tʰɐu²¹	ɕy⁵⁵tai²²			ʨɥoʔ³²ɕjeʔ⁵⁵tʰi⁴⁴		ʦʰit¹tʰeu¹¹		kʰu⁴⁴ʨʰi⁰tʰɯ¹³		ʨjɑʔ⁴mø¹³dʏ¹³		ʨja³¹kʰø⁴¹dɤu³⁴¹		
KNEE_6		ɕi²⁴təu¹³ku⁰~kə²⁴ɕi²⁴ku⁰								ʨʰi¹³djɤ¹³ku⁰			ɕiʔ⁵kɛ⁴⁴kuʔ⁵						
KNOW (SOMETHING)_1		ɕjau⁴¹tə⁰	ɕjau⁵³te²¹			ɕjɑu²³tja̠⁵⁵			ɕje²¹³tje⁴⁴	ɕjɤ²¹te¹³	ti³³tet¹	ɕjɛu²¹³tɛt⁰			ɕjæ⁵²təʔ⁰		ɕja²⁴²te⁰		
KNOW (SOMETHING)_2	ʈʂɻ̩⁵⁵tɑu⁵¹	ʦɹ̩³³tau⁵⁵			ʦi³³tou²²		ʈʂɻ̩⁴⁴tau⁵³	ʈʂɻ̩²¹⁴tɔ³¹					ʈʂɻ̩³¹tɔ⁴⁴	ʧi⁵²tau³³⁴		ʦɹ̩²¹tau⁴⁵		ʈʂɻ̩²¹tɑu⁰	
KNOW (SOMETHING)_3				ɛ²⁴²hjeu³²															
KNOW (SOMETHING)_4				ɛ²⁴²paiʔ²⁴															
KNOW (SOMETHING)_5			toŋ⁵³no²¹																
KNOW (SOMETHING)_6				pɛiʔ²⁴twoŋ⁵³															
KNOW (SOMETHING)_7																			ʦai⁵⁵jã⁵³
LAKE_1	xu³⁵	fu¹³	fu²¹	hu⁵³	u²¹	fu²²	xu²⁴	xu⁵³	fu⁴⁴	xu¹³	fu¹¹	fu⁴⁵	xu¹³	xu³⁵	ɦəu¹³	xu²¹	vu³⁴¹	xu²⁴	ɔ²⁴
LAUGH_1	ɕjɑu⁵¹	ɕjau⁵⁵	ɕjau²¹³	ʦʰjeu²¹²	sju³³	ɕjɑu²⁵	ɕjau⁵³	ɕjɔ³¹	ɕje³⁵	sjɤ³⁵	sjau⁵³	ɕjɛu⁴⁵	ɕjɔ⁴⁴	sjau³³⁴	sjæ⁴¹²	ɕjau⁴⁵	ɕjɛ⁵¹	ɕjɑu⁴⁴	ʦʰjo²¹
LAUGH_2							lɤ⁵³												
LEAF_1		je²⁴ʦɹ̩⁰				lje⁵⁵te²³	jɛ⁵³ʦɹ̩⁰	jə³¹ʦɹ̩⁰		je³⁵ʦɹ̩⁰		jɛt⁵ʦɹ̩⁰	jeʔ⁵ʦɹ̩⁰		ɦjəʔ²³ʦɹ̩⁵²	je⁴⁵ʦəʔ⁰			
LEAF_2	jɛ⁵¹				ip²				jaʔ³²					jə²¹⁴		je⁴⁵	ji²¹	jɛ²¹	
LEAF_3											jap⁵pe⁰								
LEAF_4			su²¹³ʦɹ̩⁵³je²¹je²¹																
LEAF_5				loʔ⁵															hjoʔ⁵
LEAF_6				loʔ⁵loʔ⁵															
LEFT_1			ʦo⁵³səu⁵³																
LEFT_2	ʦwo²¹³pjɛn⁵⁵	ʦo⁴¹pjẽ³³	ʦo⁵³səu⁵³pjɛn⁵⁵	sjeu³²βɛiŋ⁵⁵	ʦɔ³⁵pin⁵³	ʦu²³pjã⁴²	ʦwo²¹³pjan⁴⁴	ʦwɤ³¹pjæ̃⁰	ʦɵ²¹³pẽ⁵⁵	ʦo³⁵ɕio⁴²pjæ⁴⁴		ʦo²¹³pjɛn⁴²	ʦo¹¹pjen³¹	ʦwɔ²¹⁴pjə⁵²			ʦɤu²⁴²pi⁴⁴	ʦwo⁵³pjæ̃²¹	
LEFT_3							ʦwo²¹³pja⁴⁴la⁰												
LEFT_4															ʦəu⁴⁴mjɪ²³¹~ʦi⁴¹²mjɪ²³¹	ʦwɤ⁵³mje²¹			
LEFT_5																			to⁵³piŋ²⁴
LEFT_6											ʦo³¹pjen³³ne⁰								
LEG_1		tʰei⁴¹pa⁵⁵ʦɹ̩⁰				ʨjɑu⁵⁵tu²¹ʦe²³													
LEG_2	tʰwei²¹³	tʰei⁴¹	tʰwei⁵³	kʰa⁵⁵løy³²	tʰøy³⁵		tʰwei²¹³	tʰwei⁴⁵	tʰa²¹³	tʰwe⁴²	tʰwi³¹	tʰwi²¹³	tʰwei¹¹	tʰei²¹⁴		tʰwei⁵³		tʰwei⁵³	
LEG_3															pʰɑ̃⁵²				
LEG_4																	ʨja⁴¹ʨja⁴¹		
LEG_5																			kʰa⁵⁵kut³²
LIE (REST)_1																	fa⁴⁴		
LIE (REST)_2		ɕɥei¹¹											swei⁴⁴					fei⁴⁴	
LIE (REST)_3									kʰwɑ̃³⁵	kʰun³⁵									
LIE (REST)_4			swei²¹³tau⁵³	to³²															to⁵³
LIE (REST)_5	tʰɑŋ²¹³	tʰan⁴¹			tʰɔŋ³⁵	tʰɑŋ²³	tʰaŋ²¹³	tʰɑŋ⁴⁵	tʰõ²¹³		tʰoŋ¹¹	tʰɔŋ²¹³	tʰɑ̃¹¹	tʰaŋ²¹³	tʰɑ̃⁵²	tʰɒ̃⁴⁵			
LIE (REST)_6			swei²¹³ʨʰi⁵³~tʰaŋ⁵³tau⁵³ʨʰi⁵³																
LIE (REST)_7											min¹¹								
LIVER_1											lon³³								
LIVER_2	kan⁵⁵	kan³³		kaŋ⁵⁵	kɔn⁵³	kwɑ⁴²	kan⁴⁴	kæ̃²¹³	kɔ⁵⁵	kwẽ⁴⁴		kon⁴²	kɑ̃³¹	kɐn⁵²	kø⁴⁴	kæ̃²¹	ky⁴⁴		kwã⁵⁵
LIVER_3			tan⁵³															tæ̃⁵³	
LONG_1	ʈʂʰɑŋ³⁵	ʦan¹³	ʦʰaŋ²¹	twoŋ⁵³	ʦʰœŋ²¹	ʦɑŋ²²	ʈʂʰaŋ²⁴	ʦʰɑŋ⁵³	ʨʰjõ⁴⁴	ʥɔŋ¹³	ʦʰoŋ¹¹	ʦʰɔŋ²⁴	ʦʰɑ̃¹³	ʈʂʰaŋ³⁵	zã¹³	ʦʰɒ̃²¹	ʥi³⁴¹	ʈʂʰɑŋ²⁴	tŋ̍²⁴
LOUSE_1											set¹ma¹¹								
LOUSE_2	ʂɻ̩⁵⁵	sɹ̩²⁴			sɐt⁵	sɤ⁵⁵						sət⁵		ʂɻ̩⁵²	djæ¹³səʔ⁴	səʔ²	sai⁴¹	sei²¹	
LOUSE_3				sɛiʔ²⁴mo³²															
LOUSE_4																			ka⁵⁵ʦau⁵³
LOUSE_5		sɹ̩²⁴po¹³ʦɹ̩⁰	se²¹ʦɹ̩⁵³				ʂɻ̩⁴⁴ʦɹ̩⁰	ʂɻ̩²¹⁴ʦɹ̩⁰	ɕjeʔ³²ʦɹ̩⁰	ɕe¹³bu¹³sɹ̩⁰			seʔ⁵ʦɹ̩⁰			səʔ²ʦəʔ⁰			
MANY_1	two⁵⁵	to³³	to⁴⁵	sa²⁴²	tɔ⁵³	two⁴²	two⁴⁴	twɤ²¹⁴	tɵ⁵⁵	to⁴⁴	to³³	to⁴²	to³¹	twɔ⁵²	təu⁴⁴	two²¹	tɤu⁴⁴	two²¹	ʦwe²²
MAN_1									nɔ⁴⁴nɤ⁰										
MAN_2							ta⁵³lau²¹³ɛ²⁴mə⁰~lau²¹³jɛ²⁴mə⁰												
MAN_3	nan³⁵ʐən³⁵	lan¹³ʐən¹³	nan²¹zən²¹	touŋ²¹²mwo³²nøyŋ⁵³	nam²¹ljɐn²¹	lã²²liŋ²²		næ̃⁵³ʐẽ⁰				lan⁴⁵lɨn⁰	lɑ̃¹³ʐən¹³	nɐn³⁵in⁰	nø¹³ɲin¹³	næ̃²¹zəŋ²¹		næ̃²⁴ʐẽ⁰	ta²²pɔ⁵⁵laŋ²⁴
MAN_4		lan¹³ti⁰	nan²¹ni⁵⁵																
MAN_5		lan¹³ʐən⁰ka⁰								nã¹³nin¹³ka⁴⁴									
MAN_6																	nø³⁴¹ʦɹ̩²⁴²kʰa⁴¹		
MAN_7				naŋ⁵³ŋai²¹²															
MAN_8											nam¹¹me³³ŋin¹¹								
MOON_1																			ɡeʔ⁵njũ²⁴
MOON_2				ŋwoʔ⁵															
MOON_3	ɥɛ⁵¹ljɑŋ⁰	ɥe²⁴ljan¹¹	ɥe²¹ljaŋ⁰			lɥe⁵⁵ljɑŋ²¹	ɥɛ⁵³ljaŋ⁰	ɥɤ²¹ljɑŋ³¹	ɥaʔ³²ɲjɑ̃³¹			ɲɥot⁵ljɔŋ⁰	ɥeʔ⁵ljɑ̃⁰	ɥɛ³⁴ljaŋ³³⁴	ŋəʔ²³ljã²³¹	ɥəʔ²ljɒ̃⁴⁵		ɥɛ²¹ljɑŋ⁰	
MOON_4																ɥəʔmi⁰			
MOON_5					yt²kwɔŋ⁵⁵					we³⁵kɔŋ⁴⁴	ŋjat⁵kwoŋ³³						ɲy²¹kwɔ⁴⁴		
MOON_6		ɥe²⁴ljan¹¹pa³³pa⁰																	
MOTHER_1				i⁵⁵nɛ³²													a⁴¹na⁴⁴		
MOTHER_10		ma³³ma³³																	
MOTHER_11			ma⁴⁵ma⁵⁵						mɔ³¹mɔ⁰				mɑ³¹mɑ⁰						
MOTHER_2		ɲjan¹³lau⁰ʦɹ̩⁰																	
MOTHER_3		ɲjan¹³					njaŋ²⁴		ɲjõ⁴⁴			ɲjɔŋ⁴⁵							
MOTHER_4		m̩³³ma³³		i⁴⁴ma⁴⁴			m̩⁴⁴			m̩¹¹ma⁴²				ma⁵²	m̩⁴⁴mɑ⁴⁴			ma²¹	
MOTHER_5	mi²¹⁴ʨʰin⁵⁵	mo⁴¹ʨʰin³³			mou³⁵ʦʰɐn⁵³			mu⁴⁵ʨjẽ⁰	mɵ²¹³ʨʰjɑ̃⁵⁵			mu²¹³ʨʰin⁴²	mu¹¹ʨʰin⁰			mu⁵³ʨʰiŋ²¹			
MOTHER_6											oi³³je⁰								
MOTHER_7											a³³me³³								a⁵⁵bu⁵³~lau²⁴bu⁵³
MOTHER_8						ʨja̠²³													
MOTHER_9				louŋ⁵³nɛ³²															
MOUNTAIN_1	ʂan⁵⁵	san³³	san⁴⁵	saŋ⁵⁵	san⁵³	sã⁴²	ʂan⁴⁴	ʂæ̃²¹³	sɔ⁴⁴	sã⁴⁴	san³³	san⁴²	sɑ̃³¹	ʂɐn⁵²	se̞⁴⁴	sæ̃²¹	sa⁴⁴	sæ̃²¹	swã⁵⁵
MOUTH_1	ʦwei²¹³	ʦei⁴¹			ʦøy³⁵	ʦwei²³	ʦwei²¹³	ʦwei⁴⁵	ʨy²¹³	ʨy⁴²	ʦoi⁵³	ʦwi²¹³	ʦwei¹¹	ʦei²¹⁴	ʦɻ̩ʷ⁵²	ʦwei⁵³	ʦɹ̩²⁴	ʦwei⁵³	
MOUTH_2			ʦwei⁵³pa⁵⁵~ja²¹pa⁵⁵				ʦwei²¹³pa⁰						ʦwei¹¹pɑ³¹						
MOUTH_3				ʦʰwoi²¹²															ʦʰwi²¹
NAME_1	miŋ³⁵ʦɹ̩⁰	min¹³ʦɹ̩⁰	min²¹ʦɹ̩²¹³	mjaŋ⁵³ʒɛi²⁴²	mɛŋ²¹ʦi²²	mei²²ʦɹ̩²¹	miŋ²⁴ʦɹ̩⁰	miŋ⁵³ʦɹ̩⁰	mjɑ̃⁴⁴ʦʰɹ̩³¹	mjɔ̃¹³ʣɹ̩¹¹	mjaŋ¹¹sɹ̩⁵³	mjaŋ⁴⁵ʦɹ̩⁰	min¹³sɹ̩⁰	miŋ⁵²ʦɹ̩⁰	min¹³zɹ̩²³¹	miŋ²¹ʦɹ̩⁴⁵	meŋ³⁴¹zɹ̩²²	miŋ²⁴ʦɹ̩⁰	mjã²⁴li²²
NARROW_1	ʈʂai²¹³	ʦə²⁴	ʦe²¹	ʦaʔ²⁴	ʦak³	ʦa̠⁵⁵	ʦai²¹³	ʈʂei²¹⁴					ʦeʔ⁵	ʈʂɛ²¹⁴		ʦai⁵³		ʦei²¹	
NARROW_2									xaʔ³²ʦaʔ³²	xa³⁵	hap⁵	ha⁴²			ɦaʔ²³		ɦa²¹		weʔ⁵
NEAR_1				køyŋ²⁴²nau⁵⁵															
NEAR_2	ʨin⁵¹	ʨin⁴¹	ʨin²¹³	køyŋ²⁴²	kɐn²²	ʨiŋ²⁵	ʨin⁵³	ʨjẽ³¹	ʨʰjɑ̃²¹³	din¹¹	kʰjun⁵³	ʨʰin²¹	ʨin⁴⁴	cin³³⁴	ʥin²³¹	ʨiŋ⁴⁵	ʣjaŋ²⁴	ʨin⁴⁴	kun²²
NECK_1	po³⁵ʦɹ̩⁰	po¹³ʦɹ̩⁰	ʨin⁵³ʦɹ̩⁵³				pɤ²⁴ʦɹ̩⁰	pɤ⁵³ʦɹ̩⁰				pɔʔ⁵ʦɹ̩⁰	poʔ⁵ʦɹ̩⁰	pɔ³⁵kəŋ²¹⁴ʦɹ̩⁰		paʔ⁵⁴ʦəʔ⁰		po²⁴ʦɹ̩⁰	
NECK_2					kɛŋ³⁵	kei²³			kʰi³⁵ʨjɑ̃²¹³			ʨjaŋ²¹³			dʏ¹³ʨin⁵²		dɤu³⁴¹ʨjaŋ²⁴²		am²²kun⁵³
NECK_3			ʨin⁵³xaŋ⁵³																
NECK_4		ʨin⁴¹kən³³									kjaŋ³¹kin³³								
NECK_5				tau²⁴²ɔuʔ²⁴						ʨjɔ̃⁴²ku⁰									
NEW_1	ɕin⁵⁵	ɕin³³	ɕin⁴⁵	siŋ⁵⁵	sɐn⁵³	ɕiŋ⁴²	ɕin⁴⁴	ɕjẽ²¹⁴	ɕjɑ̃⁵⁵	ɕin⁴⁴	sin³³	ɕin⁴²	ɕin³¹	sin⁵²	sin⁴⁴	ɕiŋ²¹	saŋ⁴⁴	ɕjẽ²¹	sin⁵⁵
NIGHT_1		ja¹¹ka⁰ʦɹ̩⁰																	
NIGHT_10			xe²¹ləu²¹																
NIGHT_11										jɔ¹¹li⁰									
NIGHT_12						ja̠²¹xa̠²²			io³¹xo⁰										
NIGHT_2	wan²¹³ʂɑŋ⁵¹	wan⁴¹san¹¹	wan⁵³saŋ²¹³		man²³sœŋ²²		wan²¹³ʂaŋ⁰	væ̃⁴⁵ʂɑŋ⁰					wɑ̃¹¹sɑ̃⁴⁴			væ̃⁵³sɒ̃⁴⁵			
NIGHT_3												ja²¹wan²¹³							
NIGHT_4							ɕja⁵³xə⁴⁴~ɕja⁵³wa²¹³xei⁴⁴												
NIGHT_5														xou³³⁴ʂɻ̩⁰					
NIGHT_6																		xei²¹ljɛ⁰	
NIGHT_7															jɑ⁴¹²li⁰ɕjã⁴¹²				
NIGHT_8																	ɦ³⁴¹ɕy⁴⁴		e²²hŋ̍⁵⁵
NIGHT_9				maŋ⁵³mwo⁵⁵							am⁵³pu³³								
NOSE_1	pi³⁵ʦɹ̩⁰	pi²⁴ʦɹ̩⁰	pi²¹ʦɹ̩⁵³				pi²⁴ʦɹ̩⁰	pi⁵³ʦɹ̩⁰				pʰit²¹ʦɹ̩⁰	piʔ⁵ʦɹ̩⁰	pi³⁵ʦɹ̩⁰		pjəʔ⁵⁴ʦəʔ⁰		pi²⁴ʦɹ̩⁰	
NOSE_2		pi²⁴		pʰɛi²¹²												pjəʔ⁵⁴			pʰjæ²²
NOSE_3						pi²²kʰɤn²³			pʰɹ̩³⁵kʰɑ̃²¹³										
NOSE_4										pʰi¹¹djɤ¹³					bəʔ²³dʏ¹³		bei²¹dɤu³⁴¹		
NOSE_5																			pʰjæ²²jã⁵³
NOSE_6											pʰi⁵³kuŋ³³								
NOSE_7					pei²²kɔ⁵⁵														
NOT_1																	fu²⁴		
NOT_2											mm̩¹¹								
NOT_3				iŋ⁵⁵															
NOT_4				mo⁵³															bo²⁴
NOT_5				ŋ̍²⁴²															
NOT_6	pu⁵¹	pu²⁴	pu²¹		pɐt⁵	pu²²	pu⁵³	pu²¹⁴	pɤʔ³²	pʰu¹³		pʰɨt⁵	puʔ⁵	pu²¹⁴		pəʔ²		pu²¹	
NOT_7															fəʔ⁴				
NUMBER_1	ʂu⁵¹	səu⁵⁵	su²¹³	sou²¹²	sou³³	su²⁵	ʂu⁵³	ʂu²¹	su³⁵	sɤu³⁵	sɹ̩⁵³	su⁴⁵	su⁴⁴	ʃu³³⁴	səu⁴¹²	su⁴⁵	sɤu⁵¹	sou⁴⁴	sɔ²¹
OLD (AGED)_1	lɑu²¹⁴	lau⁴¹	lau⁵³	lau²⁴²~lo³²	lou²³	lɑu²³	lau²¹³	lɔ⁴⁵	nɤ²¹³	lɤ⁴²	lau³¹	lau²¹³	lɔ¹¹	lau²¹⁴	læ²³¹	lau⁵³	lə²⁴	lɑu⁵³	lau²²
ONE_1	i⁵⁵	i²⁴	i²¹	ɛiʔ²⁴	jɐt⁵	i⁵⁵	i⁴⁴	i²¹⁴	jeʔ³²	i¹³	it¹	it⁵	iʔ⁵	i²¹⁴	jəʔ⁴	jəʔ²	jai⁴¹	i²¹	ʦit⁵
ONE_2				soʔ⁵															
PATH_1							tau⁵³							tɔ³³⁴					
PATH_2	lu⁵¹	ləu¹¹	nu²¹³		lou²²	lu²¹	lu⁵³	lu³¹	nu³¹	lɤu¹¹	lu⁵³	lu²¹	lu⁴⁴		ləu²³¹	lu⁴⁵	løy²²	lou⁴⁴	lɔ²²
PATH_3				two²⁴²															
PERSON_1	ʐən³⁵	ʐən¹³	zən²¹	nøyŋ⁵³	jɐn²¹	liŋ²²	in²⁴	ʐẽ⁵³	jɑ̃⁴⁴	nin¹³	ŋin¹¹	lɨn⁴⁵	ʐɛn¹³	in⁵²	ɲin¹³	zəŋ²¹	naŋ³⁴¹	ʐẽ²⁴	laŋ²⁴
PLAY_1	wa³⁵	wan¹³			wan²¹		wa²⁴	və⁵³				wan⁴⁵	wɑ̃¹³	wɛ³⁵					
PLAY_2			swa⁵³			swa̠²³				sɔ⁴²						swa⁵³		fɑ⁵³	
PLAY_3									sɹ̩⁵⁵								sɹ̩⁴⁴		
PLAY_4															bəʔ²³sjã⁴¹²				
PLAY_5											kau³¹								
PLAY_6											ljau⁵³								
PLAY_7				hi⁵⁵hje²¹²															
PLAY_8				kʰa⁵⁵ljeu⁵³															
PLAY_9																			ʦʰit³²tʰo²⁴
PULL_1		ʦʰə⁴¹																	
PULL_2	la̠⁵⁵	la³³	la⁴⁵		lai⁵³		la⁴⁴	la²¹⁴	lɔ⁵⁵	la⁴⁴		la⁴²	lɑ³¹	la²¹⁴	lɑ⁴⁴	la²¹	la⁴⁴	lɑ²¹	la⁵⁵
PULL_3				pɛiʔ⁵															
PULL_4										tʰjɤ⁴⁴									
PULL_5											paŋ³³								
PULL_6						tʰwo⁴²													
PUSH_1	tʰwei⁵⁵	tʰei³³	tʰwei⁴⁵	tʰwoi⁵⁵	tʰøy⁵³	tʰei⁴²	tʰwei⁴⁴	tʰwei²¹⁴	tʰa⁵⁵		tʰwi³³	tʰwi⁴²	tʰwei³¹	tʰei⁵²	tʰe̞⁴⁴	tʰwei²¹		tʰwei²¹	tu⁵⁵
PUSH_2																		ɕjæ̃²¹	
PUSH_3																	də³⁴¹		
PUSH_4		ɕɥẽ³³																	
PUSH_5										nɤn³⁵									
PUSH_6				tʰjaŋ³²															
PUSH_7				søyŋ³²															
RAIN (PRECIPITATION)_1	y²¹³	y⁴¹	y⁵³	y³²	y²³	y²³	y²¹³	y⁴⁵	y²¹³	y⁴²	i³¹	y²¹³	y¹¹	y²¹⁴	ɦy²³¹	y⁵³	v²⁴	y⁵³	hɔ²²
RED_1	xuŋ³⁵	xən¹³	xoŋ²¹	øyŋ⁵³	hoŋ²¹	xɤn²²	xuŋ²⁴	xuŋ⁵³	fɑ̃⁴⁴	ɣɤn¹³	fuŋ¹¹	fuŋ⁴⁵	xoŋ¹³	xoŋ³⁵	ɦoŋ¹³	xuŋ²¹	ɦoŋ³⁴¹	xuŋ²⁴	aŋ²¹
RIGHT_1			jou²¹³səu⁵³																
RIGHT_2	jou⁵¹pjən⁵⁵	jəu¹¹pjẽ³³	jəu²¹³səu⁵³pjən⁵⁵	twai²⁴²βɛiŋ⁵⁵~ʦjaŋ²¹²mɛiŋ⁵⁵	jɐu²²pin⁵³	jou²¹pjã⁴²	jou⁵³pja⁴⁴	jou³¹pjə⁰	jɵ³¹pẽ⁵⁵	jo¹¹pjæ⁴⁴		ju²¹pjɛn⁴²	jəɯ⁴⁴pjen³¹	jou³³⁴pjə⁵²		jəu⁴⁵pje²¹pje²¹			ju²²pjan⁵⁵
RIGHT_3							jou⁵³pja⁴⁴la⁰												
RIGHT_4																		jou⁴⁴ŋæ̃⁰	
RIGHT_5															ɦjʏ¹³mjɪ²³¹		jau²²mai⁰		
RIGHT_6											ju⁵³pʰjen⁵³								
RIVER_1	ʨjɑŋ⁵⁵	ʨjan³³	ʨjaŋ⁴⁵	kɤn⁵⁵	kɔŋ⁵³	ʨjɑŋ⁴²	ʨjaŋ⁴⁴	ʨjɑŋ²¹⁴	kõ⁵⁵	tɔŋ⁴⁴	koŋ³³	kɔŋ⁴²	ʨjɑ̃³¹	cjaŋ⁵²	kɑ̃⁴⁴	ʨjɒ̃²¹	kwɔ⁴⁴	ʨjɑŋ²¹	kaŋ⁵⁵
ROOT_1		təu³³ʦɹ̩⁰																	
ROOT_2																	ʥɥɔ³⁴¹		
ROOT_3	kə⁵⁵	kən³³	kən⁴⁵	kyŋ⁵⁵	kɐn⁵⁵	kɤn⁴²	kən⁴⁴	kẽ²¹⁴	kɑ̃⁵⁵	kẽ⁴⁴	kin³³	kjɛn⁴²	kən³¹	kən⁵²	kən⁴⁴	kəŋ²¹	ky⁴⁴	kẽ²¹	kun⁵⁵
ROPE_1	ʂəŋ³⁵				seŋ²¹				ɕjɑ̃⁴⁴						zən¹³	səŋ²¹	zeŋ³⁴¹	ʂəŋ²⁴	
ROPE_2			swən²¹sə²¹	soʔ²⁴							sok¹								
ROPE_3		sən¹³ʦɹ̩⁰~so²⁴ʦɹ̩⁰	swən²¹ʦɹ̩⁵³~so²¹ʦɹ̩²¹			swo⁵⁵ʦe²³	ʂəŋ²⁴ʦɹ̩⁰	ʂəŋ⁵³ʦɹ̩⁰		ʑin¹³ʦɹ̩⁰		sɨn⁴⁵ʦɹ̩⁰	sən¹³ʦɹ̩⁰	ʂəŋ³⁵ʦɹ̩⁰		səŋ²¹ʦəʔ⁰			
ROPE_4			so²¹sə²¹																
ROPE_5																			soʔ³²a⁵³
ROTTEN_1																	la²²ʦʰɹ̩⁰		
ROTTEN_2														lɐn³³⁴lə⁰					
ROTTEN_3				pou²⁴²~aŋ³²pou²⁴²															
ROTTEN_4	fu²¹⁴lan⁵¹	fu⁴¹lan¹¹	lan²¹³		lan²²~fu²²lan²²	fu²³lã²¹	fu²¹³lan⁵³	fu²¹⁴læ̃⁰	nɔ³¹	xu⁴²lã¹¹	fu³¹lan⁵³	fu²⁴lan²¹	lɑ̃⁴⁴~fu¹¹lɑ̃⁴⁴		le̞²³¹	fu⁵³læ̃⁴⁵	vøy²²la²²	læ̃⁴⁴	nwã²²
ROTTEN_5				aŋ³²															
ROUND_1	ɥɛn³⁵	ɥẽ¹³	ɥan²¹	jeŋ⁵³	yn²¹	ɥã²²	ɥan²⁴	ɥæ̃⁵³	ɥẽ⁴⁴		jan¹¹	ɥon⁴⁵	ɥen¹³		ɦjø¹³	ɥe²¹	jy³⁴¹	ɥæ̃²⁴	jæ²⁴
ROUND_2														tʰɐn³⁵					
ROUND_3										wĩ¹³tʰwe⁴⁴									
RUB_1	ʦʰɑ⁵⁵	ʦʰa²⁴	ʦʰa²¹		ʦʰat³		ʦʰa⁴⁴	ʦʰa²¹⁴	ʦʰaʔ³²			ʦʰaʔ⁵	ʦʰɑʔ⁵	ʦʰa²¹⁴		ʦʰaʔ²	ʦʰa⁴¹	ʦʰɑ²¹	
RUB_2																ʨʰje²¹			
RUB_3			kʰai⁴⁵							kʰa¹³		kʰai⁴²	kʰɛ³¹		kʰɑ⁴⁴				
RUB_4												ŋai⁴²							
RUB_5						mɑ⁵⁵					mat¹	mot⁵							
RUB_6				kaŋ³²															
RUB_7																			ʦʰit³²
SALT_1			jɛn²¹pa⁵⁵																
SALT_2	jɛn³⁵	jẽ¹³		sjeŋ⁵³	im²¹	jã²²	jan²⁴	jæ̃⁵³	jẽ⁴⁴	njæ¹³	jam¹¹	jɛn⁴⁵	jen¹³	jɐn⁵²	ɦjɪ¹³	ɕje²¹je²¹	ji³⁴¹	jæ̃²⁴	jam²⁴
SAND_1	ʂa̠⁵⁵		sa⁴⁵~sa⁴⁵sa⁵⁵	sai⁵⁵	sa⁵³									ʂa⁵²	so⁴⁴	sa²¹	so⁴⁴		swa⁵⁵
SAND_2		sa³³ʦɹ̩⁰~sa³³po¹³ʦɹ̩⁰	sa⁴⁵ʦɹ̩⁰			sɑ⁴²ʦe²³	ʂa⁴⁴ʦɹ̩⁰	ʂa²¹⁴ʦɹ̩⁰	so⁵⁵ʦɹ̩⁰	sɔ⁴⁴ʦɹ̩⁰		sa⁴²ʦɹ̩⁰	sɑ³¹ʦɹ̩⁰					sɑ²¹ʦɹ̩⁰	
SAND_3											sa³³ve⁰								
SAY_1			pai⁵³				pai⁴⁴												
SAY_2	ʂwo⁵⁵	so²⁴	so²¹		syt³		ʂwo⁴⁴	ʂwɤ²¹	ɕɥaʔ³²				soʔ⁵	ʃwɛ²¹⁴	səʔ⁴	swəʔ²		ʂy²¹	
SAY_3							lau⁴⁴												
SAY_4		ʨjan⁴¹		kouŋ³²		kɑŋ²³			kõ²¹³	kɔŋ⁴²	koŋ³¹		ʨjɑ̃¹¹				kwɔ²⁴²		kɔŋ⁵³
SAY_5												wa²¹							
SCRATCH_1	ʈʂwa̠⁵⁵	ʨɥa³³	ʦwa⁴⁵	ʦwa⁵⁵	ʦa⁵³		ʈʂwa⁴⁴	ʈʂwa²¹⁴	ʦo⁵⁵	ʦɔ⁴⁴	ʦa³³	ʦwa⁴²	ʦwɑ³¹	ʈʂwa²¹⁴		ʦwa²¹	ʨɥo⁴¹	pfɑ²¹	
SCRATCH_2							tau⁴⁴												
SCRATCH_3			tai²¹																
SCRATCH_4						ʦwo⁵⁵					ʦok¹¹				ʦoʔ⁴				
SCRATCH_5															o⁴⁴				
SCRATCH_6															no¹³				
SCRATCH_7				ma⁵⁵															
SCRATCH_8																			ljaʔ⁵
SCRATCH_9			pa⁴⁵																
SEA_1	xɛ²¹⁴	xai⁴¹	xai⁵³	hai³²	hɔi³⁵	xai²³	xai²¹³	xɛ⁴⁵	xa²¹³	xwe⁴²	hoi³¹	hai²¹³	xɛ¹¹	xai²¹⁴	he̞⁵²	xai⁵³	he²⁴	xɛ⁵³	hai⁵³
SEED_1	ʈʂuŋ²¹³ʦə⁰	ʦən⁴¹ʦɹ̩⁰	ʦoŋ⁵³ʦɹ̩⁵³	ʦi³²ʦi³²	ʦoŋ³⁵ʦi³⁵	ʦwɤŋ²³ʦe²³	ʦuŋ²¹³ʦɹ̩⁰	ʈʂuŋ⁴⁵ʦɹ̩⁰		tɤn⁴²ʦɹ̩⁰		ʦuŋ²¹³ʦɹ̩⁰	ʦoŋ¹¹sɹ̩⁰	ʈʂoŋ²¹⁴ʦɹ̩⁰		ʦuŋ⁵³ʦəʔ⁰		pfəŋ⁵³ʦɹ̩⁰	
SEED_2											ʦuŋ³¹ŋe⁰								
SEED_3															ʦoŋ⁵²		ʨɥɔ²⁴		ʦiŋ⁵³
SEED_4									ʦɑ̃²¹³ʦɹ̩²¹³										
SEE_1			kʰan²¹³tau⁵³																
SEE_2	kʰan⁵¹ʨjɛn⁵¹	kʰan⁵⁵ʨjan⁵⁵		kʰaŋ²¹²ŋjeŋ²¹²	tʰɐi³⁵kin³³	kʰwã⁴²ʨjã⁴²	kʰan⁵³ʨjan⁰~ʈʂʰou²¹³ʨjan⁰	kʰæ̃³¹ʨjæ̃⁰	kʰɔ³⁵ʨje³⁵	kʰẽ³⁵ʨjæ³⁵	kʰon⁵³kjan⁵³	kʰon²¹³ʨjɛn⁴⁵	kʰɑ̃⁴⁴ʨjen⁴⁴	kʰɐn³³⁴cjɐn³³⁴	kʰø⁵²ʨjɪ⁴¹²	kʰæ̃⁴⁵ʨje⁴⁵		kʰæ̃⁴⁴ʨjæ̃⁰	ki²²
SEE_3												kʰon²¹³tau⁴²							
SEE_4																	ʦʰɹ̩⁴⁴ʥja⁰		kʰwã²¹tjo⁰
SEW_1	fəŋ³⁵	xən¹³	foŋ²¹			fɤn²²	fəŋ²⁴	fəŋ⁵³	fɑ̃⁴⁴	ɣɤn¹³	pʰuŋ¹¹	fuŋ⁴⁵	fən¹³	fəŋ³⁵	voŋ¹³	fəŋ²¹		fəŋ²⁴	
SEW_2																	leŋ²²		
SEW_3		ljẽ¹³			lyn²¹							ljɛn⁴⁵							
SEW_4				pʰuŋ⁵³ɛiŋ²⁴²															
SEW_5				tʰjeŋ²¹²															tʰjæ²²
SHARP_1	ʨjɛn⁵⁵	ʨjan³³	ʨjɛn⁴⁵	ʦjeŋ⁵⁵	ʦim⁵³	ʨjã⁴²	ʨjan⁴⁴	ʨjæ̃²¹⁴	ʦẽ⁵⁵	ʨjæ⁴⁴	ʦjam³³	ʨjɛn⁴²	ʨjen³¹	ʦjɛ⁵²	ʦi⁴⁴	ʨje²¹	ʨi⁴⁴	ʨjæ̃²¹	ʦjam⁵⁵
SHORT_1	twan²¹⁴	tõ⁴¹	twan⁵³	tøy³²	tyn³⁵	twã²³	twan²¹³	twæ̃⁴⁵	tɑ̃²¹³	twẽ⁴²	ton³¹	ton²¹³	twɑ̃¹¹	tɐn²¹⁴	tø⁵²	twæ̃⁵³	tø²⁴	twæ̃⁵³	te⁵³
SING_1	ʈʂʰɑŋ⁵¹	ʦʰan⁵⁵	ʦʰaŋ²¹³	ʦʰwoŋ²¹²	ʦʰœŋ³³	ʦʰɑŋ²⁵	ʈʂʰaŋ⁵³	ʈʂʰɑŋ³¹	ʨʰjõ³⁵	tʰɔŋ³⁵	ʦʰoŋ⁵³	ʦʰɔŋ²¹³	ʦʰɑ̃⁴⁴	ʈʂʰaŋ³³⁴	ʦʰɑ̃⁴¹²	ʦʰɒ̃⁴⁵	ʨʰi⁵¹	ʈʂʰɑŋ⁴⁴	ʦʰjũ²¹
SIT_1	ʦwo⁵¹	ʦo¹¹	ʦo²¹³	sɔy²⁴²	ʦʰɔ²²	ʦwo²³	ʦwo⁵³	ʦwɤ³¹		ʦʰo¹¹	ʦʰo³³	ʦʰo²¹	ʦo⁴⁴	ʦwɔ³³⁴	zəu²³¹	ʦwɤ⁴⁵	zo²⁴	ʦwo⁴⁴	ʦe²²
SIT_2									kʰwi²¹³										
SKIN_1				pʰwoi⁵³			ʐou⁵³pʰjə²⁴		pʰɹ̩⁴⁴	pʰi¹³	pʰi¹¹							pʰi²⁴	pʰe²¹
SKIN_2	pʰi³⁵fu⁰	pi¹³fu³³		pʰwoi⁵³u⁵⁵	pʰei²¹fu⁵³	pi²²fu⁴²		pʰi⁵³fu²¹⁴				pʰi²⁴fu⁰	pʰi¹³fu³¹	pʰi³⁵fu⁵²	bi¹³fu⁴⁴	pʰi²¹fu²¹	bei³⁴¹fu⁴⁴		
SKIN_3			pʰi²¹ʦɹ̩⁵³																
SKIN_4			pʰi²¹pʰi²¹																
SKY_1															tʰjɪ⁴¹læ²³¹ɦjɑ¹³				
SKY_2							tʰjan⁴⁴			tʰjæ⁴⁴					tʰjɪ⁴⁴				
SKY_3	tʰjɛn⁵⁵kʰuŋ⁵⁵	tʰjẽ³³kʰən³³			tʰin⁵⁵hoŋ⁵³	tʰjã⁴²kʰɤn⁴²		tʰjæ̃²¹⁴kʰuŋ³¹	tʰẽ⁵⁵kʰwɑ̃⁵⁵			tʰjɛn⁴²kuŋ⁴²	tʰjen³¹kʰoŋ³¹	tʰjɐn⁵²kʰoŋ³³⁴				tʰjæ̃²¹kʰuŋ²¹	
SKY_4			tʰjɛn⁴⁵saŋ²¹³				tʰjan⁴⁴ʂaŋ⁰				tʰjen³³hoŋ⁵³					tʰje²¹sɒ̃⁴⁵			
SKY_5				tʰjeŋ⁵⁵nøyŋ⁵⁵															
SKY_6																			tʰjæ⁵⁵tiŋ⁵³
SKY_7																	tʰi⁴⁴lei⁴⁴		
SLEEP_1	ʂwei⁵¹	ɕɥei¹¹	swei²¹³		søy²²	swei²¹	ʂwei⁵³	ʂwei³¹			soi⁵³		swei⁴⁴	ʂwei³³⁴		swei⁴⁵		fei⁴⁴	
SLEEP_2		kʰwən⁵⁵		kʰɔuŋ²¹²					kʰwɑ̃³⁵	kʰun³⁵		kʰun²¹³			kʰwən⁴¹²		kʰy⁵¹		kʰun²¹
SMALL_1		ɕi⁵⁵		sɑ²¹²		ɕi²⁴					se⁵³								
SMALL_2				nɔuŋ²⁴²															
SMALL_3	ɕjɑu²¹³	ɕjau⁴¹	ɕjau⁵³		sju³⁵		ɕjau²¹³	ɕjɔ⁴⁵	ɕje²¹³	ɕjɤ⁴²		ɕjɛu²¹³	ɕjɔ¹¹	sjau²¹⁴	sjæ⁵²	ɕjau⁵³	sai²⁴	ɕjɑu⁵³	swe²¹
SMELL (PERCEIVE)_1	wən³⁵	wən¹³	wən²¹		mɐn²¹	wɤŋ²²	wən²⁴	vẽ⁵³				un⁴⁵	wən¹³	wən⁵²	mən¹³	vəŋ²¹		vẽ²⁴	
SMELL (PERCEIVE)_2									pʰɑ̃³⁵										
SMELL (PERCEIVE)_3										ɕjɤŋ³⁵		ɕjuŋ⁴⁵					hoŋ⁵¹		
SMELL (PERCEIVE)_4				pɛi²⁴²							pʰi⁵³								pʰi²²
SMOKE (EXHAUST)_1			jɛn⁴⁵ʦɹ̩⁵³																
SMOKE (EXHAUST)_2			jɛn⁴⁵jə⁵⁵																
SMOKE (EXHAUST)_3	jɛn⁵⁵	jẽ³³		houŋ⁵⁵	in⁵⁵	jã⁴²	jan⁴⁴	jæ̃²¹⁴	jẽ⁵⁵	njæ⁴⁴	jan³³	jɛn⁴²	jen³¹	jɐn⁵²	jɪ⁴⁴	je²¹	i⁴⁴	jæ̃²¹	hun⁵⁵
SMOOTH_1	pʰiŋ³⁵	pin¹³	pʰin²¹	paŋ⁵³	pʰɛŋ²¹	pei²²	pʰiŋ²⁴	pʰiŋ⁵³	pʰjɑ̃⁴⁴	pʰjɔ¹³	pʰjaŋ¹¹	pʰin²⁴	pʰin¹³	pʰiŋ³⁵	bin¹³	pʰiŋ²¹	beŋ³⁴¹	pʰiŋ²⁴	pjæ²⁴
SNAKE_1	ʂy³⁵	sə¹³	se²¹	lau³²lje⁵³	sɛ²¹	sa̠²²	ʂy²⁴	ʂa⁵³	so⁴⁴	ʨʰjɔ¹³		sa⁴⁵	ʂə¹³		zo¹³	sɤ²¹	zei³⁴¹		ʦwa²⁴
SNAKE_2							ʈʂʰaŋ²¹ʈʂʰuŋ²¹							ʈʂʰaŋ³⁵ʈʂʰoŋ⁰				ʈʂʰɑŋ²⁴pfʰəŋ⁰	
SNAKE_3											sa¹¹ko³³								
SNAKE_4			so⁴⁵lau⁵³ə²¹³																
SNOW_1	ɕɥɛ²¹³	ɕje²⁴	ɕɥe²¹	swoʔ²⁴	syt³	ɕɥe⁵⁵	ɕɥɛ²¹³	ɕɥɤ²¹⁴	ɕjaʔ³²	swe¹³	sjet¹	ɕɥet⁵	ɕɥeʔ⁵	sjɛ²¹⁴	sjəʔ⁴	ɕɥəʔ²	ɕy⁴¹	ɕɥɛ²¹	seʔ³²
SPIT_1	tʰu⁵¹	tʰəu⁵⁵	tʰu⁵³		tʰou³³	tʰu²³	tʰu⁵³	tʰu³¹	tʰu²¹³	tʰɤu⁴²	tʰwi⁵³	tʰu²¹³	tʰu¹¹	tʰu²¹⁴	tʰəu⁵²	tʰu⁵³	tʰøy²⁴	tʰou⁵³	
SPIT_2				pʰwoi²¹²															pʰwi²¹
SPLIT_1		si³³										sɹ̩⁴²	sɹ̩³¹			sɹ̩²¹		sɹ̩²¹	
SPLIT_10												ʦei⁴²							
SPLIT_2	sɹ̩⁵⁵ljɛ⁵¹			tʰje³²ljeʔ⁵	si⁵³lit²		sɹ̩⁴⁴ljɛ⁵³	sɹ̩²¹⁴ljə³¹				si⁴²ljɛt⁵	sɹ̩³¹ljeʔ⁵	sɹ̩⁵²ljɛ²¹⁴		sɹ̩²¹lje⁴⁵			
SPLIT_3																		sɹ̩²¹læ̃⁴⁴	
SPLIT_4			sɹ̩⁴⁵kʰai⁴⁵						ʨʰjɔ²¹³kʰa⁵⁵		ʦʰa³¹kʰoi³³								
SPLIT_5		ʈʂʰə⁴¹							ʨʰjɔ²¹³										
SPLIT_6															hən⁴⁴				
SPLIT_7																	do²¹		
SPLIT_8						ʦʰa̠²³pʰwo²⁵				tʰjɔ⁴²bu³⁵									
SPLIT_9																			tʰjaʔ⁵³li²²
SQUEEZE_1										ʦʰe⁴²tɤ⁰									
SQUEEZE_2	ja̠⁵⁵	ja²⁴	ŋa⁴⁵	taʔ²⁴	ŋat³	ŋa⁵⁵	ja⁴⁴	ja²¹⁴		ja¹³	ap¹	ŋat⁵	jɑʔ⁵	ja²¹⁴	ɑʔ⁴	ja⁴⁵	a⁴¹	ɲjɑ²¹	teʔ³²
SQUEEZE_3												ʨi²¹³	ʨi¹¹			ʨi⁵³			
SQUEEZE_4			ʦa²¹³						ʦo³⁵				ʦɑʔ⁵						
STAB_1	ʦʰɹ̩⁵¹	ʦʰɹ̩⁵⁵		ʦʰje²¹²	ʦʰi³³	ʦʰɹ̩²⁵	ʦʰɹ̩⁵³	ʦʰɹ̩²¹		ʦɹ̩³⁵	ʦʰɹ̩⁵³	ʦʰɹ̩²¹³			ʦʰɹ̩⁴¹²	ʦʰɹ̩⁴⁵		ʦʰɹ̩⁴⁴	ʦʰi²¹
STAB_2														nɐn²¹⁴					
STAB_3			ʨy⁴⁵																
STAB_4									ʦʰoʔ³²				ʦʰoʔ⁵		ʦʰoʔ⁴				
STAB_5																	taŋ⁵¹		
STAND_1														li²¹⁴ʈʂə⁰					
STAND_2	ʈʂan⁵¹	ʦan⁵⁵	ʦan²¹³		ʦam²²	ʦã²¹	ʈʂan⁵³	ʈʂæ̃³¹		ʦã³⁵		ʦan⁴⁵	ʦɑ̃⁴⁴			ʦæ̃⁴⁵		ʦæ̃⁴⁴	
STAND_3															ljəʔ²³				
STAND_4									kʰa²¹³										
STAND_5				kʰje²⁴²							kʰi³³						ɡe²⁴		kʰja²²
STAND_6		ti⁵⁵																	
STAR_1						sei⁴²ʦe²³				sjɔ̃⁴⁴ʦɹ̩⁰		ɕjaŋ⁴²ʦɹ̩⁰							
STAR_2											sen³³ne⁰								
STAR_3	ɕiŋ⁵⁵ɕiŋ⁰	ɕin³³ɕin⁰	ɕin⁴⁵ɕjə⁵⁵		sɛŋ⁵⁵sɛŋ⁵⁵		ɕiŋ⁴⁴ɕjə⁰	ɕiŋ²¹³ɕiŋ⁰	ɕjɑ̃⁵⁵ɕjɑ⁵⁵				ɕin³¹ɕin⁰	siŋ⁵²siŋ⁰		ɕiŋ²¹ɕiŋ²¹		ɕiŋ²¹ɕiŋ²⁴	
STAR_4				siŋ⁵⁵											sin⁴⁴		seŋ⁴⁴		ʦʰjæ⁵⁵
STAR_5			ɕin⁴⁵ɕjə²¹³																
STICK_1											kun⁵³ne⁰						bwɔ²⁴ŋ̍⁰		
STICK_2		kwən⁵⁵ʦɹ̩⁰				kwɤŋ⁴²ʦe²³	kwən⁵³ʦɹ̩⁰	kwẽ²¹ʦɹ̩⁰	kwɑ̃³⁵ʦɹ̩⁵³				kwən⁴⁴ʦɹ̩⁰		kwən⁴¹²ʦɹ̩⁵²	kuŋ⁴⁵ʦəʔ⁰			
STICK_3	kwən⁵¹			kuŋ²¹²kouŋ²¹²	kwɐn³³					kun³⁵		kun⁴⁵		kwə³³⁴		kuŋ⁴⁵		kwən⁴⁴	
STICK_4															bɑ̃²³¹				
STICK_5																			ʦʰe⁵³ja⁵³
STICK_6			kwəm²¹³kwə⁵⁵																
STONE_1										ɕjɔ³⁵djɤ¹³kwa⁰									
STONE_2	ʂɻ̩³⁵tʰou⁰	sɹ̩²⁴təu⁰	sjɹ̩²¹tʰəu²¹	swoʔ⁵lau⁵³	sɛk²tʰɐu²¹	sei²²tai²²	ʂɻ̩²⁴tʰou⁰	ʂi⁵³tʰou⁰	ɕjeʔ³²tʰi⁴⁴		sak⁵tʰeu¹¹	saʔ²tʰɛu⁰	ʂɻ̩ʔ⁵tʰəɯ¹³	ʂɹ̩³⁵tʰou⁰	zɑʔ²³dʏ¹³	səʔ⁵⁴tʰəu²¹		ʂɻ̩²⁴tʰou⁰	ʦjoʔ⁵tʰau²⁴
STONE_3																	zei²¹dɤu³⁴¹ʦɹ̩²⁴²ŋ̍⁰		
STRAIGHT_1	ʈʂɻ̩³⁵	ʦɹ̩²⁴	ʦɹ̩²¹	tiʔ⁵	ʦek²	ʦɹ̩²²	ʈʂɻ̩²⁴	ʈʂɻ̩⁵³	ʨʰjeʔ³²	ʨʰi³⁵	ʦʰət⁵	ʦʰɨt²¹	ʈʂɻ̩ʔ⁵	ʧi³⁵	zɛʔ²³	ʦɛʔ²	ʣei²¹	ʈʂɻ̩²⁴	tit⁵
STRIKE_1	ta̠²¹⁴	ta⁴¹	ta⁵³		ta³⁵	ta̠²³	ta²¹³	ta⁴⁵	tɔ²¹³	ta⁴²	ta³¹	ta²¹³	tɑ¹¹	ta²¹⁴	tã⁵²	ta⁵³	tjɛ²⁴	tɑ⁵³	
STRIKE_2				pʰaʔ²⁴															pʰaʔ³²
SUCK_1	ɕi⁵⁵				kʰɐp⁵						kʰip¹					ɕjəʔ²	ɕjai⁴¹	ɕi²¹	
SUCK_2							kwo²¹³												
SUCK_3					syn²³			ʂwẽ⁵³						çy²¹⁴					
SUCK_4			ʨy²¹														ʨy⁴¹		
SUCK_5				soʔ²⁴		swo⁵⁵			soʔ³²				soʔ⁵		soʔ⁴				suʔ⁵
SUCK_6															həu⁴⁴				
SUCK_7		ʨin³³								ʦin⁴⁴									
SUCK_8												ʨit⁵							
SUN_1	tʰai⁵¹jɑŋ³⁵	tʰai⁵⁵jan¹³	tʰai²¹³jaŋ²¹		tʰai³³jœŋ²¹		tʰai⁵³jaŋ⁰	tʰə³¹jɑŋ⁵³	tʰɔ³⁵jɔ⁴⁴	tʰa³⁵jɔŋ¹³		tʰai²¹³jɔŋ⁴⁵	tʰɛ⁴⁴jɑ̃⁰		tʰɑ⁴¹²ɦjã¹³	tʰai⁴⁵jɒ̃⁰	tʰa⁵¹ji³⁴¹	tʰɛ⁴⁴jɑŋ⁰	
SUN_2																			lit⁵
SUN_3																		ə²¹tʰou⁰jɛ⁴⁴	
SUN_4										ni³⁵djɤ¹³kʰu⁴⁴									
SUN_5				niʔ⁵tʰau⁵³		lje⁵⁵tai²²	ʐɻ̩⁵³tʰou⁰				ŋit¹tʰeu¹¹			i²¹³tʰou⁰				ə²¹tʰou⁰	
SWELL_1																	və³⁴¹		
SWELL_2	ʦuŋ²¹³	ʦən⁴¹	ʦoŋ⁵³	ʦɤn³²	ʦoŋ³⁵	ʦwɤŋ²³	ʦuŋ²¹³	ʈʂuŋ⁴⁵	ʦɑ̃²¹³	tɤn⁴²	kwa³³ʦuŋ³¹	ʦuŋ²¹³	ʦoŋ¹¹	ʈʂoŋ²¹⁴		ʦuŋ⁵³	ʨɥo²⁴²	pfəŋ⁵³	ʦiŋ⁵³
SWELL_3															hɛ⁴⁴				
SWIM_1	jou³⁵ʂwei²¹³	jəu¹³ɕɥei⁴¹~wan¹³ɕɥei⁴¹		sjeu⁵³ʦwoi³²	jɐu²¹søy³⁵	jou²²swei²³			vo⁵⁵ɕy²¹³	jo¹³ɕy⁴²		ju⁴⁵swi²¹³						jou²⁴fei⁵³~fu²⁴fei⁵³	sju²⁴ʦwi⁵³
SWIM_2																		jou²⁴	
SWIM_3			jəu²¹yn²¹³				jou²⁴yŋ²¹³	jou⁵³yŋ⁴⁵		jo¹³un¹¹		ju⁴⁵juŋ²¹³	jəɯ¹³joŋ¹¹			jəu²¹yŋ⁵³			
SWIM_4			ɕi⁵³ʦau⁵³											si²¹⁴ʦau²¹⁴					
SWIM_5															hoʔ⁴lã²³ɦjoʔ²³				
SWIM_6											se³¹sən³³ne⁰								
SWIM_7																	jjeu³⁴¹vu³⁴¹ŋ̍⁰		
TAIL_1			wei⁵³ʦɹ̩⁵³																
TAIL_2	wei²¹³			mwoi³²mwoi³²	mei²³														me⁵³
TAIL_3		wei⁴¹pa⁰	wei⁵³pa⁵⁵			wei²³pa̠⁴²	wei²¹³pa⁰	i⁴⁵pa⁰	vi²¹³po⁵⁵	wi⁴²pa⁰	mi³³pa³³	wi²¹³pa⁰	wei¹¹pɑ⁰	wei²¹⁴pa³³⁴	ɲi²³¹po⁴⁴	vei⁵³pa⁰		i⁵³pɑ⁰	me⁵³pa⁵⁵
TAIL_4																	mei²⁴po⁴⁴ŋ̍⁰		
THAT_1														njɛ³³⁴					
THAT_2	nɑ⁵¹	la⁵⁵	na²¹³		na³³	la̠²³	na⁵³	na³¹	na³¹	lo¹¹		la²¹³	ləʔ⁵					nɑ⁵³	
THAT_3																vai⁵³			
THAT_4															kwe̞⁴⁴				
THAT_5				hy³²								he²¹³					he²⁴		
THAT_6				hwoi⁵³															
THAT_7																			hit³²
THAT_8											ke⁵³								
THERE_1														njɛ³³⁴					
THERE_10									na³¹n̩⁰										
THERE_11											e⁵³je⁰								
THERE_2				hu⁵⁵woi²¹²									leʔ⁵kʰwɛ⁴⁴						
THERE_3					kɔ³³tou³³														
THERE_4	na⁵¹		nə²¹³				na⁵³	na³¹								na⁴⁵		nɑ⁵³	
THERE_5															we̞⁴⁴mjɪ²³¹				
THERE_6			na²¹³ko⁵⁵ti²¹³faŋ⁵⁵			la̠²³kwo⁰ti²⁴fɑŋ⁴²													
THERE_7		la⁵⁵li⁴¹								lo¹¹li⁰		la²¹³li⁰							
THERE_8																	bwɔ³⁴¹ta⁴⁴		
THERE_9																			hit³²te²¹
THEY_1				i⁵⁵nøyŋ⁵³~i⁵⁵koʔ²⁴nøyŋ⁵³															
THEY_10						tʰa̠⁴²ti⁰kɤ²¹													
THEY_2	tʰa̠⁵⁵mən³⁵	tʰa³³mən	tʰa⁴⁵mən²¹				tʰa⁴⁴mən⁰	tʰa⁴⁵mẽ⁰				ʨje²⁴mɨn⁰	tʰɑ³¹mən¹³	tʰa⁵²mən³³⁴		tʰa²¹məŋ⁰			
THEY_3																	ɡei³⁴¹ljɛ³⁴¹		
THEY_4										tʰɔ⁴⁴nã¹³									
THEY_5					kʰøy²³tei²²														
THEY_6																			in⁵⁵
THEY_7									ki⁴⁴jɑ̃⁰		ki¹¹ten³³ŋin¹¹								
THEY_8																		tʰɑ²¹ti⁰	
THEY_9															li⁴⁴toʔ⁰				
THICK_1	xou⁵¹	xəi⁴¹	xəu²¹³	kau²⁴²	hɐu²³		xou⁵³	xou³¹	xi²¹³	ɣɤ¹¹		hɛu²¹	xəɯ⁴⁴	xou³³⁴	ɦʏ²³¹	xəu⁴⁵	ɡau²⁴	xou⁴⁴	kau²²
THICK_2						xai²⁵ɕi²²	xou⁵³ʂɻ̩⁰												
THICK_3											pʰun³³								
THIN (OF LEAF AND CLOTH)_1	pɑu³⁵	po²⁴	po²¹	poʔ⁵	pɔk²	pɑu²²	pɤ²⁴	pɤ⁵³	pʰoʔ³²	pʰo¹¹	pʰok⁵	pʰɔʔ⁵	poʔ⁵	pɔ³⁵	boʔ²³	pəʔ⁵⁴	bo²³	po²⁴	poʔ⁵
THINK (REFLECT)_1	ɕjɑŋ²¹³	ɕjan⁴¹	ɕjaŋ⁵³	swoŋ³²	sœŋ³⁵	ɕjɑŋ²³	ɕjaŋ²¹³	ɕjɑŋ⁴⁵	ɕjõ²¹³	ɕjɔŋ⁴²	sjoŋ³¹	ɕjɔŋ²¹³	ɕjɑ̃¹¹	sjaŋ²¹³	sjã⁵²	ɕjɒ̃⁵³	ɕi²⁴	ɕjɑŋ⁵³	sjũ²²
THIS_1					li⁵⁵														
THIS_10																			ʦit³²
THIS_11						i²⁵kwo⁵⁵											ki⁴¹kai⁴¹		
THIS_2												ko²¹³							
THIS_3	ʈʂɤ⁵¹		ʦe²¹³				ʈʂɤ⁵³	ʈʂɤ³¹		ʦɹ̩³⁵	e³¹		ʈʂe⁴⁴	ʧɛ³³⁴				ʈʂɤ⁵³	
THIS_4																ʦai⁵³			
THIS_5									nn̩²¹³										
THIS_6															ke̞⁴⁴				
THIS_7		ko²⁴																	
THIS_8				ʦi³²															
THIS_9				ʦja³²															
THOU_1				ny³²nøyŋ⁵³															
THOU_2	ni²¹⁴	li⁴¹	ɲi⁵³		nei²³	lio²³	ni²¹³	ɲi⁴⁵	n̩²¹³		n̩¹¹	n̩²¹³	li¹¹	ni²¹⁴		ni⁵³	ɲi²⁴	ni⁵³	
THOU_3															ne̞²³¹				
THOU_4										n̩⁴²									
THOU_5				ny³²															li⁵³
THREE_1	san⁵⁵	san³³	san⁴⁵	saŋ⁵⁵	sam⁵⁵	sã⁴²	san⁴⁴	sæ̃²¹⁴	sɔ⁵⁵	sã⁴⁴	sam³³	san⁴²	sɑ̃³¹	sɐn⁵²	se̞⁴⁴	sæ̃²¹	sa⁴⁴	sæ̃²¹	sã⁵⁵
THROW_1	ʐəŋ⁵⁵	ʐən¹³	zən⁴⁵				ʐəŋ⁴⁴	ləŋ²¹⁴				lɨn²¹				zəŋ⁵³			liŋ⁵⁵
THROW_10				kœʔ⁵															
THROW_11										jɔ³⁵									
THROW_2										ljɤ¹¹				ljau³³⁴				ljɑu⁴⁴	
THROW_3		ɕwai⁴¹	swai⁵³																
THROW_4													swə³¹						
THROW_5									pʰɤ⁵⁵										
THROW_6															toʔ⁴				
THROW_7																	ɡa²²		
THROW_8				ljeu⁵⁵	tju⁵⁵	tjou⁴²					tju³³	tju⁴²							
THROW_9				kʰœ³²															
TIE_1			kʰwɛn⁵³ʨʰi⁵³																
TIE_2	kʰwən²¹⁴	kʰwən⁴¹		kʰuŋ³²	kʰwɐn³⁵	kʰwɤŋ²²	kʰwən²¹³	kʰwẽ⁴⁵		kʰun⁴²	kʰun³¹	kʰun²¹³	kʰwən¹¹		kʰwən⁵²	kʰuŋ⁵³	ɦo²¹	kʰwẽ⁵³	kʰun⁵³
TIE_3									põ²¹³					paŋ²¹⁴					
TIE_4			ʦa²¹	ʦaʔ²⁴						ʦa¹³		ʦat⁵			ʦaʔ⁴	ʦaʔ²		ʦɑ²¹	
TIE_5																			pak⁵
TIE_6										djɔ̃¹³									
TIE_7												tʰjaʔ⁵							
TONGUE_1	ʂɤ³⁵			ʦʰwoi²¹²sjoʔ⁵	sit²				kʰi²¹³ʨʰɥaʔ³²							ʂəʔ⁵⁴	kʰau²⁴²ji²¹		
TONGUE_2											sat⁵ma¹¹								
TONGUE_3		sə²⁴ʦɹ̩⁰								ɕje³⁵ʦɹ̩⁰									
TONGUE_4		sə²⁴təu⁰	se²¹tʰə²¹			ɕje²²tai²²	ʂɤ²⁴tʰou⁰	ʂɤ⁵³tʰou⁰				sət²¹tʰɛu⁰	seʔ⁵tʰəɯ¹³	ʃɛ³⁵tʰə⁰	zəʔ²³dʏ¹³	ʂəʔ⁵⁴tʰəu²¹		ʂɤ²⁴tʰou⁰	
TONGUE_5																			ʦiʔ⁵ja⁵³
TOOTH_1															ŋɑ¹³ʦɹ̩⁵²				
TOOTH_2							ja²⁴												
TOOTH_3	ja̠³⁵ʈʂʰɻ̩²¹³	ŋa¹³ʦʰɹ̩⁴¹	ja²¹ʦʰɹ̩⁰	kʰi³²	ŋa²¹ʦʰi³⁵	ŋa̠²²ʨʰi²³		ja⁵³ʈʂʰɻ̩⁴⁵	ŋo⁴⁴ʦɹ̩²¹³	ŋɔ¹³ʣɹ̩⁴²	ŋa¹¹ʦʰɹ̩³¹	ŋo⁴⁵ʦɹ̩⁰	jɑ¹³ʈʂʰɻ̩¹¹	ja⁵²ʈʂʰɻ̩²¹⁴		ja²¹ʦʰɹ̩⁵³	ŋo³⁴¹ʦʰɹ̩²⁴²	ɲjɑ²⁴ʦʰɹ̩⁰	ʦʰwi²²kʰi⁵³
TREE_1	ʂu⁵¹	ɕy¹¹	su²¹³	ʦʰjeu²¹²	sy²²	ɕy²¹	ʂu⁵³	ʂu³¹	ɕy³¹	ʑy¹¹		su²¹	su⁴⁴	ʃy³³⁴	zɻ̩ʷ²³¹	su⁴⁵	zɹ̩²²	fu⁴⁴	ʦʰju²²
TREE_2											su⁵⁵ve⁰								
TURN AROUND_1	ʈʂwan²¹³	ʨwẽ⁵⁵~ʨɥẽ⁴¹	ʦwan²¹³	twoŋ³²	ʦyn³³~ʦyn³⁵	ʦwã²³	ʈʂwan²¹³	ʈʂwæ̃⁴⁵	ʨɥẽ²¹³~ʨɥẽ³⁵	ʨɥĩ³⁵~ʨɥĩ⁴²	ʦon³¹	ʦon²¹³~ʦon⁴⁵	ʦwɑ̃¹¹~ʦwɑ̃⁴⁴	ʈʂwɐn²¹⁴	ʦø⁴¹²~ʦø⁵²	ʦwæ̃⁴⁵	ʨy²⁴	pfæ̃⁵³~pfæ̃⁴⁴	ʦwan⁵³
TURN AROUND_2				pɛ³²lɛ³²															
TWO_1	ə⁵¹	ə¹¹	ə²¹³	nɛi²⁴²	i²²	i²¹	ə⁵³	ə³¹	ẽ³¹	ɤ¹¹	ŋi⁵³	ɵ²¹	ə⁴⁴	ə³³⁴	ɲi²³¹~əl²³¹	ə⁴⁵	ŋ̍²²	ə⁴⁴	
TWO_2	ljɑŋ²¹⁴	ljan⁴¹	ljaŋ⁵³	laŋ²⁴²	lœŋ³⁵			ljɑŋ⁴⁵	ɲjõ²¹³	njɔŋ⁴²	ljoŋ³¹	ljɔŋ²¹³	ɲjɑ̃¹¹		ljã²³¹	lja⁵³	ljə²¹	ljɑŋ⁵³	lŋ̍²²
VOMIT_1	tʰu⁵¹	tʰu⁵⁵		tʰou²¹²	ŋɐu³⁵tʰou³³	tʰu²⁵	tʰu⁵³	tʰu³¹				tʰu²¹³	tʰu⁴⁴~əɯ¹¹tʰu⁴⁴	ou²¹³tʰu²¹⁴			tʰøy⁵¹	ŋou²¹tʰu⁵³	tʰo²¹
VOMIT_2											pʰon³³								
VOMIT_3												ŋjɛu²¹³			ʏ⁵²				
VOMIT_4			fa²¹tʰu⁵³lo²¹~tʰu⁵³lo²¹~ŋəu⁵³lo²¹													tʰu⁵³lə⁰			
VOMIT_5									fɔ⁵⁵ŋoʔ³²										
VOMIT_6										xwe⁴²~ta³⁵xwe⁴²									
WALK_1	ʦou²¹³	ʦəu⁴¹	ʦəu⁵³		ʦɐu³⁵		ʦou²¹³	ʦou⁴⁵		ʨio⁴²		ʦɛu²¹³	ʦəɯ¹¹	ʦou²¹⁴		ʦəu⁵³	ʦau²⁴	ʦou⁵³	
WALK_2				kjaŋ⁵³		xei²²			xẽ⁴⁴		hin¹¹								kjã²⁴
WALK_3															bæ¹³				
WASH_1	ɕi²¹³	ɕi⁴¹	ɕi⁵³	sɛ³²	sɐi³⁵	ɕi²³	ɕi²¹³	ɕi⁴⁵	si²¹³	ɕi⁴²	se³¹	ɕi²¹³	ɕi¹¹	si²¹⁴	dɑ²³¹	ɕi⁵³	sei²⁴²	ɕi⁵³	swe⁵³
WATER_1	ʂwei²¹³	ɕɥei⁴¹	swei⁵³	ʦwoi³²	søy³⁵	swei²³	ʂwei²¹³	ʂwei⁴⁵	ɕy²¹³	ɕy⁴²	swi³¹	swi²¹³	swei¹¹	ʂwei²¹³	sɻ̩ʷ⁵²	swei⁵³	sɹ̩²⁴	fei⁵³	ʦwi⁵³
WET_1	ʂɻ̩⁵⁵	sɹ̩²⁴	sɹ̩²¹		sɐp⁵	ɕi⁵⁵	ʂɻ̩⁴⁴	ʂɻ̩²¹⁴		ɕi¹³	səp¹	sɨt⁵		ʃi²¹⁴	səʔ⁴	səʔ²	sai⁴¹		sip³²
WET_2													ʦʰɔ¹³					ʈʂɑu²⁴	
WET_3									tʰi³⁵ni⁴⁴										
WET_4				laŋ²⁴²															
WE_1				naŋ⁵³ŋa⁵⁵koʔ²⁴nøyŋ⁵³~nu⁵³koʔ²⁴nøyŋ⁵³															
WE_10				naŋ⁵³ŋa⁵⁵															
WE_11						wo²³te²³lei⁴²kɤ²¹													
WE_2	wo²¹³mən³⁵	ŋo⁴¹mən⁰	ŋo⁵³mm̩⁵⁵				wo²¹³mən⁰	vɔ⁴⁵mẽ⁰				ŋo²¹³mɨn⁰	o¹¹mən¹³	wɔ²¹⁴mən³⁵		ɣɤ⁵³mɤ⁰			
WE_3												ŋo²¹³ko⁰li⁰							
WE_4																	ŋ̍²⁴ljɛ³⁴¹		
WE_5					ŋɔ²³tei²²														
WE_6										ŋ̍⁴²ŋa⁴⁴								ŋɛ²¹	
WE_7															ŋəu²³¹ɲi⁰				
WE_8																			lan⁵³
WE_9									ɔ²¹³jɑ̃⁰		ŋai¹¹ten³³ŋin¹¹								
WHAT_1	ʂən³⁵mə⁰	sən²⁴mo⁰				sɤn²²ma̠²²	ʂən²⁴mɤ⁰	ʂẽ⁵³mə⁰	ɕjeʔ³²mɤ²¹³				ʂən¹³moʔ⁵	ʂən³⁵mə⁰					
WHAT_10											mak¹ke⁵³								
WHAT_2							ʂa²⁴								sɑ⁴¹²			sɑ⁴⁴	
WHAT_3																səŋ⁴⁵ləʔ²			
WHAT_4																	a⁴¹ɲi³⁴¹		
WHAT_5												ɕit⁵li²¹							
WHAT_6					mɐt⁵jɛ²³														
WHAT_7				sjeʔ²⁴noʔ²⁴															
WHAT_8																			sim⁵³mjæʔ⁵
WHAT_9		mo²⁴ʦɹ̩⁰	sa²¹³ʦɹ̩⁵³							mɤ⁴²ʦɹ̩⁰									
WHERE_1									na²¹³xɑ̃³⁵				lɑ¹¹kʰwɛ⁴⁴						
WHERE_10					pin⁵⁵tou²²														
WHERE_11				tje³²nœ³²															
WHERE_12						la̠²³xɑŋ³³													
WHERE_13											ŋai⁵³je⁰								
WHERE_14																			to⁵⁵loʔ⁵
WHERE_2			nə⁵³				na²¹³												
WHERE_3		o¹³ʦɹ̩⁰																	
WHERE_4																na⁵³lɛ⁰			
WHERE_5							na²¹³ka⁴⁴												
WHERE_6															no¹³taʔ⁰			ɑ⁵³tɑ²¹	
WHERE_7	na̠²¹⁴li²¹⁴	la⁴¹li⁰					na²⁴li²¹³	na²¹³ɲjẽ⁰		la⁴²li⁰		la²¹³li⁰		na³⁵li²¹⁴					
WHERE_8			nə⁵³kən⁵⁵ʨʰjɛn²¹																
WHERE_9																	ɲjau²¹dwɔ²⁴		
WHITE_1	pɛ³⁵	pə²⁴	pe²¹	paʔ⁵	pak²	pja̠²²	pai²⁴	pei⁵³	pʰaʔ³²	pʰɔ³⁵	pʰak⁵	pʰaʔ⁵	pəʔ⁵	pɛ³³⁴	bɑʔ²³	pai²¹~pjə⁵⁴	ba²¹	pei²⁴	peʔ⁵
WHO_1	ʂəi³⁵	sei¹³			søy²¹		ʂwei²⁴	ʂei⁵³		swi¹³				ʃwɛ³⁵		swei²¹		sei²⁴	
WHO_2				tje³²ʒjeʔ²⁴															
WHO_3				tje³²nøyŋ⁵³															
WHO_4											man³¹ŋin¹¹				sɑ⁴¹²ɲin¹³		a⁴¹ɲi³⁴¹naŋ³⁴¹		sjã⁵³laŋ²⁴
WHO_5		o¹³ʦɹ̩⁵⁵ko⁵⁵	na⁵³ko²¹³			la̠²³kwo³³			na²¹³kɵ³⁵			lai²¹³ko²¹	lɑ¹¹ko⁴⁴						
WIDE_1	kʰwan⁵⁵	kʰõ³³	kʰwan⁴⁵	kʰwaŋ⁵⁵	fun⁵⁵	kʰwã⁴²	kʰwan⁴⁴	kʰwæ̃²¹⁴	kʰwɔ⁵⁵	kʰwẽ⁴⁴	fat¹	kʰwon⁴²	kʰwɑ̃³¹	kʰwɐn⁵²	kʰwəʔ⁴	kʰwæ̃²¹	kʰo⁴¹	kʰwæ̃²¹	kʰwaʔ³²
WIDE_2				kʰwaʔ²⁴															
WIFE_1	ʨʰi⁵⁵ʦɹ̩⁰	ʨʰi³³ʦɹ̩⁰~po¹³po⁰ʦɹ̩⁰			ʦʰɐi⁵³ʦi³⁵			ʨʰi²¹³ʦɹ̩⁰				ʨʰi⁴²ʦɹ̩⁰							
WIFE_10																	lə²⁴y⁴⁴		
WIFE_11		tan¹³kʰə⁰								tʰɔŋ¹³ke¹³									
WIFE_12				lo³²ljeu³²															
WIFE_13				lau²⁴²ma³²														wɑ⁴⁴tʰɑ²⁴mɑ²¹	
WIFE_14				ʦʰwo²¹²lje³²															
WIFE_15																			bɔ⁵³
WIFE_2							lau²¹³njaŋ²⁴mə⁰												
WIFE_3			lau⁵³pʰo²¹	lau²⁴²pʰo⁵³		lɑu²³pwo²²	lau²¹³pʰɤ⁰				lau³¹pʰo¹¹	lau²¹³pʰo⁰	lɔ¹¹pʰo¹³	lau²¹³pʰə⁰	kɑ⁴⁴ʦɻ̩ʷ⁵²bu¹³	lau⁵³pʰɤ²¹			
WIFE_4							ɕi²¹³fu⁰											ɕi²¹fu⁰	
WIFE_5			lau⁵³ɲjə²¹															pʰo²⁴njɑŋ⁰	
WIFE_6									ɲy²¹³jɑ̃⁴⁴									u²¹ni⁰ʐẽ²⁴	
WIFE_7			ɲy⁵³li⁵⁵																
WIFE_8									nɤ²¹³y³¹										
WIFE_9		lei¹¹tan³³ʨja³³																	
WIND_1	fəŋ⁵⁵	xən³³	foŋ⁴⁵	huŋ⁵⁵	foŋ⁵³	fɤn⁴²	fəŋ⁴⁴	fɛn²¹⁴	fɑ̃⁵⁵	xɤn⁴⁴	fuŋ³³	fuŋ⁴²	fən³¹	fəŋ⁵²	foŋ⁴⁴	fəŋ²¹	hoŋ⁴⁴	fəŋ²¹	hɔŋ⁵⁵
WING_1									jɑʔ³²sɵ⁵⁵										
WING_2		i⁵⁵ka¹³ʦɹ̩⁰				ʨi²⁵kwã²²ʦe²³		ʈʂʰɻ̩²¹ʦɹ̩⁰											
WING_3	ʈʂʰɻ̩⁵¹pɑ²¹⁴	ʦʰɹ̩⁵⁵pan¹³	ʦɹ̩²¹³paŋ⁵³				sɹ̩⁵³paŋ²¹³		ʦʰɹ̩³⁵põ²¹³			ʦʰɹ̩²¹³paŋ⁰	ʈʂʰɻ̩⁴⁴pɑ⁰	ʈʂʰɹ̩³³⁴pə⁰		ʦʰɹ̩⁴⁵pɒ̃⁵³	jai²¹pʰwɔ²⁴²	ʦʰɹ̩⁴⁴pɑŋ⁰	
WING_4												ʦʰɹ̩²¹³kwaŋ⁰~jɛt²¹kwaŋ⁰							
WING_5				siʔ⁵	ʦʰi³³													tʰɹ̩⁴⁴	
WING_6															ʨi⁴⁴kaʔ⁴				
WING_7										je³⁵ka³⁵	it⁵kap¹								
WING_8																			sit⁵la⁵³
WOMAN_1									ɲy²¹³nɤ⁰										
WOMAN_2							njaŋ²⁴mə⁰												
WOMAN_3	ny²¹⁴ʐɛn³⁵	ɲy⁴¹ʐən⁰	ɲy⁵³zən²¹	ʦy⁵⁵nøyŋ⁵³nøyŋ⁵³	nøy²³jɐn²¹	ly²³liŋ²³		ɲy⁴⁵ʐẽ⁵³			moi⁵³je⁰ŋin¹¹		li³¹ʐən¹³	ny²¹³in⁵²	ɲy²³¹ɲin¹³	ny⁵³zəŋ²¹		ny⁵³ʐẽ⁰	ʦa⁵⁵bɔ⁵³laŋ²⁴
WOMAN_4		ɲy⁴¹ti⁰	ɲy⁵³li⁵⁵																
WOMAN_5										ny⁴²nin¹³ka⁰									
WOMAN_6												ɲy²¹³kʰaʔ⁵					lə²⁴ɲjaŋ³⁴¹kʰa⁴¹		
WOMAN_7				i⁵⁵ʦja³²															
WOMAN_8				ny³²ɛ²¹²															
WORM_1	ʈʂʰuŋ³⁵	ʦən¹³	ʦʰoŋ²¹	tʰøyŋ⁵³	ʦʰoŋ²¹	ʦwɤŋ²²	ʈʂuŋ²¹	ʈʂʰuŋ⁵³	ʦʰɑ̃⁴⁴	ʥjɤŋ¹³	ʦʰuŋ¹¹	ʦʰuŋ²⁴	ʦʰoŋ¹³	ʈʂoŋ³⁵	zoŋ¹³	ʦʰuŋ²¹	ʥɥoŋ³⁴¹	pfʰəŋ²⁴	
WORM_2																			tʰaŋ²⁴hja²²
YEAR_1	njɛn³⁵	ɲjẽ¹³	ɲjɛn²¹		nin²¹	ljã²²	njan²⁴	njæ̃⁵³	ɲje⁴⁴	njæ¹³		ɲjɛn⁴⁵	ljen¹³	njɐn⁵²	ɲjɪ¹³	nje²¹	ɲi³⁴¹	njæ̃²⁴	
YEAR_2			ɲjɛn²¹fən²¹³				njan²⁴fən⁵³												
YEAR_3				hwoi²¹²							se⁵³								
YEAR_4				ʦai³²															
YEAR_5																			he²²tʰau²⁴
YELLOW_1	xwɑŋ³⁵	wan¹³	xwaŋ²¹	woŋ⁵³	wɔŋ²¹	wɑŋ²²	xwaŋ²⁴	xwɑŋ⁵³	õ⁴⁴	ɣɔŋ¹³	voŋ¹¹	wɔŋ⁴⁵	xwɑ̃¹³	xwaŋ³⁵	ɦwɑ̃¹³	xwɒ̃²¹	ɦwɔ³⁴¹	xwɑŋ²⁴	ŋ̍²⁴
