Gloss	Aromanian	Asturian	Catalan (Castelló de la Plana)	Catalan (Central)	Catalan (Manises)	Catalan (Minorcan)	Catalan (Northwestern)	Catalan (Valencia)	Dalmatian	Emiliano (Carpigiano)	Emiliano (Ferrarese)	Emiliano (Reggiano)	Franco-Provençal	French	Friulian	Galician	Istro-Romanian	Italian	Ladin (Fassano)	Ladin (Gardenese)	Latin (Archaic)	Latin (Late Classical)	Ligurian (Genoese)	Ligurian (Rapallo)	Ligurian (Stella)	Lombard (Bergamo)	Lombard (Plesio)	Megleno-Romanian	Neapolitan	Occitan	Old French	Old Italian	Picard	Piemontese (Barbania)	Piemontese (Carmagnola)	Piemontese (Lanzo Torinese)	Piemontese (Turinese)	Piemontese (Vercellese)	Portuguese	Romagnol	Romanian	Romansh (Grischun)	Romansh (Surmiran)	Romansh (Sursilvan)	Romansh (Vallader)	Sardinian (Campidanese)	Sardinian (Logudorese)	Sicilian (Catanian)	Sicilian (Messinese)	Sicilian (Palermitan)	Sicilian (Southeastern)	Spanish	Tuscan	Umbrian	Venetian (Bellunese)	Venetian (Primiero)	Venetian (Venice)	Walloon
ALL_1																					ˈɔmnɪs	ˈɔmnɪs																																				
ALL_2	tˈutŭ	tˈoo	tot	tot	tot	tot	tot	tot	toʧ	tut	tut	tot	to~tot	tu	dut	tˈoðo	tot	tˈutto	dut	dut		tˈoːtʊs	tyttu	tˈyttu	tˈyttu	tøt	tyʧʧ	tot	tˈuttə	tut	tot	tˈutto	tu	tyt	tyjt	tyt	tyt	tyʧ	tˈoðu	tot	tot	tut	tot	tut	twot	tˈottu	tˈottu	tˈuttu	tˈuttu	tˈuttu	tˈuttu	tˈoðo	tˈutto	tˈuttu	tˈuto	tut	tˈuto	tu
ASH_1	ʧinˈuʃe	θenˈiθa	sˈɛndɾa	sˈɛndɾə	sˈɛndɾa	sˈɛndɾə	sˈɛndɾɛ	sˈɛndɾa	kanˈajsa	sˈɛndra	ʦˈɛndar	sˈɛndra	fˈɛ̃dra~fˈɛdra	sɑ̃dʁ	ʧinˈize	θˈinθa	ʧerˈuʃe	ʧˈenere	ʧˈendɛr	ʧˈəndər	kˈɪnɪs	kˈɪnɪs	(ʧˈeneri)	sˈeŋje	srˈenne	sˈɛnder	ʃˈendɛr	ʧənˈuʃə	ʃˈɛnnəɾə~ʃˈennəɾə	sˈɛndɾe	ʦˈãndrə	ʧˈenere	ʃɛ̃n	sˈənɛr	sˈənɛr	sˈənɛr	sˈinər	sˈøŋdri	sˈĩzɐ	ʦˈɛndra	ʧenˈuʃə	ʧˈɛndrə	ʧˈɛndrə	ʧˈɛndrə	ʧˈɛndrə	ʧinˈiʒu	kisˈina	ʧˈinniɾi	ʧˈinɨɾɨ	ʧˈinniɾi	ʧˈinniɾi	θenˈiθa	ʧˈenere	ʧˈennere	θˈeŋdro	θˈeŋdre	sˈɛneri	sɛn
ASH_2	(skrˈumŭ)																											(skrum)																														
BARK_1																					lˈɪbɛr																																					
BARK_10																																							kˈaʃkɐ																			
BARK_11																																	plat																									
BARK_12					(kˈɔɾfa)																																																					
BARK_13																	(kˈora)																																									
BARK_2	kˈo̯aʒe																																																									
BARK_3				əskˈɔɾsə		əskˈɔɾsə	askˈɔɾsɛ	askˈɔɾsa				skˈɔːrsa	ekˈøːrsa	ekɔʁs	skˈuse				ʃkˈorʦa	ʃkˈɔrʦa			skˈɔrsa	skˈɔrsa	skˈɔːrsa				ʃkˈɔrʦə		eskˈɔrʦə	skˈɔrʦa		skˈɔrsa	skˈɔrsa		skˈɔrsa	skˈɔrsa		skˈɔa̯rʦa	skˈo̯arʦə	ʃkˈɔrsə	ʃkˈɔrsə	ʃkˈɔrsə	ʃkˈɔrʦə	skrˈoʒu		skˈɔɾʧa	skˈɔʧʧa	ʃkwˈɔɾʧa	ʃkˈɔʧʧa				skˈɔrθa	skˈɔrθa	skˈɔrsa	skwaːs
BARK_4																																				plˈøja																						
BARK_5																										rˈøska				ʀˈysko																												
BARK_6																											pɛll																															
BARK_7		koɾtˈeθa								kurtˈɛsa	kurtˈɛʧa					(koɾtˈeθa)		kortˈeʧʧa														kortˈeʧʧa															koθikˈina					koɾtˈeθa		kortˈeʧʧa				
BARK_8																																																					bˈuʧʧa					
BARK_9			kɾˈɔsta																																																							
BELLY_1									vjˈantro				vˈɛtro	vɑ̃tʁ				vˈɛntre	vˈenter	vˈəntər	wˈɛntɛr	vˈɛntɛr					(vˈentru)			vˈɛntɾe	vˈãntrə	vˈɛntre										vˈɛntər	vˈajntər	vˈɛntər	vˈajntər	brˈɛnti	frˈente											vɛ̃t
BELLY_2																												fˈo̯ali																														
BELLY_3	pˈɨntikŭ		pˈaɲʧa	pˈaɲʃə	pˈaɲʧa	pˈaɲʃə	pˈaɲʧɛ	pˈaɲʧa		pˈansa	pˈanʦa	pˈaːnsa			pˈanʦe								pˈaŋsa	pˈaŋsa	pˈaŋsa	pˈansa			pˈanʦə				pɑ̃ʃ	pˈaŋsa	pˈaŋsa	pˈaŋsa	pˈaŋsa	pˈaŋsa		pˈãnʦa								pˈanʦa	pˈanʦa	pˈanʦa	pˈanʦa		pˈanʧa		pˈaŋθa	pˈaŋθa	pˈaŋsa	
BELLY_4																																																				tɾˈipa		trˈippu				
BELLY_5		barˈiɡa														barˈiɣa																							bɐʁˈiɣɐ																			
BELLY_6																	(tərbˈux)																																									
BELLY_7																																									(bˈurtə)																	
BIG_1																					mˈaŋnʊs																									mˈannu	mˈannu											
BIG_2		ɡɾˈande	ɡɾan	ɡɾan	ɡɾan		ɡɾan	ɡɾan			ɡrand	ɡraːnd	ɡrã	ɡʁɑ̃	ɡrant	ɡɾˈande		ɡrˈande	ɡran	ɡrant		ɡrˈandɪs					ɡraːnt			ɡɾant	ɡrãnt	ɡrˈande	ɡʁɑ̃		ɡraŋd~ɡraŋ	ɡraŋd	ɡraŋd		ɡɾˈɐ̃ndɨ	ɡrãnd		ɡrɔnt	ɡrɔnt	ɡrɔnt	ɡrɔnt			ɾˈanni		ɾˈanni	ɾˈanni	ɡɾˈande			ɡraŋt	ɡraŋt	ɡrˈaŋdo	ɡʀã
BIG_3	mˈare																mˈɒre											mˈari													mˈare																	
BIG_4									mawr																																																	
BIG_5						ɡɾɔs				ɡrɔːs													ɡrˈøssu	ɡrˈɔssu	ɡrˈɔːssu	ɡrɔs			rwˈossə					ɡrɔs				ɡrɔːs											ɾˈɔssu				ɡrˈɔsso	ɡrˈossu				
BIRD_1				usˈeʎ					uʧˈul~oʧˈel	uzˈɛːl	uzˈɛl	uzˈɛl	ajʒˈo	wazo	uʧˈɛl	ˈaβe		uʧʧˈɛllo	uʧˈel	uʧˈel	ˈawɪs	ˈavɪs	awʒˈellu	ɔwʒˈellu	ɔːwʒˈeː	oʦˈɛl	ulʧˈɛll		awʃjˈellə	awsˈɛw	ˈojzel	uʧʧˈɛllo	ɔzjo	uzˈɛl	uzˈɛl	uzˈɛl	uzˈɛl	yzˈɛl	ˈavɨ	uzˈɛə̯l		uʧˈɛ	uʧˈel	uʧˈi	uʧˈɛ~uʃˈɛ			aʧˈɛɖɖu	aʧˈiɖɖu	aʧjˈɛɖɖu	awʧjˈɛɖɖu		uʧʧˈɛllo	ʧˈellu	ozˈɛl	uzˈɛl	ozˈɛo	ɔʒeː
BIRD_2	pˈuʎŭ																puʎ											puʎ																		pillˈɔni	puʒˈone											
BIRD_3		pˈaʃaɾo																																							pˈasəre											pˈaxaɾo						
BIRD_4							miʃˈo																																																			
BIRD_5			paɾðˈaɫ		paɾðˈaɫ	pəɾðˈaɫ		paɾðˈaɫ																																																		
BITE_1		moɾdˈeɾ											mˈøːrdre	mɔʁdʁ	mwˈardi	moɾðˈeɾ		mˈɔrdere	mˈorder	mˈɔrdər	mɔrdˈeːrɛ	mɔrdˈeːrɛ	mɔːrde	mˈɔrde	mˈɔːrde					mˈɔɾdɾe	mˈɔrdrə	mˈɔrdere	mɔʁd	mˈɔrde	mˈɔrde	mˈɔrdi	mˈɔrde	mˈɔːrdi	muɾðˈeɾ			mˈɔrdər	mˈɔrdər	mˈɔrdər	mˈɔrdər							moɾðˈeɾ			mˈɔrðar	mˈɔrðer		
BITE_2	mˈɨʃku~mˈuʃku																muʧkˈɒ											mˈuʧku													amuʃkˈa																	
BITE_3			moseɣˈaɾ	musəɣˈa	moseɣˈaɾ	musəɣˈa	moseɣˈa	moseɣˈaɾ	morskwˈor	muzɡˈɛːr		muzɡˈɛːr																	muʦʦəkˈa~murʦəkˈa											mursˈeə̯						mussjˈaj	mossiɡˈare	muʦʦikˈaɾi	muʦʦɨkˈaɾɨ	muʦʦikˈaɾi	muʦʦikˈaɾi		morsikˈare	moʧʧikˈa			morseɡˈar	
BITE_4																										pˈia																																
BITE_5											zɡaɲˈar																kaɲˈa																															
BITE_6																																																										(aɲe)
BLACK_1																					ˈaːtɛr	ˈaːtɛr																																				
BLACK_2		nˈeɡɾo	nˈeɣɾe	nˈɛɣɾə	nˈeɣɾe	nˈɛɣɾə	nˈeɣɾe	nˈeɣɾe	(njar)	nˈeɡer	nˈɛɡar	nˈiːɡer	naj	nwaʁ	nˈeri	nˈeɣɾo	nˈeɡru	nˈero	nˈejɡer				nˈeːjɡru	nˈejɡru	nˈɛːjɡru	nˈiɡɛr	nˈeɡru	nˈeɡru	nˈiɾə	nˈeɡɾe	nojr	nˈero	nweʁ	nɛjr	nɛjr	nɛjr	nɛjr	nˈeːru		nˈiɡar	nˈeɡru	najr	nˈeər	ner	najr	njˈeddu	niɡˈeɖɖu~njˈeɖɖu	nˈiuɾu	nˈiuɾu	nˈivuɾu	nˈiviɾu	nˈeɣɾo	nˈero	nˈiru	nˈero	nˈeɡro	nˈero	nwaːʀ
BLACK_3	lˈajŭ																																																									
BLACK_4																				foʃk																																						
BLACK_5																																							pɾˈetu																			
BLOOD_1	sˈɨnʒe	sˈaŋɡɾe	saŋk	saŋ	saŋk	saŋk	saŋ	saŋk	swoŋɡ	sˈaŋɡev	saŋɡ	sˈaːŋɡov~sˈaːŋɡev	sã	sɑ̃	saŋk	sˈaŋɡe	sˈənze	sˈaŋɡwe	saŋk	saŋk	sˈaŋɡʷiːs	sˈaŋɡʷiːs	sˈaŋɡwe	sˈaŋɡwe	sˈaːŋɡwe	saŋk	saŋk	sˈɔnzi	sˈaŋɡə	saŋk	sãŋk	sˈaŋɡwe	sɑ̃	saŋɡ	saŋɡ	saŋɡ	saŋɡ	saŋ	sˈɐ̃ŋɡɨ	sãŋɡv	sˈɨnʤe	saŋk	saŋk	sawŋk	saŋk	sˈaŋɡuni	sˈambene	sˈaŋɡu	sˈaŋɡu	sˈaŋɡu	sˈaŋku	sˈaŋɡɾe	sˈaŋɡwe	sˈaŋɡwe	sˈaŋɡwe	sˈaŋɡwe	sˈaŋɡwe	sã
BONE_1	ˈosŭ	ɡwˈeso	ɔs	ɔs	ɔs	ɔs	ɔs	ɔs	vwas	ɔːs	ɔs	ɔːs	ɔ	ɔs	vwɛs	ˈɔso	os	ˈɔsso	ɔs	ɔs	ɔs	ɔs	ˈøssu	ˈɔssu	ˈossu	ɔs	ɔss	wos	wˈossə	ɔs	ɔs	ˈɔsso	ɔʃ	ɔs	ɔs	ɔs	ɔs	ɔːs	ˈosu	ɔs	os	ɔs	ɔs	jes	ɔs~øs	ˈossu	ˈossu	ˈɔssu	ˈɔssu	wˈɔssu	wˈɔssu	wˈeso	ˈɔsso	ˈossu	ɔs	ɔs	ˈɔso	ɔʃ~ɔʃeː
BREAST_1	cˈeptu	pˈeʧo	pit	pit	pit	pit	pit	pit	pjat	pɛːt	pɛt			pwatʁin	pɛt	pˈejto	kʎept	pˈɛtto	pjet	pjet	pˈɛktʊs	pˈɛktʊs	pˈettu		pˈɛːtu			cept	pjˈettə	pejtɾˈino~pˈitɾe~pjɛs~pjes	piʦ	pˈɛtto	pwetʁɛ̃n	pɛt		pɛt	pɛt		pˈɐjtu	pɛə̯t	pjept	pɛʦ	pɛʦ	pɛʦ	pet	pittˈura	pettˈorra	pˈɛttu	pˈɛttu	pjˈɛttu	pjˈɛttu	pˈeʧo	pˈɛtto	pˈettu	pɛt		pˈeto~pˈɛto	pwatʀin
BREAST_2									sjaŋ																			sin																														
BREAST_3												stˈɔmeɡ	(ɛstˈɔma)													stomˈɛk	ʃtˈumɛk								stˈɔmi			stˈɔːmik																				
BREAST_4																								kaʃˈetta																																		
BREAST_5																																																								tˈete		
BURN (SOMETHING)_1										bruzˈɛːr	bruzˈar	bruzˈer	(bryːlˈaː)	bʁyle	brusˈaː			bruʧˈare	bruʒˈɛr	bruʒˈɛ	ˈuːrɛrɛ	ˈuːrɛrɛ	bryʒˈaː	bryʒˈa	bryːʒˈɛː	bryʦˈa	bryzˈa		abbruʃʃˈa	(bɾylˈa)		bruʃˈare~abbruʃˈare	bʁyle	bryzˈe	bryzˈe	bryzˈe	bryzˈe	bryzˈɛ		bruzˈeə̯				bərʃˈar		abruʒˈaj	brusjˈare	bɾuʧˈaɾi		abbɾuʧˈaɾi	abbɾuʃˈaɾi		bruʧˈare	vruʧˈa	bruzˈar	bruzˈar	bruzˈar	bʀyːle
BURN (SOMETHING)_2	ˈardu																											art			ˈardrə										aˈarde	ˈardər	ˈardər		ˈardər													
BURN (SOMETHING)_3																																																	bampˈaɾɨ									
BURN (SOMETHING)_4		kemˈaɾ	kɾemˈaɾ	kɾəmˈa	kɾemˈaɾ	kɾəmˈa	kɾemˈa	kɾemˈaɾ					kraːmˈaː			kejmˈaɾ														kɾemˈa									kɐjmˈaɾ													kemˈaɾ						
BURN (SOMETHING)_5																	(palˈi)																																									
CLOUD_1	niˈorŭ	nˈube	nˈuvoɫ	nˈuβuɫ	nˈuβoɫ	nivuɫˈat	nˈuβoɫ	nˈuβoɫ	nˈuvol	nˈuvla	nˈuval	nˈovla	ɲˈola	nɥaʒ	nuːl	nˈuβe		nˈuvola	nˈiɡola	nˈibla	nˈuːbɪs	nˈuːbeːs~nuːbˈiːɫũ	nˈyvia	nˈyvvua	nˈiːɡɥa	nˈiol	nˈiɡula	nor	nˈuvələ	nˈive~nˈivo~njew	nˈyə	nˈube~nˈuvola	nɥaʒ	nˈivula	nˈivula	nˈivula	nˈuvula	nˈiːwla	nˈuvɐ̃j̃	nˈuvla	nor	nˈivəl	nˈɛjvəl	nˈibəl	nˈyvlə	nuj	nˈue	nˈuvula	nˈuvula	nˈuvula	nˈuvula	nˈuβe	nˈuvola	nˈuola	nˈuvola	nˈuvola	nˈuvoe̯a	nuwaʧ
CLOUD_2																	(oblˈɒk)																																									
COLD (OF WEATHER)_1		fɾˈio	fɾet	fɾɛt	fɾet	fɾɛt	fɾet	fɾet		frɛd	fred	frɛd	fraj	fʁwa	freːt	fɾˈio		frˈeddo	frejt	frəjt	frˈiːɡɪdʊs	frˈiːɡɪdʊs	frˈejdu	frˈejdu	frˈeʤʤu	frɛʧ~frɛt	freʧʧ		frˈiddə	fɾe	frojt	frˈeddo	fʁwe	frɛjd	frɛjd	frɛjd	frejd	frøʧ	fɾˈiu			frajt	frɛjt	frɛjt	frajt	frˈiðu~frˈiu	frˈittu	fɾˈiddu	fɾˈiddu	fɾˈiddu	fɾˈiddu	fɾˈio		frˈiddu	fret	fret	frˈedo	fʀɛ
COLD (OF WEATHER)_2	arˈaʦe																rˈɒʧe											rˈaʦi													rˈeʧe																	
COLD (OF WEATHER)_3									ɡelwˈat																																																	
COLD (OF WEATHER)_4																																								ʤaʦˈeə̯													djˈaʧʧo					
COME_1	ʑˈinŭ	benˈiɾ	vˈindɾe	bənˈi	bˈindɾe	vənˈi	bˈindɾe	bˈindɾe	venˈar	ɲiːr	ɲir	ɲiːr	mɲi	vəniʁ	viɲˈiː	biɾ	verˈi	venˈire	veɲˈir	unˈi	wɛnˈiːrɛ	vɛnˈiːrɛ	veɲˈiː	veɲˈi	veːɲˈi	ɛɲ	veɲˈi	vin	vənˈi	venˈi	vənˈir	venˈire	vniʁ	vni	vni	vni	vˈeŋe	ɲiː	viɾ	vni~avnˈi	avenˈi	vəɲˈir	nɛkr	vəɲˈir	ɲir	bɛnnˈi	bˈennere	vˈɛniɾi	vˈɛnɨɾɨ	vjˈɛniɾi	vˈɛniɾi	benˈiɾ	venˈire	vinˈi	venjˈar	vˈɛɲer	venˈir	vyny~vny
DIE_1	mˈorŭ	morˈeɾ	moɾˈiɾ	muɾˈi	moɾˈiɾ	muɾˈi	moɾˈi	moɾˈiɾ	morˈar	murˈiːr	murˈir	murˈiːr	morˈi	muʁiʁ	murˈiː	morˈeɾ	murˈi	morˈire	morˈir	murˈi	mˈɔriː	mˈɔriː	muˈiː	muˈi	miˈi	mør	murˈi	mor	muɾˈi	muɾˈi	morˈir	morˈire	mweʁiʁ	mˈøjre	mˈøjre	mˈøjre	mˈøjre	mˈøri	muʁˈeɾ	murˈi	amurˈi	murˈir	murˈɛkr	murˈir	murˈir	mɔrrˈi	mˈorrere	mˈɔɾiɾi	mˈɔɾɨɾɨ	mwˈɔɾiɾi	mˈɔʐi	moɾˈiɾ	morˈire	murˈi	morˈir	morˈir	morˈir	mɔʀy
DOG_1	kˈɨne					ka			kwoŋ	kaŋ	kan	kaːn	θɛ̃	ʃjɛ̃	caŋ	kaŋ		kˈane	ɕaŋ	ɕaŋ	kˈanɪs	kˈanɪs	kaŋ	kaŋ	kaŋ	ka	kaŋ	kˈɔjni	kˈanə	(ʧiŋ)	ʧjẽn	kˈane	kjɛ̃	kaŋ	kaŋ	kaŋ	kaŋ	kaŋ	kɐ̃w̃	kãn	kˈɨjne	ɕawn	caŋ	ɕawn	ɕan	kˈai	kˈane	kˈani	kˈanɨ	kˈani	kˈani		kˈane	kˈane	kaŋ	kaŋ	kaŋ	ʧɛ̃
DOG_2			ɡos	ɡos	ɡos		ɡos	ɡos																																																		
DOG_3		pˈero																																																		pˈero						
DOG_4																	(brek)																																									
DRINK_1	be̯aw	bebˈeɾ	bˈewɾe	bˈɛwɾə	bˈewɾe	bˈɛwɾə	bˈewɾe	bˈewɾe	bar	bˈɛver	bˈɛar	bˈɛver	bˈajre	bwaʁ	bˈɛvi	beβˈeɾ	bæ	bˈere	bˈejver	bˈevər	bˈɪbɛrɛ	bˈɪbɛrɛ	bˈɛjve	bˈeje	bˈɛjve	bif	beːf	be̯aw	vˈɛβəɾə~vˈeβəɾə	bˈewɾe	bˈojvrə	bˈere	bweʁ	bˈɛjve	bˈɛjve	bˈɛjve	bˈejve	bˈeːvi	bɨβˈeɾ	beː	abˈe̯a	bˈajvər	bˈevər	bˈɛjbər	bˈajvər			vˈiviɾi~bˈiviɾi	bˈivɨɾɨ	vˈiviɾi	vˈiviɾi~bˈiviɾi	beβˈeɾ	bɛ	beː	bˈere	bˈever	bˈɛver~bˈever~bˈevar	bwaːʀ
DRINK_2																																														buffˈaj	buffˈare											
DRY_1		sˈeko	sek	sɛk	sek	sɛk	sek	sek		sɛk			sɛ	sɛk		sˈeko		sˈekko	sek	sək	sˈɪkkʊs	sˈɪkkʊs	sˈekku	sˈekku	sˈekku	sɛk			sˈikkə	se	sɛk	sˈekko	se	sɛk	sɛk	sɛk	sɛk	søk	sˈeku	sɛk						sikkˈaw	sˈikku	sˈikku	sˈikku	sˈikku	sˈikku	sˈeko	sˈekko	sˈikku	sek		sˈeko	sɛʧ
DRY_2	uskˈatŭ								swat~sot	sut	sut	sot			sut		uskˈɒt		sut	sut~sjəwt							syʧʧ	uskˈat								syjt					uskˈat	siɕ	sic	ʃeɕ	syt											sut		
EARTH (SOIL)_1	ʦˈarə	tjˈera	tˈɛra	tˈɛrə	tˈɛra	tˈɛrə	tˈɛrɛ	tˈɛra	tˈara~tjˈara	tˈɛra	tˈɛra	tˈɛra	tˈɛra	tɛʁ	tjˈɛre~tjˈare	tˈɛra		tˈɛrra	tˈera	tjˈəra	tˈɛrra	tˈɛrra	tˈɛra	tˈɛːra	tˈɛːra	tˈɛra	tˈɛra	ʦˈarə	tˈɛrrə	tˈɛʀo	tˈɛrə	tˈɛrra	tjɛʁ	tˈɛra	tˈɛra	tˈɛra	tˈera	tˈɛra	tˈɛʁɐ	tˈɛə̯ra		tˈɛrə	tˈerə	tjˈarə	tˈɛrə	tˈɛrra	tˈerra	tˈɛrra	tˈɛrra	tjˈɛʐa	tˈɛʐa	tjˈera	tˈɛrra	tˈɛrra	tˈɛra	tˈɛra	tˈɛra	tɛʀ
EARTH (SOIL)_2																	pemˈint																								pəmˈɨnt																	
EAR_1	urˈe̯akʎe	oɾˈeja	oɾˈeʎa	uɾˈɛʎə	oɾˈeʎa	uɾˈɛə	awɾˈeʎɛ	oɾˈeʎa	orˈakla~rˈakla	urˈɛʧa	urˈɛʧa	urˈɛʧa	ˈɔrʎo	ɔʁɛj	orˈɛle	oɾˈeʎa	urˈækʎe	orˈekkjo~orˈekkja	urˈeja	urˈədla	ˈawrɪs	ˈawrɪs	wˈɛʤa	awˈeʤe	wˈɛʤʤa	orˈɛʤa	urˈeʤa	urˈe̯akʎə	rˈekkjə	awɾˈio	orˈɛʎə	orˈekkja	ɔʁɛl	urˈija	urˈija	urˈija	urˈija	urˈøʤa	oɾˈeʎɐ	urˈɛʧa	urˈeke	urˈeʎə	urˈejə	urˈeʎə	urˈaʎə	orˈiɣa	orˈikkra	aɾˈikkju	ɾˈikkɨ	aɾˈikkju~aɾˈikkja	awɾˈiʧʧa	oɾˈexa	orˈekkjo	rˈekkja	rˈeʧa	rˈeʧa	rˈɛʧa~rˈeʧa	ɔʀɛj
EAT_1		komˈeɾ														komˈeɾ					ˈeːdɛrɛ	ˈeːdɛrɛ																	kumˈeɾ													komˈeɾ						
EAT_2	mˈɨkŭ		(meɲʤˈaɾ)	(məɲʒˈa)	(meɲʧˈaɾ)	(məɲʒˈa)	(meɲʤˈa)	(meɲʧˈaɾ)	manˈajko	maɲˈɛːr	maɲˈar	maɲˈɛːr	(bʤiː)	mɑ̃ʒe	manɟˈaː		məŋkˈɒ	(manʤˈare)	maɲˈɛr				(maŋʤˈa)	(maŋʤˈa)	(maŋʤˈɛ)	(maŋʤˈa)	(maŋʤˈa)	mənˈank	maɲɲˈa	(manʤˈa)	mãnʤjˈer	(manʤˈare)	mɛ̃ʒe	(maŋʤˈe)	(maŋʤˈe)	(maŋʤˈe)	(manʤˈe)	(maŋʤˈɛ)		maɲˈeə̯	amɨŋkˈa	(mənʤˈar)			(mənʤˈar)		mandiɡˈare	(manʧˈaɾi)	(manʧˈaɾɨ)	(manʧˈaɾi)	(manʧˈaɾi)		(manʤˈare)	maɲɲˈa	maɲˈar	maɲˈar	maɲˈar	muɲe
EAT_3																				majˈə																							məʎˈer	məʎˈar														
EAT_4																																														pappˈaj												
EGG_1	ow	ɡwˈebo	ɔw	ɔw	ɔw	ɔw	ɔw	ɔw	juv	oːv	ɔv	oːv	wa	œf	uːf	ˈɔβo	ov	wˈɔvo	ef	wef	ˈoːwũ	ˈoːvũ	ˈøvu	ˈøvu	ˈøːvu	of	øːf	wow	wˈovə	jɔw	wœf	wˈɔvo	ɥe	øv	øw	øv	øv	øf	ˈovu	ɔə̯v	ow	of	of	jef	øf	ow	ˈovu	ˈɔvu	ˈɔvu	wˈɔvu	wˈɔvu	wˈeβo	ˈɔvo	ˈɔu	ˈovo	ow~ˈovo	vˈɔvo~vˈovo	yː
EYE_1	ˈokʎu	ɡwˈejo	uʎ	uʎ	uʎ	uj	uʎ	uʎ	vˈaklo	ɔːʧ	oʧ	ɔːʧ	ʒy~ʒyː	œj	vˈoːli	ˈɔʎo	ˈokʎu	ˈɔkkjo	ˈeje	wedl	ˈɔkʊɫʊs	ˈɔkʊɫʊs	ˈøʤʤu	ˈøʤʤu	ˈøːʤʤu	øʧ	øʧʧ	wˈokʎu	wˈokkjə	ɥɛj~ˈiwe~iw	wœʎ	ˈɔkkjo	œl	øj	øj	øj	øj	øʧ	ˈoʎu	ɔʧ	okʲ	eʎ	iʎ	eʎ	øʎ	ˈoɣu	ˈokkru	ˈɔkkju	ˈɔkkju	wˈɔkkju	wˈɔʧʧu	ˈoxo	ˈɔkkjo	ˈokkju	ˈɔʧo	ˈɔʧo	ˈɔʧo	uːj
FAR_1		ʎˈonʃe~ʎˈoɲe	ʎuɲ	ʎuɲ	ʎunt		ʎuɲ	ʎunt	lontwˈoŋ	luntˈan	luntˈan	luntˈaːn	lwɛ̃~lwɛ	lwɛ̃	lontˈaŋ	lˈonʃe		lontˈano	dalˈonʧ	lonʧ~dalˈonʧ	ɫˈɔŋɡeː	ɫˈɔŋɡeː	luŋtˈan	luŋtˈan	luŋtˈan	luntˈa	luntˈaŋ		luntˈanə	ljewˈeŋ~lɥeŋ~ljuŋ	lojɲ	lontˈano	lwɛ̃	luŋtˈaŋ	luŋtˈaŋ	løɲ	luŋtˈaŋ	luŋtˈaŋ	lˈõʒɨ	luntˈãn		dəlˈunʃ	ʎˈunʃ	lunʃ	dəlˈœnʧ~dəlˈœnʃ			luntˈanu	luntˈanu	luntˈanu	luntˈanu		lontˈano	lontˈanu	loŋtˈaŋ	loŋtˈaŋ	loŋtˈaŋ~ɰoŋtˈaŋ	lɔ̃
FAR_2	dipˈarte																											dipˈarti													depˈarte																	
FAR_3	lˈarɡu																lˈɒrɡo																														alˈarɡu											
FAR_4																									distˈaːŋte																														distˈaŋte		distˈaŋte	
FAR_5																																														atˈezu												
FAR_6						ənfˈɔɾə																																																				
FAR_7																																																				lˈexos						
FAT (ORGANIC SUBSTANCE)_1																					pˈɪŋɡʷɛ																																					
FAT (ORGANIC SUBSTANCE)_2	ɡrəsˈime	ɡɾˈasa	ɡɾejʃ	ɡɾeʃ	ɡɾejʃ		ɡɾejʃ	ɡɾejʃ	ɡres	ɡraːs	ɡras	ɡraːs	ɡrˈesa	ɡʁɛs	ɡras	ɡɾˈaʃa		ɡrˈasso	ɡras	ɡras			ɡrˈassu	ɡrˈassu	ɡrˈaʃʃa~ɡrˈassu	ɡras	ɡrass	ɡrəsˈimi	ɡrˈassə	ɡɾas	krˈejsə	ɡrˈasso	kʁa	ɡras	ɡras	ɡras	ɡras	ɡras		ɡras	ɡrəsˈime	ɡras	ɡras	ɡras	ɡras	ɡrˈassu	rˈassu	ɾˈassu	ɾˈassu	ɾˈassu	ɾˈassu	ɡɾˈasa	ɡrˈasso		ɡras	ɡras	ɡrˈaso	kʀaʃ
FAT (ORGANIC SUBSTANCE)_3																																																						lˈardu				
FAT (ORGANIC SUBSTANCE)_4						sɛw																																																				
FAT (ORGANIC SUBSTANCE)_5																																							ɡuɾðˈuɾɐ																			
FAT (ORGANIC SUBSTANCE)_6																	(mɒst)																																									
FEATHER_1	pˈe̯anə								pˈajna	pˈɛna	pˈɛna						pˈæna	pˈenna			pˈɛnna~pˈɪnna	pˈɪnna	pˈenna	pˈeŋŋa				pˈe̯anə	pˈennə			pˈenna							pˈenɐ	pˈɛna	pˈanə				pˈɛnə	pˈinna		pˈinna	pˈinna	pˈinna			pˈenna	pˈenna	pˈena		pˈena	
FEATHER_2		(plˈuma)	pɫˈoma	pɫˈomə	pɫˈoma	pɫˈomə	pɫˈomɛ	pɫˈoma				pjˈoma	pʎˈɔ̃ma	plym	plˈume	(plˈuma)			pjˈuma	plˈuma					ʧˈymma	pjˈøma	pjˈyma			plˈymo	plỹmə		plœm	pjˈyma	pjˈyma	pjˈyma	pjˈyma	pjˈyːma				plˈimə	plˈemə	plˈemə			prˈumma				(pjˈuma)	(plˈuma)				pjˈuma		plym
FINGERNAIL_1	ˈunɡʎe	ˈuɲa	ˈuŋɡɫa	ˈuŋɡɫə	ˈuŋɡɫa	ˈuŋɡɫə	ˈuŋɡɫɛ	ˈuŋɡɫa	ˈoŋɡla	ˈuŋʤa	ˈɔnʤa	ˈonʤa	ˈɔ̃ɡʎa	ɔ̃ɡl	oŋɡulˈe	ˈunʎa	ˈuŋɡʎe	ˈuŋɡja	ˈombja	ˈondla	ˈʊŋɡʷɪs	ˈʊŋɡʷɪs	ˈuŋʤa	ˈuŋʤa	ˈuŋʤa	ˈonʤa	ˈunʤa	ˈunɡʎə	ˈoɲɲə~ˈɔɲɲə	ˈuŋɡlo	õŋɡlə	ˈuŋɡja	ɔ̃ɡ	ˈuŋʤa	ˈuŋʤa	ˈuŋʤa	ˈuŋʤa	ˈoːŋʤa	ˈuɲɐ	ˈonʤa	ˈuŋɡje	ˈuŋɡlə	ˈuŋɡlə	ˈuŋɡlə	ˈuŋɡlə	ˈuŋɡa	ˈuŋɡra	ˈuɲɲa	ˈuɲɲa	ˈuɲɲa	ˈuɲɲa	ˈuɲa	ˈuŋɡja	ˈoɲɲa	ˈoŋʤa	ˈoŋʤa	ˈoŋʤa	ɔ̃k
FINGERNAIL_2																																																						rˈunʧu				
FIRE_1																					ˈɪŋnɪs	ˈɪŋnɪs														fø																						
FIRE_2	fˈokŭ	fwˈeu	fɔk	fɔk	fɔk	fɔk	fɔk	fɔk	fuk	foːɡ	fɔɡ	fɔːɡ	fwa	fø	fuːk	fˈɔɣo	fok	fwˈɔko	fek	fwek			fˈøɡu	fˈøːɡu	fø	føk	føːk	fok	fˈokə~fwˈokə~ffwˈokə	fjɔ	few	fwˈɔko	fy	fø	fø		fø~føɡ	føk	fˈoɣu	fuɡ	fok	fjew	fi	fjuk	fø	fˈoɣu	fˈoɡu	fˈɔku	fˈɔku	fwˈɔku	fwˈɔku	fwˈeɣo	fˈɔko	fˈoku	fˈoɡo	fok	fˈɔɡo~fˈoɡo	føː
FIRE_3																lˈume																																										
FISH_1	pˈesku	pˈeʃe	pejʃ	peʃ	pejʃ	peʃ	pejʃ	pejʃ	(pjas)	pɛs	pɛs	pɛs	pˈajsɔ̃~pˈɛsɔ̃	pwasɔ̃	pɛs	pˈejʃe		pˈeʃʃe	peʃ	pəʃ	pˈɪskɪs	pˈɪskɪs	pˈeʃʃu	pˈɛʃʃu	pˈɛːʃʃu	pɛs	pɛss	pˈe̯aʃti	pˈeʃʃə	pɛjs	pˈojsõn	pˈeʃʃe	piʃɔ̃	pəs	pɛs	pɛs	pes	pøs	pˈɐjʃɨ	pɛs	pˈeʃte	peʃ	peʃ	pɛʃ	peʃ	pˈiʃʃi	pˈiske	pˈiʃʃi	pˈiʃʃi	pˈiʃʃi	pˈiʃʃi	peθ	pˈeʃʃe	pˈeʃʃe	pes	pes	pˈese	pɛʃɔ̃
FISH_2																	(rˈibæ)																																									
FLESH OR MEAT_1	kˈarne	kˈaɾne	kaɾn	kaɾn	kaɾn	kaɾn	kaɾn	kaɾn	kwˈorno	kˈɛrna	kˈaran	kˈɛːrna			car	kˈaɾne	kˈɒrne	kˈarne	ɕɛrn	ɕərn	kˈaroː	kˈaroː	kˈarne	kˈarne	kˈaːrne	kˈarne	kˈarna	kˈarni	kˈarnə		ʧar	kˈarne		karn	karn	karn	karŋ	kˈarne	kˈaɾnɨ	kˈeə̯rna	kˈarne	ɕarn	cɛrn	karn	ɕarn			kˈaɾni	kˈanni	kˈaɾni	kˈaɾni	kˈaɾne	kˈarne		kˈarne	kˈarne	kˈarne	ʧoːʀ
FLESH OR MEAT_2																																																						ʧˈiʧʧa				
FLESH OR MEAT_3																																														pˈɛʦʦa	pˈeʦʦa											
FLESH OR MEAT_4													(vjˈãda)	vjɑ̃d																(vjˈande)			vjɑ̃n																									
FLY (MOVE THROUGH AIR)_1	asbˈo̯airŭ	bolˈaɾ	voɫˈaɾ	buɫˈa	boɫˈaɾ	vuɫˈa	boɫˈa	boɫˈaɾ		vulˈɛːr	vulˈar	vulˈɛːr	volˈaː	vɔle	zvolˈaː	boˈaɾ		volˈare	ʒɡolˈɛr	ʒulˈɛ	wɔɫˈaːrɛ	vɔɫˈaːrɛ	ʒoˈaː	ʒuˈa	ʒvuˈɛ	ulˈa~ɡulˈa	ɡulˈa		vulˈa	vulˈa	volˈeːr	volˈare	vɔle	vulˈe	vulˈe	vulˈe	vulˈe	vulˈɛ	vuˈaɾ	vulˈeə̯	azburˈa	ʒɡulˈar	ʒɡulˈar	ʒɡulˈar	ʒvəlˈar	bolˈaj	bolˈare	vulˈaɾi~abbulˈaɾi	vulˈaɾɨ	vulˈaɾi	abbulˈaɾi	bolˈaɾ	volˈare	volˈa	volˈar	volˈar	volˈar~zvoe̯ˈar	vɔle
FLY (MOVE THROUGH AIR)_2																	(letˈi)																																									
FLY (MOVE THROUGH AIR)_3																												(pərəjˈes)																														
FOOT_1	ʧiʧˈorŭ	pje	pɛw	pɛw	pɛw	pɛw	pɛw	pɛw	pins	peː	pjɛ	pɛ	piː	pje	piːt	pɛ	piʧˈor	pjˈɛde	pe	pe	peːs	peːs	peː	pe	pe	pe	pɛ	piʧˈor	pˈɛɾə	pɛt	pje	pjˈɛ~pjˈɛde	pje	pe	pe	pe	pe	pɛ	pɛ	pe	piʧˈor	pe	pe	pej	pɛ~pe	pɛj	pˈede	pˈɛdi	pˈɛɾi~pˈɛdi	pjˈɛɾi	pˈɛɾi	pje	pjˈɛde		pie	pie~pɛ	pie	piː
FOOT_2																																																						fˈetta				
FULL_1	plˈinŭ~mplˈinŭ	enʎˈeno	pɫe	pɫɛ	pɫe	pɫɛ	pɫe	pɫe	plajn	piːn	pin	piːn	pʎɛː	plɛ̃	plɛŋ	ʧˈeo	pʎir	pjˈɛno	pjeŋ	pləŋ	pɫˈeːnʊs	pɫˈeːnʊs	piŋ	piŋ	ʧɛːŋ	pje	pjˈee	ɐmplˈin	kˈinə	pleŋ	plẽj̃n	pjˈɛno	plɛ̃	pjɛŋ	pjɛŋ	pjɛŋ	pjeŋ	piːŋ	ʃˈɐju	pin	plin	plajn	plaɲ	plɛjn	plajn	prˈenu	prˈenu	kˈinu	kˈinu	kˈinu	ʧˈinu	ʎˈeno	pjˈɛno	pjˈenu~pˈinu	pjeŋ	pjeŋ	pjɛŋ~pjeŋ	plɛ̃
GIVE_1	daw	daɾ							dwor	dɛːr	dar	dɛːr			daː	daɾ	dɒ	dˈare	dɛr	dɛ	dˈarɛ	dˈarɛ	daː	da	dɛ	da	da	daw	dˈa			dˈare		de	de	dɛ	dɛ	dɛ	daɾ	deə̯	adˈa	dar	dar	dar	dar		dˈare	dˈaɾi	dˈaɾɨ	dˈaɾi~ɾˈaɾi	dˈaɾi	daɾ	dˈare	da	dar	dar	dar	
GIVE_2			donˈaɾ	dunˈa	donˈaɾ	dunˈa	donˈa	donˈaɾ						dɔne																dunˈa	dõnˈeːr															(donˈaj)												dyne~nne
GIVE_3													baʎˈiː																				baje																									
GOOD_1	bˈunŭ	boŋ	bɔ~bɔn	bɔ~bɔn	bɔ~bɔn	bɔ~bɔn	bɔ~bɔn	bɔ~bɔn	buŋ	bɔwn	bon	bɔwn	bɔ̃	bɔ̃	bɔŋ	bo	bur	bwˈɔno	boŋ	boŋ	bˈɔnʊs	bˈɔnʊs	buŋ	buŋ	buŋ	by	buŋ	bun	bwˈonə~bbwˈonə	boŋ	bõn	bwˈɔno	bwɛ̃	buŋ	buŋ	buŋ	buŋ	boːŋ	bõ	bown	bun	bun	buŋ	bjen	bun	bˈonu	vˈonu	bˈɔnu	bˈɔnu	bwˈɔnu	bwˈɔnu	bwˈeno	bˈɔno	bˈonu	boŋ	bɔŋ	boŋ	bɔ̃
GREEN_1	vˈe̯arde	bˈeɾde	vɛɾt	bɛɾt	bɛɾt	vɛɾt	bɛɾt	bɛɾt	(vjard)	verd	verd	vɛjrd	vɛ	vɛʁ	vɛrt	bˈeɾde		vˈerde	vert	vərt	wˈɪrɪdɪs	vˈɪrɪdɪs	vˈɛrde	vˈerde	vˈɛːrde	ert~vert	veːrt	vˈe̯ardi	vˈɛrdə~vvˈɛrdə	veɾt	vɛrt	vˈerde	vɛʁ	vɛrd	vɛrd	vɛrd	vɛrd	veːrt	vˈeɾðɨ	veːr	vˈerde	vɛrt	vɛrt	vɛrt	vɛrt	bˈirdi	vˈirde	vˈiɾdi	vˈiddɨ	vˈiɾdi	vˈiɾdi	bˈeɾðe	vˈerde	vˈerde	vert	vert	vˈerde	vɛʀ
GREEN_2																	(zelˈen)																																									
HAIR_1			kaβˈeʎ	kəβˈɛʎ		kəβˈɛj	kaβˈeʎ	(kaβˈeʎ)	kapˈej	kavˈiː	kavˈi	kavˈiː	(ʃevˈøː)	ʃəvø	cavˈɛj	kaβˈelo		kapˈello	ɕavˈej	ɕavˈəj	kˈapɪɫɫʊs	kˈapɪɫɫʊs	kavˈelli	kavˈelli	kavˈɛːji	kjˈej	kavˈɛll		kapˈillə		ʧəvˈel	kapˈello	kavjo	kavɛj	kavɛj	kavɛj	kavˈej	kavˈøj	kɐβˈelu	kavˈɛl		ɕəvˈɛls	cəvˈɛls	kəvˈɛʎs	ɕəvˈɛls			kapˈiɖɖi	kapˈiɖɖɨ	kapˈiɖɖi	kapˈiɖɖi		kapˈelli	kˈapillu	kavˈei	kavˈei	kavˈei	ʧyvɛ~ʧvɛ
HAIR_2	pˈerŭ	pˈelo														pˈelo	per											per		pɛw		pˈelo									pər					pˈiluzu	pˈilos					pˈelo						
HAIR_3					mˈoɲo																																																					
HAND_1	mˈɨnə	mˈano	ma	ma	ma	ma	ma	ma	mwoŋ	maŋ	man	maːn	mã	mɛ̃	maŋ	maŋ	mər	mˈano	maŋ	maŋ	mˈanʊs	mˈanʊs	maŋ	maŋ	maŋ	ma	maŋ	mˈɔnə	mˈanə	maŋ	mẽj̃n	mˈano	mɛ̃	maŋ	maŋ	maŋ	maŋ	maŋ	mɐ̃w̃	mãn	mˈɨnə	mawn	maŋ	mawn	man	mˈanu	mˈanu	mˈanu	mˈanu	mˈanu	mˈanu	mˈano	mˈano	(mˈano)	maŋ	maŋ	maŋ	mwɛ̃
HEAD_1	kˈapŭ	kabˈeθa	kap	kap	kap	kap	kap	kap	kup		kɔ				caːf	kaβˈeθa	kɒp		ʧef	ʧə	kˈapʊt	kˈapʊt				ko	kˈoo	kap	kˈapə		ʧjef	kˈapo							kɐβˈesɐ		kap	ɕaw	cˈeə	ɕaw	ɕew							kaβˈeθa		kapˈɔʧʧa				
HEAD_2		tjˈesta							(tjˈasta)	tˈɛsta		tˈɛsta	tˈeta	tɛt				tˈɛsta					tˈesta	tˈesta	tˈɛːsta					tˈɛsto		tˈɛsta	tjɛt	tˈɛsta	tˈesta	tˈɛsta	tˈesta	tˈɛsta		tˈɛə̯sta								tˈɛsta	tˈɛsta	tjˈɛsta	tˈɛsta		tˈɛsta		tˈɛsta	tˈɛsta	tˈɛsta	tjɛːs
HEAD_3																																														kˈɔŋka	kˈoŋka											
HEART_1		koɾaθˈoŋ	kɔɾ	kɔɾ	kɔɾ	kɔ	kɔɾ	kɔɾ	kwor	koːr	kɔr	koːr	køː	kœʁ	kuːr	koɾaθˈoŋ		kwˈɔre	ker	kwer	kɔr	kɔr	kø	kø	kø	kør	køːr		kˈɔɾə	kɔɾ	kwœr	kwˈɔre	ʧœʁ	kør	kør	kør	kør	kør	kuɾɐsˈɐ̃w̃	kɔə̯r		kor	kor	kor	kɔwr	kˈɔru	kˈoro	kˈɔɾi	kˈɔɾɨ	kwˈɔɾi	kˈɔɾi	koɾaθˈon	kˈɔre	kˈɔre	kɔr	kɔr	kwɔr	kœːʀ
HEART_2																												burˈik																														
HEART_3	ˈinimə																jˈirimæ																								ˈinimə																	
HEAR_1	ˈavdu												awˈire			owβˈiɾ	avzˈi			awdˈi	awdˈiːrɛ	awdˈiːrɛ						ut		awzˈi	oˈir	udˈire							owvˈiɾ		aawzˈi	udˈir		udˈir	dudˈir							oˈiɾ						
HEAR_2		sentˈiɾ	sentˈiɾ	səntˈi	sentˈiɾ	səntˈi	sentˈi	sentˈiɾ	sentˈar	siŋtˈiːr	sintˈir	sˈɛjnteːr~sintˈɛjr			sintˈiː			sentˈire	sentˈir				seŋtˈiː	seŋtˈi	seŋtˈi	sintˈi~sentˈi	sentˈi		səntˈi					sˈɛŋte	sˈɛŋte	sˈɛŋte	sˈeŋte	sˈeːŋti		sintˈi			santˈɛkr					sˈɛntiɾi	sˈɛntɨɾɨ	sjˈɛntiɾi	sˈɛntiɾi		sentˈire	sintˈi	seŋtˈir	seŋtˈir	seŋtˈir	
HEAR_3													(ɛ̃tˈɛ̃dre)~(ɛtˈɛdre)	ɑ̃tɑ̃dʁ																(entˈɛndɾe)			ɛ̃tɛ̃d													intˈɛndi	intˈendere											atɛ̃t
HEAVY_1	ɡrew																ɡrev				ɡrˈawɪs	ɡrˈavɪs				ɡref		ɡrew				ɡrˈave		ɡrɛv	ɡrɛv	ɡrɛv	ɡrɛv				ɡrew	ɡref	ɡref	ɡref	ɡrɛjf	ɡraj	ɡrˈave									ɡrew		
HEAVY_2		pesˈao	pezˈat	pəzˈat~pəzˈan	pesˈat	pəzˈat	pezˈat~pezˈan	pezˈat	pezwˈont	peːz	pes	pɛjz	pɛzã		pezˈant	pesˈaðo		pesˈante	pezˈok	pəzˈɔk			pezˈaŋte	pezˈaːŋte	pezˈaːŋte		pezˈaːnt		pəsˈantə~pˈisantə	pˈɛwʤe~pˈezant	pəzˈãnt							pizˈaːŋt	pɨzˈaðu	pˈɛzãnt					pəzˈant			pisˈanti	pisˈantɨ	pisˈanti	pisˈanti	pesˈaðo	pˈeso	pˈesu	pezˈaŋte		pezˈaŋte	pɛzã
HEAVY_3														luʁ																(luɾd)			luʁ																									
HORN (ANATOMY)_1	kˈornu	kwˈeɾno							kwarŋ	kˈɔren	kˈɔran	kˈɔːren	kˈøːrna	kɔʁn	kwaːr	kˈɔɾno	korn	kˈɔrno	kɔrn	kɔrn	kˈɔrnuː	kˈɔrnuː	kˈɔːrnu	kˈɔrnu	kˈɔːrnu	kˈøren	kˈɔrnu	korn	kˈɔrnə		kɔr	kˈɔrno	kɔʁn	kɔrn	kɔrn	kɔrn	kɔrn	kˈɔːrnu	kˈoɾnu	kˈɔə̯ran	korn	kˈɔrnə	kˈɔrnə	kˈɔrnə~ɕjern	kˈɔrnə	kˈɔrru	kˈorru	kˈɔɾnu	kˈɔnnu	kwˈɔɾnu	kwˈɔɾnu	kwˈerno	kˈɔrno	kˈornu	kˈɔrno	kˈɔrno	kˈɔrno	kwãn
HORN (ANATOMY)_2			(bˈaɲa)	(bˈaɲə)	(bˈaɲa)	(bˈaɲə)	(bˈaɲɛ)	(bˈaɲa)																						(bˈano)																												
HORN (ANATOMY)_3																																							(ʃˈifɾɨ)																			
I_1	jo	jo	jɔ	ʒɔ	jo	ʒɔ	jɔ	jɔ	ju				dɛ	ʒə	jo	ɛw	jo	ˈio	ʤe	je	ˈɛɡoː~ˈɛɡɔ	ˈɛɡɔ						jo~jew~iwə	ˈijə~i	jew	ʤə	ˈio	eʒ						ew		jew	jaw	ˈiə	jew	ɛw	dɛw	dˈeo	ju	jɔ	jɔ~ju	ju	ɟ͡ʝo	ˈio	ˈio				ʤy
I_2	mˈine	mi	me	mə	me	mɛ	me	me	me~mi	mɛ	mi	me	maj~mɛ	mwa	me	miŋ	mˈire	me	me	me	meːd	meː	mi	mi	mi	me	mi	mini	me	me	moj	me	mi	mi	mi	mi	mi	miː	mɨ	me	mˈine		me	mej	maj	mɛj	me	mi	mi	mi	mi	mi	me	me	mi	mi	mi	mi
KILL_1																	uʧˈide	uʧʧˈidere			ɔkkˈiːdɛrɛ	ɔkkˈiːdɛrɛ							aʧʧˈiɾəɾə		oʦˈirə	anʧˈidere									auʧˈide																	
KILL_10																																									(aomorˈɨ)																	
KILL_2																												nek																														
KILL_3	vˈatəm																																																									
KILL_4									dramwˈor																																																	
KILL_5															kopˈaː											køpˈa														akupˈeə̯					kəpˈar										kopˈar	kopˈar	kopˈar	
KILL_6										masˈɛːr	maʦˈar	masˈɛːr							maʦˈɛr	maʦˈɛ			massˈaː	ammassˈa	maʦʦˈɛ		maʦˈa							masˈe	masˈe	masˈe	masˈɛ	masˈɛ				məʦˈar	məʦˈar	məʦˈar				ammaʦʦˈaɾi~mmaʦʦˈaɾi	ammaʦʦˈaɾɨ	ammaʦʦˈaɾi	ammaʦʦˈaɾi		ammaʦʦˈare	mmaʦʦˈa				
KILL_7																																														boʧʧˈiri	bokkˈire											
KILL_8		matˈaɾ	matˈaɾ	mətˈa	matˈaɾ	mətˈa	matˈa	matˈaɾ								matˈaɾ																							mɐtˈaɾ													matˈaɾ						
KILL_9													(twaː)	tɥe																(tyˈa)~(tyjˈa)			tɥe																									tuwe
KNEE_1	ʒinˈukʎu		ʤinˈoʎ	ʒənˈoʎ	ʧenˈoʎ	ʒunˈoj	ʒinˈoʎ	ʧinˈoʎ	ʤinwˈak~ʤinˈawk	znɔːʧ	ʒnɔʧ	ʒnɔːʧ	ðɛnˈœ~ðɛnˈɔ~ðɛnˈoj	ʒənu	ʤenˈɔli	ʃeˈonʎo	ʒerˈuŋkʎu	ʤinˈɔkkjo	ʒənˈeje	ʒənˈodl	ɡˈɛnʊ	ɡˈɛnʊ	ʒenˈuʤʤu	zenˈuʤʤu	ʒenˈuʤʤu	zønˈøʧ	ʤinˈøʧʧ	zinˈukʎu	dənˈukkjə	ʤejnˈuj~ʤinˈuŋ	ʤənˈoʎ	ʤinˈɔkkjo	eʒnu	ʤinˈuj	ʤinˈuj	ʤinˈuj	ʤˈinuj	znøʧ	ʒuˈɐʎu	ʒnɔʧ	ʤenˈuŋkʲ	ʒənˈuʎ	ʒənˈuʎ	ʒənˈuʎ	ʒnwoʎ	ʒenˈuɣu	benˈukkru	ʤinˈɔkkju~dinˈɔkkju~inˈɔkkju	ʤinˈɔkkju	ɾinwˈɔkkju	ɾinwˈɔʧʧu		ʤinˈɔkkjo	ʤinˈokkju	denˈɔʧo	denˈɔʧo	zenˈɔʧo	ʤynɔ~ɲɲɔ
KNEE_2		rodjˈeʎa																																																		roðˈiʎa						
KNOW (SOMETHING)_1	ʃtiw																ʃti				skˈiːrɛ	skˈiːrɛ						ʃtiw													aʃtˈi					ʃˈiri	iskˈire											
KNOW (SOMETHING)_2		sabˈeɾ	saβˈeɾ	saβˈɛ	saβˈeɾ	sˈɛβɾə	saβˈe~sapiɣˈe	saβˈeɾ	sapˈar	savˈer	saˈɛr	savˈɛjr	savˈaj	savwaʁ	savˈeː	saβˈeɾ		sapˈere	saˈer	savˈəj			savˈeː	savˈej	savˈɛj	saˈi	savˈɛ		sapˈɛ~sapˈe	sˈawpɾe~saʧˈe	savˈojr	sapˈere	savweʁ	savˈɛj	savˈɛj	savˈɛj	savˈej	savˈej	sɐβˈeɾ	savˈeː		səvˈajr	səvˈɛkr	səvˈer	səvˈajr			sapˈiɾi	sapˈiɾɨ	sˈapiɾi~sapˈiɾi	sapˈiɾi	saβˈeɾ	sapˈere	sapˈe	savˈer	saˈer~savˈer	savˈer	sawɛ~sawɛʀ
LEAF_1		fwˈeja	fˈuʎa	fˈuʎə	fˈuʎa	fˈuə	fˈuʎɛ	fˈuʎa	fwˈaʎa~fwaʎ	fˈoja	fˈɔja	fˈɔja	fˈoʎe	fœj	fwˈee	fˈoʎa	fˈoʎe	fˈɔʎʎa	fˈoa		fˈɔlɪũ	fˈɔljũ	fˈøʤʤa	fˈøʤa	fˈøːja	fˈɔja	fˈøja		fˈɔʎʎə	fɥˈɛjo	fwˈœʎə	fˈɔʎʎa	fœl	fˈøja	fˈøja	fˈøja	fˈøja	fˈɔːja	fˈoʎɐ	fˈoja		feʎ	fiʎ	feʎ	fˈøʎə	fˈɔlla	fˈoʒa	fˈɔɟɟa	fˈɔɟɟa	fwˈɔɟɟa	fˈɔɟɟa	ˈoxa	fˈɔʎʎa	fˈɔja	fˈɔja	fˈɔja	fˈɔja	fuj
LEAF_2	frˈɨnʒə																											frˈunzə													frˈunzə																	
LEAF_3																				plˈeʧa																																						
LEAF_4																																																		pˈampina	pˈammina							
LIE (REST)_1	ʒˈakŭ					ʒˈɛwɾə				zakˈɛːr		ʒakˈɛːr~ʒakwˈer					zaʧˈɒ			ʤˈəʒər	jakˈeːrɛ	jakˈeːrɛ						zak			ʤezˈir	ʤaʧˈere										ʤəʒˈajr		ʒer	ʤəʒˈajr													
LIE (REST)_10		estˈaɾtumbˈao	estˈaɾtombˈat																																																	estˈaɾtumbˈaðo						
LIE (REST)_11					estˈaɾʧitˈat			ʧitˈaɾse																																																		
LIE (REST)_12																dejtˈaɾse																							iʃtˈaɾdɐjtˈaðu																			
LIE (REST)_2											kuʧˈars			ɛtʁkuʃe									ˈeːseakwˈeːɡoːw						stˈakukkˈatə~kukkˈa				ɛtkuʧe	stˈekuʤˈa	stˈekuʤˈa	stˈekuʤˈa	stˈɛkuʤˈa	stɛkwatˈaː~vesikwatˈaː			astˈakulkˈat~afˈikulkˈat					abarrˈajkrokkˈaw	essˈerekolkˈadu~istˈarekolkˈadu	kuɾkˈaɾisi	kukkˈaɾɨsɨ	kuɾkˈaɾisi								ɛskuːʧeː
LIE (REST)_3				əstˈastiɾˈat			astˈaastiɾˈat								jesidistirˈaːt																																										stˈardestirˈa	
LIE (REST)_4																				ʃtˈɛpundˈu~veʃtˈərpundˈu																																						
LIE (REST)_5																			ˈeserbutˈaʒˈu~ʃtˈerbutˈaʒˈu							bøtˈassˈo	bytˈassʤˈu																												stˈarbutˈado	stˈarbutˈado		
LIE (REST)_6																																											ʃtˈartˈarə															
LIE (REST)_7																		ˈɛsserezdrajˈato						sdrˈajaːse																													ˈɛsserezdrajˈato					
LIE (REST)_8																									ruversˈeːse																																	
LIE (REST)_9																																																			ʃtinnˈiɾisi			ʃtˈɛnnese				
LIVER_1																					jˈɛkʊr	jˈɔkʊr																																				
LIVER_2	ɕikˈatŭ~ixkˈatŭ	fˈeɡado	fˈeʤe	fˈeʤə	fˈeʧe	fˈeʤə	fˈeʤe	fˈeʧe	fiɡwˈot	fˈedeɡ	fˈɛɡat	fˈedeɡ	fˈɛðo	fwa	fiˈaːt	fˈiɣaðo	fikˈɒʦ	fˈeɡato	fjˈanˈejɡɛr	fujˈafˈoʃk			fˈeɡatu	fiɡˈɛːtu	fˈeɡatu	fˈidek	fˈidɛk		fˈɛɣatə~fˈeɣatə~fˈekatə	fˈeʤe	fˈojə	fˈeɡato	fwɛ	fˈidik	fˈidik	fˈidik	fˈedik	fˈiːdik	fˈiɣɐðu	fˈeːɡat	fikˈat					fiɡˈaw	fˈikadu	fˈikatu	fˈikatu	fˈikatu	fˈikitu	ˈiɣaðo	fˈeɡato	fˈekatu~fˈeðiɡu	fˈeɡato	fˈɛɡato	fiɡˈa	fwa
LIVER_4																																										ɲirˈom	nirˈom		ɲərˈom~ɲirˈom													
LIVER_5																																										dir	dɛkr	dir														
LIVER_6																												(drop)																														
LONG_1	lˈunɡu								luŋɡ	luŋɡ	luŋɡ	lɔŋɡ	lɔ̃	lɔ̃	luŋk	lˈoŋɡo	luŋɡ	lˈuŋɡo	loŋk	loŋk	ɫˈɔŋɡʊs	ɫˈɔŋɡʊs	lˈuŋɡu	lˈuŋɡu	lˈuŋɡu	loŋk	loŋk	lunk	lwˈoŋɡə	loŋk	lõŋk	lˈuŋɡo	lɔ̃	luŋɡ	luŋɡ	luŋɡ	luŋɡ	loːŋ		loŋɡ	luŋɡ	luŋ	luŋ	ljuŋ	luŋ	lˈoŋɡu	lˈoŋɡu	lˈɔŋɡu	lˈɔŋɡu	lwˈɔŋɡu	lwˈɔŋku		lˈuŋɡo	lˈoŋɡu	lɔŋk	lɔŋk	e̯ˈoŋɡo	lɔ̃
LONG_2		ʎˈaɾɡo	ʎaɾk	ʎaɾk	ʎaɾk	ʎaɾk	ʎaɾk	ʎaɾk																																												lˈaɾɡo						
LONG_3																																							kõmpɾˈiðu																			
LOUSE_1	pidˈukʎu	pjˈojo	poʎ	poʎ	poʎ	poj	poʎ	poʎ	pedˈoklo	pjoːʧ	vdɔʧ	pjoːʧ	pjy~pjyː	pu	pedˈɔli	piˈoʎo	pedˈukʎu	pidˈɔkkjo	pˈoje	podl	pˈeːdɪs	pˈeːdɪs	piɡˈøʤʤu	piɡˈøʤʤu	pjˈøʤʤu	pjøʧ	pjøʧʧ	pidˈukʎu	pəɾˈukkjə	pezˈu	peˈoʎə	pidˈɔkkjo	pu	puj	puj	puj	puj	pjøʧ	piˈoʎu	bdɔʧ	pədˈuke	pluʎ	pluʎ	pluʎ	plwoʎ	priˈoɣu	preˈukku	piɾˈɔkkju~pidˈɔkkju	piɾˈɔkkju~pidˈɔkkju	piɾwˈɔkkju	pɾˈuʧʧu	pjˈoxo	pidˈɔkkjo	piðˈokkju	pedˈɔʧo	pedˈɔʧo	peˈɔʧo~peˈoʧo	pøː
MALE PERSON_1																					wɪr	vɪr																																				
MALE PERSON_2		ˈome	ˈɔme	ˈɔmə	ˈɔme	ˈɔmu	ˈɔme	ˈɔme	om~jom	ˈɔm	ˈɔman	om	ˈomo	ɔm	ɔm	ˈɔme		wˈɔmo	om			ˈɔmoː	ˈɔmmu	ˈɔmmu	ˈɔmmu	øm	omm		ˈɔmmə	ˈɔme	ˈõmə	wˈɔmo	ɔ̃m	ˈɔm	ˈɔm	ˈɔm	ɔm	ˈoːmaŋ	ˈɔmɐ̃j̃	om		um	om	um	om	ˈommini	ˈommine	ˈɔmu			wˈɔmminu	ˈombɾe	ˈɔmo	ˈɔme	ɔm	ɔm	ˈɔmo	ɔm
MALE PERSON_3	bərbˈatŭ																											bərbˈat													bərbˈat																	
MALE PERSON_4																				əl																																						
MALE PERSON_5																																mˈaskjo																	mˈaskulu	mˈaʃkulu								
MALE PERSON_6																	(mˈuʃki)																																									
MANY_1	mˈultu	mˈunʧo	moɫt	moɫ	moɫt	moɫt	moɫ	moɫt	mwalt							mˈojto	majmˈunt	mˈolto	nmˈuje		mˈʊɫtʊs	mˈʊɫtʊs	iŋmˈuʤʤu	mˈuʤʤu				mult						əŋmˈyʧ				aŋmˈyʧ	mˈũj̃tu		mult											mˈuʧo						
MANY_10																	(ʧˈuda)													fˈɔɾso																												
MANY_11																														bɾavamˈeŋ	(mẽj̃nt)																											bʀaːmɛ̃
MANY_12													bjɛ																																													
MANY_13														boku																																												
MANY_14																																	ɡʁɑ̃mɛ̃																									
MANY_2										tant		taːnt			tanc			tˈanto								tˈanʧe	tˈaːnti					mˈolto		tˈaŋti	tˈaŋti	tˈaŋt	tˈaŋt	tˈaŋʧi															tˈanto	tˈantu	tˈaŋti	tˈaŋti	tˈaŋti	
MANY_3																			trop	trwep																																						
MANY_4																																										bler	bler	bja	bler													
MANY_5																																								unmˈownt																		
MANY_6											parˈɛʧ																		paɾˈikkjə																													
MANY_7																									dibˈɛːli																																	
MANY_8																													assˈajə																			assˈai	assˈai	assˈai	assˈai							
MANY_9																																														mˈeða~mˈera	mˈedas											
MOON_1	lˈunə	ʎˈuna	ʎˈuna	ʎˈunə	ʎˈuna	ʎˈunə	ʎˈunɛ	ʎˈuna	lˈojna	lˈuna	lˈuna	lˈuːna	lna	lyn	lˈune	lˈua	lˈuræ	lˈuna	lˈuna	lˈuna	ɫˈuːna	ɫˈuːna	lˈyŋŋa	lˈyŋŋa	lˈyːŋŋa	lˈyna	lˈyna	lˈunə	lˈunə	lˈyno	lỹnə	lˈuna	lœn	lˈyŋa	lˈyŋa	lˈyŋa	lˈyŋa	lˈyŋa	lˈuɐ	lˈowna	lˈunə	ʎˈinə	ʎˈiɲə	ʎˈinə	ʎˈynə	lˈuna	lˈuna	lˈuna	lˈuna	lˈuna	lˈuna	lˈuna	lˈuna	lˈuna	lˈuna	lˈuna	lˈuna~ɰˈuna	lyn
MOUNTAIN_1	mˈunte	montˈaɲa	muntˈaɲa	muntˈaɲə	muntˈaɲa	muntˈaɲə	muntˈaɲɛ~montˈaɲɛ	muntˈaɲa	mwant	muntˈaɲa	muntˈaɲa	muntˈaːɲa	mɔ̃tˈaɲe	mɔ̃taɲ	mɔnt	montˈaɲa		montˈaɲɲa~mˈonte			moːns	moːns		muntˈaɲa		montˈaɲa	muntˈaɲa	mˈunti	muntˈaɲɲə	muntˈaɲo	mõntˈẽj̃ɲə	mˈonte~montˈaɲa	mɔ̃tɛ̃ɲ	muŋt~muŋtˈaɲa	muŋtˈaɲa	muŋtˈaɲa	muŋtˈaɲa	muŋtˈaːɲa	mõntˈɐɲɐ~mˈõntɨ	mownt~muntˈãɲa	mˈunte	muntˈoɲə	muntˈoɲə		muntˈoɲə	mˈɔnti	mˈonte	muntˈaɲɲa	mˈunti~muntˈaɲɲa	muntˈaɲɲa	muntˈaɲɲa	montˈaɲa	montˈaɲɲa~mˈonte	mˈonte	moŋtˈaɲa	moŋtˈaɲa	moŋtˈaɲa	mɔ̃taɲ
MOUNTAIN_2																	kˈodru																																									
MOUNTAIN_4																																												kwɔlm														
MOUNTAIN_5																							brˈikku		brˈikku																																	
MOUNTAIN_6																			(krˈepa)	(krəp)																																						
MOUTH_1																					oːs	oːs																																				
MOUTH_2																												rost																														
MOUTH_3	ɡˈurə												ɡrwɛ̃				ɡˈuræ																								ɡˈurə																	
MOUTH_4		bˈoka	bˈoka	bˈokə	bˈoka	bˈokə	bˈokɛ	bˈoka	(bwak)	bˈɔka	bˈɔka	bˈɔka		buʃ	bˈɔce	bˈoka		bˈokka	bˈoʧa	bˈoʧa			bˈukka	bˈukka	bˈukka	bˈoka	bˈuka		vˈokkə	bˈuko	bˈoʧə	bˈokka	buk	bˈuka	bˈuka	bˈuka	bˈuka	bˈuka	bˈokɐ	bˈoka		bˈukə	bˈukə	bˈukə	bˈɔkə	bˈukka	vˈukka	vˈukka~ˈukka	bˈukka	vˈukka	vˈukka~ˈukka	bˈoka	bˈokka	vˈokka	bˈoka	bˈoka	bˈoka	buʧ
NAME_1	nˈumə	nˈome	nɔm	nɔm	nɔm	nɔm	nɔm	nɔm	nawŋ~nam	nɔm	nom	nɔm	nɔ̃	nɔ̃	nɔŋ	nˈome	lˈume	nˈome	inˈom	inwˈem	nˈoːmɛn	nˈoːmɛn	nˈumme	nˈumme	nˈumme	nɔm	nomm	nˈumi	nˈɔmmə	num	nõm	nˈome	nɔ̃	nɔm	nɔm	nɔm	nɔm	nɔːm	nˈomɨ	nom	nˈume	num	nom	num	nom	nˈɔmini	lˈummene	nˈɔmu	nˈumi	nwˈɔmu~nwˈɔmmu	nˈɔmi	nˈombɾe	nˈome	nˈome	nˈɔme	nˈɔme	nˈɔme	nɔ̃
NEAR_1	aprˈo̯ape		apɾˈɔp	əpɾˈɔp	pɾɔp	əpɾˈɔp	apɾˈɔp	pɾɔp									prˈope				prˈɔpɛ	prˈɔpɛ						prˈo̯api		pɾˈɔʧe											aprˈo̯ape																	
NEAR_10																																															akˈante											
NEAR_11																																															akkˈurʦʦu											
NEAR_12		θˈeɾka														θˈeɾka																																				θˈeɾka						
NEAR_13																pɾˈɛto																							pˈɛɾtu																			
NEAR_14																																							(pɾˈɔsimu)																			
NEAR_2									alˈiʧ																																																	
NEAR_3															dˈɔnɟe																																											
NEAR_4										zvɛjn	vsin	vzejn						viʧˈino	daveʒˈiŋ	dawʒˈiŋ			veʒˈiːn	viʒˈin	viʒˈin	izˈi	vizˈiŋ		viʃˈinə~beʃˈinə					davzˈiŋ	vzˈiŋ	davzˈiŋ	avzˈiŋ	vziːŋ		bzẽn						biʒinu		viʧˈinu	vɨʧˈinu	viʧˈinu	viʧˈinu		viʧˈino	viʧˈinu	vizˈiŋ	vezˈiŋ	visˈiŋ	
NEAR_5																																										dəmənˈajvəl	mənˈevəl	dəmənˈɛjvəl														
NEAR_6																																												dətjˈer														
NEAR_7																																													dəʃtrˈuʃ													
NEAR_8												arˈɛjnt																																														
NEAR_9													pre	pʁɛ																	prɛs	prˈɛsso	pʁe																									tupʀɛ
NECK_1			kɔʎ	kɔʎ	kɔʎ	kɔj	kɔʎ	kɔʎ	kwal	kɔːl	kɔl	kɔːl	ku~kuː	ku	kwɛl			kˈɔllo	kɔl	kɔl	kˈɔɫɫũ	kˈɔɫɫũ	kˈøllu	kˈɔllu	kˈoːllu	kɔl	kɔll		kwˈollə	kɔw~kuj	kol	kˈɔllo	kɔ	kɔl	kɔl	kɔl	kɔl	kɔl		kɔl		kuljˈeʦ	kuljˈeʦ	kuljˈeʦ	kulˈøʦ		kˈoɖɖu	kˈɔɖɖu	kˈɔɖɖu	kwˈɔɖɖu	kwˈɔɖɖu	kwˈeʎo	kˈɔllo	kˈollu	kɔl	kɔl	kˈɔe̯o	kõː
NECK_2	ɡˈuʃe																											ɡˈuʃə																														
NECK_3																	ʧerbˈiʧe																																									
NECK_4																																									ɡɨt																	
NECK_5																																														ʦˈuɣu												
NECK_6		peskwˈeθo														peskˈɔθo																							pɨʃkˈosu																			
NEW_1	now	nwˈeu	nɔw	nɔw	nɔw	nɔw	nɔw	nɔw	nuf~nwaf	noːv	nov	noːv	novˈe	nuvo	ɲuːf	nˈɔβo	nov	nwˈɔvo	nef	nwef	nˈɔwʊs	nˈɔvʊs	nˈøvu	nˈøːvu	nˈøːvu	nøf	nøːf	now	nwˈovə	nuvˈɛw	nˈovel	nwˈɔvo	nuvjø	nøv	nøw	nøv	nøv	nøf	nˈovu	nɔə̯v	now	nof	nof	nɛjf	nowf	now	nˈovu	nˈɔvu	nˈɔvu	nwˈɔvu	nˈɔvu	nwˈeβo	nˈɔvo	nˈɔu	nˈovo	nɔw	nˈovo	noveː~nyː
NIGHT_1	nˈo̯apte	nwˈeʧe	nit	nit	nit	nit	nit	nit	nwat	nɔːt	nɔt	nɔːt~nˈɔːta	ne	nɥi	ɲɔt	nˈojte	nˈopte	nˈɔtte	net	nwet	nɔks	nɔks	nˈøtte	nˈøtte	nˈøʧʧe	nøʧ	nɔʧʧ	nˈo̯apti	nˈɔttə	nɥe~nˈiwe~niw	nɥit	nˈɔtte	nɥi	nøjt	nøjt	nøjt	nøjt	nøʧ	nˈojtɨ	nˈɔta	nˈo̯apte	noɕ	noc	noɕ	not	nˈɔtti	nˈotte	nˈɔtti	nˈutti	nwˈɔtti	nˈɔtti	nˈoʧe	nˈɔte	nˈɔtte	nɔt	nɔt	nˈɔte	nyt
NOSE_1			nas	nas	nas	nas	nas	nas	nwos	nɛːz	nas	nɛːs	naː	ne	naːs		nɒs	nˈaso	nɛs	nɛs	nˈaːssũ	nˈaːssʊs	nˈazu	nˈazu	nˈaːzu	nas	nas	nas	nˈasə	nas	nes	nˈaso	naz	nas	naz	nas	nas	nas		neə̯z	nas	nas	nas	nas	nas	nˈazu	nˈasu	nˈasu	nˈaska	nˈasu	nˈasu		nˈaso	nˈasu	nas	nas	nˈazo	ne
NOSE_2	nˈare	nˈaɾiθ														naɾˈiθ																							nɐɾˈiʃ													naɾˈiθ						
NOT_1	nu	noŋ	no	no	no	no	no	no	noŋ~no	nɔmˈia			nepaː~nepaːz	nəpa	nɔ	noŋ	nu	non	no	nenˈia	noːn	noːn	nu	nu	nɛ~nu			nu	nun	nuŋ~nani	nəpas	non	npwɛ̃	nɛŋ	nɛŋ	nɛŋ	nɛŋ	neːŋ	nɐ̃w̃	n	nu				nu	nɔ	non	nɔ~nun	nɔ	nɔ	nun	no	un	non	no	no	no	nynɛ̃
NOT_2																																										beɕ	bec	buk~bukə														
NOT_3												mˈia														mˈia	mˈiɲa																															
NOT_4										nɔmˈia	brˈiza																																															
NOT_5													nepaː~nepaːz	nəpa																	nəpas			(pa)	(pa)		(pa)																					
NOT_6																																	npwɛ̃																									
ONE_1	ˈunŭ	uŋ	un	un	un	un	un	un	jojŋ	un	un	uːn~vɔn	jɔ̃~jɔ̃n	œ̃	uŋ	uŋ	ur	ˈuno	uŋ	uŋ	ˈuːnʊs	ˈuːnʊs	uŋ	yŋ	yːŋ	y	vyŋ	un	ˈunə	yŋ	ỹn	ˈuno	œ̃	yŋ	yŋ	yŋ	yŋ	jyŋ	ũ	own	un	en	en	in	yn	ˈunu	ˈunu	ˈunu	ˈunu	ˈunu	ˈunu	un	ˈuno	ˈunu	ˈuno	uŋ	ˈuno	ɛ̃
PERSON_1	ˈomŭ	ˈome	ˈɔme	ˈɔmə	ˈɔme	ˈɔmu	ˈɔme	ˈɔme	om~jom	ɔm		om	ˈomo	ɔm	ɔm	ˈɔme	om	wˈɔmo	om	(wˈɔmo)	hˈɔmoː	ˈɔmoː	ˈɔmmu	ˈɔmmu		øm	omm	wom		ˈɔme	ˈõmə	wˈɔmo	ɔ̃m	ˈɔm	ˈɔm	ˈɔm	ɔm	ˈoːmaŋ	ˈɔmɐ̃j̃		om				umˈan	ˈommini	ˈommine					ˈombɾe	ˈɔmo	ˈɔmu	ɔm	ɔm	ˈɔmo	
PERSON_2											stjan														kristjˈaŋ				krəstjˈanə											sʧãn		kərʃɕˈawn	kərʃcˈaŋ	kərʃɕˈawn				kɾistjˈanu	kɾɨstjˈanu	kɾiʃtjˈanu	kɾiʃtjˈanu							
PERSON_3					peɾsˈona																																persˈoŋa																					
PERSON_4																																																										ʤɛ̃
RAIN (PRECIPITATION)_1	plˈo̯aje	ʎˈubja	pɫˈuʤa	pɫˈuʒə	pɫˈuʧa	pɫˈuʒə	pɫˈuʒɛ	pɫˈuʧa	plovaja~pluv	pjˈova	pjˈɔva		pʎˈoðe	plɥi	plˈɔje~plˈɔe	ʧˈojβa	plˈoje	pjˈɔʤʤa	pjˈevja	plwˈeja	pɫˈʊwɪa	pɫˈʊvja		pˈuja				plˈo̯ajə	kjˈɔʤʤə	plɥˈɛjo	plɥˈiə	pjˈɔʤʤa	plœv	pjˈøva	pjˈøva	pjˈøva	pjˈøva	pjˈɔva	ʃˈuvɐ	pjˈuva	plˈo̯aje	pljˈɛvʤə	pljˈɛvʤə	pljˈɛvʤə	plˈøvʤə		prˈoɡida	kjuvˈuta	kjuvˈuta			ʎˈuβja	pjˈɔʤʤa	pjˈɔɟɟa	pjˈova	pjˈova	pjˈɔva~pjˈova	plyːf
RAIN (PRECIPITATION)_2												ˈaːkva~ˈaːkwa											ˈɛːɡwa		ˈɛːɡwa	ˈakkwa	ˈakkwa																			ˈabba				ˈakkwa	ˈakkwa							
RED_1			rɔʧ		rɔʧ		rɔʧ	rɔʧ					rˈoðo	ʁuʒ							rˈʊbɛr									ʀˈuʤe	rˈoʤə		ʁuʃ													arrˈubju	rˈuvju											ʀuʧ
RED_2	arˈoʃŭ								raws~rwas	rɔs	ros	rɔs			rɔs		rˈojsu	rˈosso					rˈussu	rˈuʒu	rˈussu	ros	russ	roʃ	rˈussə			rˈosso		rus	rus	rus	rus	rus		roz	rˈoʃu							rrˈussu	rrˈussu	ʐˈussu	ʐˈussu	rˈoxo	rˈosso	rˈuʃʃu	ros	ros	rˈoso	
RED_3																			kˈeʧeŋ	kwˈeʧuŋ																						kˈoʧən	kˈoʧən	ɕjˈeʧən	kˈoʧən													
RED_4				bəɾmˈɛʎ		vəɾmˈɛj										beɾmˈeʎo																							vɨɾmˈɐʎu																			
RED_5		koʎoɾˈao																																																								
ROAD_1																					wˈɪa	vˈɪa									vˈojə											vˈiə	vˈejə	vˈiə	vˈiə													võːj
ROAD_2	kˈale								(kal)								kˈɒle																																									
ROAD_3										strˈɛda	strˈada	strˈɛːda			strˈade			strˈada	ʃtrˈɛda	ʃtrˈɛda			strˈadda	strˈadda	ʃtrɔ	strˈada	ʃtrˈada		stɾˈatə			strˈada		stra	stra	stra	stra	stra	iʃtɾˈaðɐ	streə̯							istrˈada	ʂɽˈata	ʂɽˈata	ʂɽˈata	ʂɽˈata		strˈada	ʃtrˈada	strˈaða	strˈaða	strˈada	
ROAD_4																																														arrˈuɣa												
ROAD_5													rˈota	ʁut																			ʁut																									
ROAD_6		(kamˈiŋ)	(kamˈi)	(kəmˈi)	(kamˈi)	(kəmˈi)	(kamˈi)	(kamˈi)								(kamˈiɲo)														(kamˈiŋ)																						(kamˈino)						
ROAD_7																												(drum)													(drum)																	
ROOT_1	arədəʦˈinə	raˈiθ	arˈɛɫ	ərˈeɫ~reɫ	raˈiɫ	rɛɫ	arˈeɫ~reɫ	raˈiɫ~araˈiɫ	radˈajka	raiːz	radˈis	jarˈiːsa~raˈiːza	rasˈina	ʁasin	lidrˈiːs	raˈiθ		radˈiʧe	rejʃ	ravˈiza	rˈaːdiːks	rˈaːdiːks	rˈejʒa	(radˈiʧi)	rˈɛːjʒe	raˈis	radˈiːs		rˈaɾəkə~rˈaɾikə~rˈaɾiʃə	ʀasˈino	raʦˈĩnə	radˈiʧe	ʁaʃɛn	rɛjs	rɛjz	rɛjs	radˈis~rajs	radˈiːs	ʁɐˈiʃ	radˈiza	rədəʧˈinə	rəʤˈiʃ	rɛjʃ	rəʤˈiʃ	rəʤˈiʃ	arrˈeʒini	rajɡˈina	rrˈadika	rrˈadika	ʐˈaɾika	ʐˈaɾika	raˈiθ		rˈadika	raðˈiza	rˈaðis	raˈiza	ʀysineːj~ʀsineːj
ROOT_2																																																					bˈarba					
ROOT_3																	(kˈoren)											(kˈorin)																														
ROUND_1		redˈondo	reðˈo	ruðˈo	reðˈo	rəðˈo	roðˈo~reðˈo	reðˈo		rotˈɔnd~tɔnd	tond	ardˈɔnd~rutˈɔnd~tˈɔnd	rjɔ̃	ʁɔ̃	tarˈɔnt	reðˈondo	(tond)	rotˈondo~tˈondo	torˈon	turˈont	rʊtˈʊndʊs	rʊtˈʊndʊs	rjˈuŋdu	rjˈuŋdu	rjˈuŋdu	rotˈont	redˈuːnt		tˈunnə~rutˈunnə	ʀedˈuŋ~ʀund	reˈõnt	tˈondo	ʁɔ̃	rutˈuŋd	rutˈuŋd	rutˈuŋd	rutˈuŋd~rjuŋd	rutˈoːŋt	ʁɨðˈõndu	tond	rotˈund	rədˈunt	rədˈɔnt	rədˈunt	rədwˈɔnt	tˈundu	tˈundu	tˈunnu	tˈunnu	tˈunnu	tˈunnu	reðˈonðo	tˈondo	tˈonnu	tˈoŋdo	tˈoŋdo	tˈoŋdo	ʀɔ̃
ROUND_2	ɡurɡuʎˈe̯atŭ																											ɡurɡuʎˈat																														
ROUND_3	arukutˈosŭ																																																									
SALT_1	sˈare	sal	saɫ	saɫ	saɫ	saɫ	saɫ	saɫ	swal	sɛːl	sal	sɛːl	saː	sɛl	saːl	sal	sˈɒre	sˈale	sɛl	sɛl	saːɫ	saːɫ	saː	saː	soː	sal	sˈaa	sˈari	sˈalə	saw	seːl	sˈale	se	sal	sal	sal	sal	sal	saɫ	seə̯l	sˈare	sal	sal	sal	sal	sˈali	sˈale	sˈali	sˈalɨ	sˈali	sˈali	sal	sˈale	sˈale	sal	sal	sal	se
SAND_1	arˈinə	aɾˈena	aɾˈena		aɾˈena	əɾˈɛnə	aɾˈenɛ	aɾˈena								aɾˈea					harˈeːna	arˈeːna	ˈɛːŋŋa						rˈena		arˈẽj̃nə	rˈena							ɐɾˈɐjɐ							arˈɛna	rena	rrˈina	rrˈina	ʐˈina	ʐˈina	aɾˈena	rˈena					
SAND_2		sˈable		sˈorə					salbwˈoŋ	sˈabja	sˈaːbja	sˈabja	sˈabʎa	sɑbl	savalˈɔŋ		(salbˈun)	sˈabbja	saolˈoŋ	sablˈoŋ				sˈabbja	sˈaːbbja	sˈabbja	sˈabja			sˈablo		sabbjˈone	sab	sˈabja	sˈabja	sˈabja	sˈabja	sˈabja		sabjˈown		səblˈun	səvlˈuŋ	səblˈun	səblˈun~siblˈun									sˈabbja	sˈabja	sˈabja	sˈabja	saːp
SAND_3																												(pisˈok)																														
SAND_4																																									(nisˈip)																	
SAY_1	ʒˈɨkŭ	diθˈiɾ	diɾ	di	diɾ	di	di	diɾ	dˈekro	diːr	dir	diːr	dˈire	diʁ	diː	diθˈiɾ	zˈiʧe	dˈire	dir	di	dˈe̝ːkɛrɛ	dˈiːkɛrɛ	di	di	di	di	di	zik	dˈiʃəɾə	dˈiɾe	dˈirə	dˈiʧere~dˈire	diʁ	di	di	di	di	diː	dizˈeɾ	di	azˈiʧe	dir	dɛkr	dir	dir			dˈiɾi~dˈiʧiɾi	dˈiɾɨ	ɾˈiɾi~dˈiɾi	ɾˈiɾi	deθˈiɾ	di	di	dir	dir	dir	diːʀ
SAY_2	aspˈunŭ																											spun													aspˈune																	
SAY_3																																														naj	nˈarrere~narˈare											
SEED_1	simˈinʦə	simjˈente							semjˈanʦ	semˈɛjnsa	smɛnt	smˈɛjnsa~smˈɛjnta			semˈɛnʧe	semˈente	semˈinʦæ	sˈeme~semˈente	səmˈenʦa	sumˈənʦa	sˈeːmɛn	sˈeːmɛn	sˈemme	sˈemi	semˈɛːŋʦa	sˈomesa	sumˈenʦa	simˈinʦə	səmmˈɛntə~səmmˈɛnʦə		sẽmˈãnʦə	sˈeme~semˈenʦa		smɛns	smenz	smɛns	smɛns	samnˈɛ	sɨmˈẽntɨ	smˈẽnta	səmˈɨnʦə	sem	sem	sem	sem	sˈɛmmini	sˈemmene	simˈɛnʦa	simˈɛnʦa	simjˈɛnʦa	simˈɛnʦa	semˈiʎa	sˈeme	sˈeme	semˈɛŋθa	sem	sˈeme~sˈema	
SEED_2			ʎavˈoɾ	ʎəβˈo	ʎaβˈoɾ	ʎəvˈo	ʎaβˈo~ʎaˈo	ʎaβˈoɾ																																																		
SEED_3													ɡrˈãna	ɡʁɛn																ɡɾˈano			ɡʁɛ̃n																									ɡʀɛ̃n
SEE_1	vˈedŭ	beɾ	vˈɛwɾe	bˈɛwɾə	bˈoɾe	vˈɛwɾə	bˈɛwɾe	bˈoɾe	vedˈar	vˈɛder	vˈɛdar	vˈɛder	vi	vwaʁ	vjˈɔdi	beɾ	vedˈæ	vedˈere	vedˈer	udˈəj	wɪdˈeːrɛ	vɪdˈeːrɛ	vˈedde	vˈedde	vjɛj	ɛt	vedˈɛ	vet	vəɾˈɛ~vəɾˈe	vˈɛjɾe	veˈojr	vedˈere	viʁ	vˈəde	vˈəde	vˈədi	vˈəde	vˈøɡi	veɾ	vdeː~avdˈeː	avedˈe̯a	vəzˈajr	vɛkr	vəzˈer	vəʦˈer~vərˈer	bˈiri~bˈiði	bˈiere	vˈidiɾi	vˈidɨɾɨ	vˈiɾiɾi	vˈiʐi	beɾ	vedˈere	vedˈe	vˈeðer	vˈeðer	vˈɛder~vˈeder~vedˈer~vˈedar	vɛj
SEE_2																																					sʧarˈɛ																					
SHORT_1																					brˈɛwɪs	brˈɛvɪs																																				
SHORT_2	skˈurtu	kˈuɾtjo~kˈoɾto	kuɾt	kuɾt	kuɾt	kuɾt	kuɾt~kuɾ	kuɾt	(kwart)	kurt	kurt	kuːrt	ko	kuʁ	kurt	kˈuɾto	skurt	kˈorto	kurt	kurt			kˈurtu	kˈyrtu	kˈyrtu	kørt	kyːrt		kˈurtə	kuɾt	kort	kˈorto	kuʁ	kyrt	kyrt	kyrt	kyrt	kørt	kˈuɾtu	kurt	skurt	kurt	kurt	kwort	kwort	krˈuʦʦu	kˈurʦu	kˈuɾtu	kˈuttu	kˈuɾtu	kˈuɾtu	kˈoɾto	kˈorto	kˈurtu	kurt	kurt	kˈurto	kuːʀ
SHORT_3																												(kus)																														
SIT_1	ʃˈedŭ	sentˈase	sˈɛwɾe	sˈɛwɾə	estˈaɾasentˈat	sˈɛwɾə	sˈɛwɾe	sentˈaɾse	sedwˈor~sentwˈor	sˈeder	santˈaras	sˈeːder	ˈetreaʃtˈaː	ɛtʁasi	staːsentˈaːt	sentˈaɾse	ʃedˈæ	sedˈere	ˈesersentˈa~ˈesersentˈaʒˈu	vˈeʃtərsəntˈa	sɛdˈeːrɛ	sɛdˈeːrɛ	ˈeːsesetˈɔw	settˈase	setˈɛ	sentˈasˈo	setˈasʤˈu	ʃɔt	stˈaassəttˈatə~assəttˈa	ˈɛstɾeasetˈa	seˈojr~saseˈojr	sedˈere	ɛtasi	stˈesɛtˈa	stˈese	stˈe	stˈɛsetˈa	satˈɛsi	iʃtˈaɾsẽntˈaðu	zdeː	aʃedˈe̯a	sˈesər	ʧəntˈar	sˈesər	sˈɛʦər	sˈɛʦʦi~sˈiʦʦi	sˈedere	assittˈaɾisi~sittˈaɾisi	sɨttˈaɾɨsɨ	assittˈaɾisi	assittˈaɾisi	estˈaɾsentˈaðo	sjˈɛde	sedˈe	seŋtˈarsedo	seŋtˈarse	seŋtˈarse~stˈarseŋtˈa	ɛsasiː
SKIN (HUMAN)_1																					kˈʊtɪs	kˈʊtɪs																																				
SKIN (HUMAN)_2	cˈe̯ale	pjel	peʎ	peʎ	peʎ	pej	peʎ	peʎ	pjal	pˈɛla	pel	pˈɛla	pe	po	pjɛl	pɛl		pˈɛlle	pel	pel			pˈelle	pˈelle	pˈɛːlle	pɛl	pɛll		pˈɛllə	pɛw	pɛl	pˈɛlle	pjo	pɛl	pɛl	pɛl	pɛl	pɛl	pˈɛlɨ	pˈɛə̯la	pjˈele	pel	pel	pjal	pel	pˈɛddi	pˈeɖɖe	pˈɛɖɖi	pˈɛɖɖɨ	pjˈɛɖɖi	pˈɛɖɖi	pjel	pˈɛlle	pˈɛlle	pɛl	pɛl	pˈɛe	peː
SKIN (HUMAN)_3																	(kˈoze)											(kˈo̯aʒə)																														
SLEEP_1	dˈormu	duɾmˈiɾ	doɾmˈiɾ	duɾmˈi	doɾmˈiɾ	duɾmˈi	doɾmˈi	doɾmˈiɾ	dormˈar	durmˈiːr	durmˈir	durmˈiːr	dromˈi	dɔʁmiʁ	durmˈiː	duɾmˈiɾ	durmˈi	dormˈire	dormˈir	durmˈi	dɔrmˈiːrɛ	dɔrmˈiːrɛ	durmˈiː	durmˈi	durmˈi	dyrmˈi	durmˈi	dorm	durmˈi	duɾmˈi	dormˈir	dormˈire	dœʁmiʁ	dˈørme	dˈørme	dˈørme	dˈørme	dˈɔːrmi	duɾmˈiɾ	durmˈi	adormˈi	durmˈir	durmˈɛkr	durmˈir	durmˈir	drˈommiri	drommˈire	dˈɔɾmiɾi	dˈɔmmɨɾɨ	ɾwˈɔɾmiɾi	ɾˈɔɾmiɾi	doɾmˈiɾ	dormˈire	durmˈi	dormˈir	dromˈir	dormˈir	dwaːʀmy
SMALL_1																					pˈarwʊs	pˈarvʊs																																				
SMALL_2	(ɲˈikŭ)																(mik)											(mik)													(mik)							(nˈiku)		(nˈiku)	(nˈiku)							
SMALL_3		pekˈeɲo		pətˈit		pətˈit	petˈit		pˈelo	ʧik	pˈikul	ʧɛk	ptju	pəti	pˈiʧul	pekˈeno		pˈikkolo	pˈikol~pˈiʧol	pitl			piʧʧˈin	piʧˈin	piʧˈiːtu~ʧˈiːtu~ʧˈittu	piʧˈɛn~piʧinˈi	penˈiŋ		piʧʧiɾˈillə~piʧʧəɾˈillə~piʧʧəɾˈellə~pəʧʧəɾˈillə~piʦʦəɾˈillə	piʧˈot~piʧˈuŋ	pətˈit	pˈiʧʧolo	tjo	ʧit	ʧit	ʧit	ʧit	pˈiːʧu~piːʧnˈiːŋ	pɨkˈenu	ʦnin		pˈiʧən	pˈiʧən	piɲ	pˈiʧən	pittˈiku			piʧʧiɾiɖɖu			pekˈeɲo	piʧʧˈino	pˈikkulu	ʧek	pˈikol	pˈikoe̯o	piti~pti
SMALL_4			menˈut																																												minˈuʒu											
SMALL_5					ʧikotˈet			ʧikotˈet																																																		
SMOKE (EXHAUST)_-1																	(dim)																																									
SMOKE (EXHAUST)_1	fˈumŭ	fˈumo	fum	fum	fum	fum	fum	fum		fum	fum	fom	fmˈiːre~fomˈiːre	fyme	fum	fˈume		fˈumo	fum	fum	fˈuːmʊs	fˈuːmʊs	fˈymmu	fˈymmu	fˈyːmme	føm	fymm	fum	fˈummə	fym	fỹm	fˈummo	fœmɛ	fym	fym	fym	fym	fym	fˈumu	fom	fum	fim	fem	fem	fym	fˈummu~fˈumu	fˈumu	fˈumu	fˈumu	fˈumu	fˈumu	ˈumo	fˈumo	fˈumu	fuŋ	fum	fˈumo	fymiːʀ
SNAKE_1																					ˈaŋɡʷɪs																																					
SNAKE_2	ʃˈarpe		seɾp	seɾp	seɾp	seɾp	seɾp	seɾp	serpjˈant	serpˈɛjnt	serpˈɛnt	sarpˈɛjnt~serpˈɛjnt	sarpˈɛ~sarpˈɛ̃	sɛʁpɑ̃	sarpˈint	sˈɛɾpe	ʃˈɒrpe	sˈɛrpe	serpˈent~serp			sˈɛrpeːns	serpˈente			serpˈɛnt		ʃˈarpi	sˈɛrpə~sərpˈentə~sərpjˈentə	sɛɾp~seɾpˈɛnt	serpˈãnt	sˈɛrpe~serpˈɛnte	sɛʁpɛ̃	sɛrpˈɛŋt	sɛrp	sɛrp	sɛrp	sarpˈeːŋt	sɨɾpˈẽntɨ	sarpˈẽnt~serpˈẽnt	ʃˈarpe	sɛrp	ʦɛrp	sjarp	sɛrp	sˈɛrpi			sˈɛɾpi	sjˈɛɾpi~siɾpjˈɛnti		seɾpjˈente	sˈɛrpe	sˈɛrpa			serpˈeŋte	
SNAKE_3																				bˈeka																																						
SNAKE_4																																													vˈɛrmə													
SNAKE_5		kulˈebɾa																						bˈiʒa	bˈiʃʃa		bˈiza																												bˈisa	bˈisa		
SNAKE_6																																															kolˈovriu~kolˈovra											
SNAKE_7																																																skuɾsˈuni			ʃkussˈuni							
SNAKE_8																																																										vipeːʀ
STAND_1																	stɒ				stˈaːrɛ	stˈaːrɛ						staw														ʃtar	ʃtar	ʃtar~ʃtˈarənpˈej~ʃtˈarsinpˈɛjs	ʃtar~ʃtˈarinpˈe													
STAND_2		tˈaɾdepjˈe	estˈaɾdepɛw					estˈaɾdepɛw	stworiŋpˈins	stˈɛːrinpˈeː	stˈarinpjˈe	stˈɛːrinpˈee	ˈetredɛpˈiː~ˈetredɛ̃pˈiː		staːimpˈins	estˈaɾdepˈɛ		stˈareinpjˈɛdi	ʃtˈɛrenpˈe	ʃtˈɛmpˈe			stˈaːiŋpˈeː	stˈaiŋpˈe	ʃtˈeimpˈe	stˈanpˈe	ʃtˈainpˈee				estˈerãnpjˈeʦ~estˈersorpjˈeʦ			stˈeɛnpˈe			stˈɛaŋpˈe	stɛŋpˈeː~vesiŋpˈeː	iʃtˈaɾɐ̃j̃pˈɛ		astˈaɨnpiʧˈo̯are					abarrˈajiβˈej						estˈaɾdepjˈe	stˈareinpjˈɛdi		stˈariŋpˈie	stˈariŋpˈɛ~stˈariŋpjˈɛj~stˈariŋpˈie	stˈariŋpˈie	
STAND_3				əstˈaðɾɛt	estˈaɾdɾet	əstˈaðɾɛt	astˈaðɾɛt																							ˈɛstɾedɾˈe		stˈaredrˈitto~ˈɛsseredrˈitto			stˈedrit	stˈedrit												stˈaɾiaddˈitta~stˈaɾiaɖɖɽˈitta	stˈaɾɨaɖɖɽˈitta	stˈaɾiaɡɾˈitta	stˈaɾiadˈitta			ʃtˈarrˈittu				ɛsdʀɛse
STAND_4																													stˈaalljˈertə~stˈaallˈertə																													
STAND_5																																															istˈareasarˈiʦʦa											
STAND_6														ɛtʁdəbu~sətəniʁdəbu~ʁɛstedəbu																			ɛtdbu																									
STAND_7	(ʃˈedŭmprˈostu)																																																									
STAR_1	stˈe̯ao	estɾˈeʎa	(estɾˈeʎa)	(əstɾˈeʎə)	(estɾˈɛɫa)	(əstɾˈeʎə)	(estɾˈeʎɛ)~(stɾˈeʎɛ)	(astɾˈeɫa)	stˈalla	stˈɛla	stˈɛla	strˈɛla	etˈajla	etwal	stˈɛle	estɾˈela	stæ	stˈella	ʃtˈejla	ʃtˈəjla	stˈeːɫɫa	stˈeːɫɫa	stˈela	stˈella	ʃtˈɛja	stˈɛla	ʃtˈɛla	stˈewə	stˈellə	estˈelo	estˈojlə	stˈella	etwɛl	stˈɛjla	stˈɛjla	stˈɛjla	stˈejla	stˈøla	iʃtɾˈelɐ	stˈɛə̯la	ste̯a	ʃtˈajlə	ʃtˈɛjlə	ʃtˈɛjlə	ʃtˈajlə	stˈɛdda	istˈeɖɖa	stˈiɖɖa	stˈiɖɖa	ʃtˈiɖɖa	ʃtˈiɖɖa	estɾˈeʎa	stˈella	ʃtˈella	stˈela	stˈela	stˈea	stwaːj
STONE_1																					ɫˈapɪs	ɫˈapɪs																																				
STONE_2																	ˈərpa											rˈɔpə																														
STONE_3																			sas	sas							sass													sas													sˈasso	sˈassu		sas		
STONE_4										ʤarˈɔwn																																																
STONE_5				rɔk			rɔk																																																			
STONE_6	(cˈe̯atrə)	(pjˈedɾa)	(pˈeðɾa)	(pˈeðɾə)	(pˈeðɾa)	(pˈeðɾə)	(pˈeðɾɛ)	(pˈeðɾa)	(pˈitra)		(prˈɛda)	(prˈeːda)	(pjˈɛro)	(pjɛʁ)	(klap)	(pˈɛðɾa)		(pjˈɛtra)					(prˈiːa)	(prˈia)	(prˈɛja)	(prˈeda)			(prˈɛtə)	(pˈɛjɾo)	(pjˈerə)	(pjˈɛtra)	(pjɛʁ)	(pˈɛra)	(pˈera)	(pˈɛra)	(pˈɛra)	(prˈɛja)	(pˈɛðɾɐ)		(pjˈatrə)					(pˈerda)~(pˈedra)	(pˈerda)	(pˈɛʈɽa)	(pˈɛʈɽa)	(pjˈɛʈɽa)	(pˈɛʈɽa)	(pjˈeðɾa)			(pjˈɛra)		(pjˈɛra)	(piːʀ)
STONE_7																																										(krap)	(krap)	(krap)	(krap)													
SUN_1	sˈo̯are	sol	sɔɫ	sɔɫ	sɔɫ	sɔɫ	sɔɫ	sɔɫ	sawl	soːl	sol	sɔwl	sɛlwˈa	sɔlɛj	sorˈɛli	sol	sˈore	sˈole	sorˈeje	surˈədl	soːɫ	soːɫ	suː	su	su	sul	sˈuu	sˈo̯ari	sˈolə	sulˈɛw	solˈɛʎ	sˈole	sɔle	sul	sul	sul	sul	sul	sɔɫ	sowl	sˈo̯are	sulˈeʎ	suʎˈeʎ	sulˈeʎ	sulˈaj	sˈɔli	sˈole	sˈuli	sˈuli	sˈuli	sˈuli	sol	sˈole	sˈole	sol	sol	sol	sɔlɛː
SWIM_1	anˈotŭ	nadˈaɾ	naðˈaɾ	nəðˈa	naðˈaɾ	nəðˈa	naðˈa	naðˈaɾ	notwˈor	nudˈɛːr	nudˈar	nudˈɛːr	naðˈiː		nadˈaː	naðˈaɾ		nwotˈare	nodˈɛr	nudˈɛ	nˈaːrɛ~natˈaːrɛ	natˈaːrɛ	nøˈaː	ɲuˈa	nøˈɛ	nydˈa	nudˈa		natˈa	nedˈa	noˈeːr	nwotˈare		nuˈe	nuˈe	nuˈe	nuˈe~nuatˈɛ		nɐðˈaɾ		aɨnotˈa	nudˈar	nudˈar	sənudˈar	nədˈar	nadˈaj	nadˈare	natˈaɾi	natˈaɾɨ	natˈaɾi	natˈaɾi	naðˈaɾ	notˈare	notˈa	noðˈar	noðˈar	nuˈar	
SWIM_2														naʒe																			naʒe					navˈɛ		naviɡˈeə̯~nuviɡˈeə̯																noɡˈar		nɛʤe
SWIM_3																	(plivˈi)											(plivəjˈes)																														
SWIM_4																				(ʒbimənˈɛ)																																						
TAIL_1	kˈo̯adə	kˈola	kˈua	kˈuə	kˈua	kˈoə	kˈuɛ	kˈua	kud~kwod~kwad	kˈɔva	kˈɔa	kˈɔva	kˈava	kø	kˈɔde	kˈɔla	kˈodæ	kˈoda	kˈowda	kˈoda	kˈawda	kˈawda	kˈuːa	kˈua	kˈua	kˈua	kˈua	kˈo̯adə	kˈoɾə	ko~kˈua	kˈoːə	kˈoda	ʧø	kˈua	kˈua	kˈua	kˈua	kˈua	(kˈawðɐ)	kˈowda	kˈo̯adə	kˈuə	kˈuə	kˈuə	kˈuə	kˈɔa	kˈoa	kˈuda	kˈuda	kˈuɾa	kˈuɾa	kˈola	kˈoda	kˈoa	kˈoða	kˈoa	kˈoa	(køː)
TAIL_2		rˈabo														rˈaβo																																				rˈaβo						
THAT_1	aʦˈelŭ	akˈel	akˈeʎ	əkˈɛʎ	akˈeʎ	əkˈɛj	akˈeʎ	akˈeʎ	kol	kwɛːl	kwel	kɔl			kɛl	akˈɛl	aʧˈela	kwˈello	kel	kəl	ˈɪllɛ	ˈɪllɛ	kwˈɛlulˈi	kwˈɛllu	kwˈɛːllu	kˈɛl		ʦˈela	kˈillə	akˈew~akˈel	ʦil	kwˈello		kul	kul	ʧəl	kul	kullˈa	ɐkˈelɨ	kwɛl	aʧˈel	ʧel		ʧel	kwel	kˈuddu	kˈuɖɖu	kˈiɖɖu	kˈiɖɖu	kˈiɖɖu	kˈiɖɖu	akˈel	kwˈello	kwˈillu	kwel	kwel	kwˈɛo~kwˈeo	
THAT_2													ʃole								ˈɪstɛ	ˈɪstɛ																																				
THAT_3																																											ˈawtər															
THAT_4																											kwˈɛlllˈa																															
THAT_5														səla													kwˈɛlllˈi						ʃlo																									syla~sytla
THAT_6		ˈesi	ˈejʃe		ˈejʃe			ˈejʃe								ˈese																							ˈesɨ							kˈussu	kˈussu					ˈese						
THAT_7													ʃotjɛ																																													
THIN_1																					tˈɛnʊɪs	tˈɛnwɪs									tˈɛ̃nvə																											tɛn
THIN_2																												slap																														
THIN_3	supʦˈɨre											sutˈiːl			sutˈiːl		supʦˈire	sottˈile	sotˈil	sutˈil			sutˈiː	suttˈi	sɛːtˈi		setˈii					sottˈile		sytˈil	sytˈil	sytˈil	sytˈil	sutˈiːl		stil	subʦˈire	fin		satˈel	ʃtiʎ												sotˈil	
THIN_4		fˈino	fi	fi	fi	fi	fi	finˈet					fɛ̃	fɛ̃	fiŋ	fˈino										fi			fˈinə	fiŋ			fɛ̃		fiŋ	fiŋ		fiːŋ	fˈinu				feɲ	fin	fin	fˈini		fˈinu	fˈinu	fˈinu	fˈinu	fˈino	fˈino	fˈinu	fiŋ	fiŋ	fiŋ	
THIN_5										mˈɛɡer	mˈaɡar																																															
THIN_6																																															lˈanʒu											
THIN_7			pɾim	pɾim	pɾim	pɾim	pɾim	pɾim					prɛ̃																																													
THIS_1																					hɪk	ɪk																																				
THIS_2	aˈestu	ˈesti	ˈeste	əkˈɛt~əkˈɛst	ˈeste	əkˈɛt	akˈet	ˈeste	kost	kwɛst	kwest	kɔst	stitjɛ		kɛst	ˈeste	ʧˈesta	kwˈesto	keʃt	kəʃt			stˈukˈi	kwˈɛstu	kwˈɛːstu	kˈɛsto	kwˈɛstuːkˈi	ʦˈista	kˈistə	akˈest~akˈeste	ʦist	kwˈesto		kust	kust	kust	kust	kuskˈiː	ˈeʃtɨ	kwest	aʧˈest				kwist	kˈustu	kˈustu	kˈistu	kˈistu	kˈistu	kˈistu	ˈeste	kwˈesto	tˈistu	kwˈesto	sto	kwˈesto~sto	
THIS_3																																										kwɛl	ɕel	kwel														
THIS_4														səsi																			ʃʃi																									sysi~sytsi
THOU_1	tˈine	tu	tu	tu	tu	tu	tu	tu	tu~te~ti	tɛ	ti	te	tɛ	ty	tu	ti	tu	tu	tu	tu	tuː	tuː	ti	ti	ti	te	ti	tu	tu	ty	ty	tu	ty	ti	ti	ti	ti	tiː	tu	te	tu	ti	te	ti	ty	tuj	tˈue	tu	tu	tu	tu	tu	te	te	ti	ti	ti	ty
TONGUE_1	lˈimbə	ʎˈiŋɡwa	ʎˈeŋɡwa	ʎˈeŋɡwə	ʎˈeŋɡwa	ʎˈeŋɡu	ʎˈeŋɡwɛ	ʎˈeŋɡwa	lˈaŋɡa	lˈɛŋɡva	lˈɛŋɡwa	lˈɛŋɡwa~lˈɛŋɡva	lˈɛɡa	lɑ̃ɡ	lˈɛŋɡe	lˈiŋɡwa	lˈimbæ	lˈiŋɡwa	lˈeŋɡa	lˈəŋɡa	lˈɪŋɡʷa	lˈɪŋɡʷa	lˈiŋɡwa	lˈiŋɡwa	lˈɛːŋɡwa	lˈɛŋɡwa	lˈeːŋɡwa	lˈimbə	lˈeŋɡwə~lˈeŋɡə	lˈeŋɡo	lˈãŋɡə	lˈiŋɡwa	lɑ̃ɡ	lˈɛŋɡa	lˈeŋɡa	lˈɛŋɡa	lˈɛŋɡa	lˈeːŋɡwa	lˈĩŋɡwɐ	lˈenɡva	lˈimbə	ljˈewŋɡə	ʎˈaŋɡə	ljˈewŋɡə	lˈewə	lˈimba	lˈimba	lˈiŋɡwa	lˈiŋɡwa	lˈiŋɡwa	lˈiŋkwa	lˈeŋɡwa	lˈiŋɡwa	lˈeŋɡwa	lˈeŋɡwa	lˈeŋɡwa	ˈeŋɡwa~ˈiŋɡwa	lɛ̃k
TOOTH_1	dˈinte	djˈente	dent	den	dent	dent	den	dent	djant	dɛjnt	dent	dɛjnt	dɛː~dɛ̃	dɑ̃	dint	dˈente	dˈinte	dˈɛnte	dent	dənt	deːns	deːns	dˈente	dˈɛnte	dˈɛːŋʧu	det	deːnʧ	dˈinti	dˈɛntə	dɛnt	dãnt	dˈɛnte	dɛ̃	dɛŋt	dɛŋt	dɛŋt	dɛŋt	deːŋʧ	dˈẽntɨ	dẽnt	dˈinte	dɛnt	dajnt	dɛnt	dajnt	dˈɛnti	dˈente	dˈɛnti~ɾˈɛnti	ɾˈɛntɨ	ɾjˈɛnti	ɾˈɛnti	djˈente	dˈɛnte	dˈɛnte	dɛŋt	dɛŋt~ðɛŋt	dˈeŋte	dɛ̃
TREE_1	ˈarburĭ	ˈaɾbol	ˈaβɾe	ˈaβɾə	ˈaβɾe	ˈaβɾə	ˈaβɾe	ˈaβɾe	jˈarbur~jˈarber~jˈarbul	ˈelber	ˈarbul	ˈɛːlber	ˈaːbro~ˈaːrbro	aʁbʁ	ˈarbul	ˈaɾβoɾe		ˈalbero	ˈɛlber		ˈarbɔr	ˈarbɔr	ˈeːrbu	ˈɛːrbu	ˈɛːrbuː			ˈarbur	ˈaβəɾə~ˈarbəɾə	ˈawbɾe	ˈarbrə	ˈalbero	ab	ˈɛrbu	ˈɛrbu		(ˈarbra)		ˈaɾvuɾɨ	ˈeə̯lbar							ˈarvure~ˈarvule	ˈaɾvulu	ˈabbuɾu	ˈaɾbulu		ˈaɾβol			ˈalbero	ˈalber	ˈalbero	oːp
TREE_2																	lˈemən			ləŋ																																						
TREE_3																										pjˈanta	pjˈanta									pjˈaŋta		pjˈaŋta				plˈantə	plˈantə	plˈɔntə									pjˈanta	pjˈanta				
TREE_4																																													bœʃɕ													
TREE_5																																									(kopˈak)																	
TREE_6																																														(mˈatta)					(mˈaʧʧa)							
TWO_1	doj	dos	dos	dos	dos	dos	dos	dos	doj	duː	du	dɔw	du~duz	dø	dɔj	dows	doj	dˈue	doj	doj	dˈʊɔ	dˈʊɔ	duˈiː	duˈi	dɥi	du	dˈyy	doj	dˈojə~dˈujə	dus	dews	dˈue	dø	duj	duj	duj	dˈue~duj	dyj	dojʃ	do	doj	dus	dus	dus	dwos~dus	dˈuzu	dˈuos	dˈui~ɾˈui	dˈui	ɾˈui	ɾˈuɛ	dos	dˈue	du	doj	doj	do	døː
WARM (OF WEATHER)_1	kˈaldu	kaljˈente	kaɫˈent	kəɫˈen	kaɫˈent	kəɫˈen	kaɫˈen	kaɫˈent	kwolt	kaldˈɛjn	kald	kɛːld	θo	ʃo	calt	(kˈaliðo)	kɒd	kˈaldo	ɕawt	ɕawt	kˈalɪdʊs	kˈalɪdʊs		kˈaːdu		kølt	koːlt	kalt	kˈaβəɾə~kˈawrə	kawt	ʧawt	kˈaldo	kø		kawd		kawd	kawt	kˈẽntɨ	keə̯ld	kald	ɕawt	cot	kawlt	ɕot	kalˈoru	(kaʒˈente)		kˈauddu	kˈavuɾu	kˈauɾu	kaljˈente	kˈaldo	kˈallu	kalt	kalt		ʧõː
WARM (OF WEATHER)_2																							tjˈepidu		ʧˈeppu									tˈəbi		tˈəbi												tˈɛpidu									tjˈɛpido	
WATER_1	ˈapə	ˈaɡwa	ˈajɣwa	ˈajɣwə	ˈaiwa	ˈajɣu	ˈajɣwɛ	ˈaiwa	jˈakwa	ˈakwa	ˈakwa	ˈaːkva~ˈaːkwa	ˈeɡa	o	ˈaɡe	ˈawɣa	ˈɒpæ	ˈakkwa	ˈɛɡa	ˈɛɡa	ˈakʷa	ˈakʷa	ˈeːɡwa	ˈɛːɡwa	ˈɛːɡwa	ˈakkwa	ˈakkwa	ˈapu	ˈakkwə	ˈajɡo	ˈejɡə	ˈakkwa	jø	ˈɛva	ˈeva	ˈeva	ˈeva	ˈakwa	ˈaɣwɐ	ˈakva	ˈapə	ˈawə	ˈavə	ˈawə	ˈawə	ˈabba	ˈabba	ˈakkwa	ˈakkwa	ˈakkwa	ˈakkwa	ˈaɣwa	ˈakkwa	ˈakkwa	ˈakwa	ˈakwa	ˈakwa	eːw
WE_1	noj	nos	mozˈatɾos	nuzˈaɫtɾəs	mosˈatɾos	nˈoɫtɾus	nozˈaɫtɾes~nˈaɫtɾes~nˈantɾos	mosˈatɾos	noj~nojˈiltri	nuˈɛter		nuˈɛːter	no~noz	nu	noː	nɔs	noj	nˈoi	nos	nəws	noːs	noːs	nuiːˈatri	nuˈi	nɥiˈatri	nˈoter	nyŋ	noj	nˈujə	nus	nos	nˈoi	o	nuj~nujˈawtri	nuj	nuj	nuj	nyj	nɔʃ	now	noj	nus	nows	nus	nus	nozˈatruzu	nˈois	nui~nuˈaʈɽi~niˈawʈɽi	nui~nuˈawʈɽi	nuˈavuʈɽi~nuˈawʈɽi	niˈawʈɽi	nosˈotɾos	nˈoi	nˈoe~nojˈantri	noj	noj	niˈaltri	nuzot
WE_2										se								ʧi														ʧi																					ʧi					
WE_3																																																										ʤy
WHAT_1	ʦe	ke	ke	kɛ	ke	kɛ	ke	ke	kos~ko				kaj	kə	ʧe	ke	ʧe	ke	kepa	ʧə	kʷɪd	kʷɪd						ʦe	kə	ke	kə	ke	kwe					kwɛ	ukɨ	ke	ʧe	ɕe	ce	ɕej	ɕe			ki	ki	ki	ki	ke	ke	ke	ke	ke		kwɛsky
WHAT_2										kˈuza~sa	kˈuza~za	ksaː											kˈose	kossˈe	kˈoːsse	kozˈɛ	kˈuza							kˈɔza	kˈɔza	kˈɔza	kˈɔza~kɔ																				kˈɔsa	
WHAT_3																																														ˈitta~ˈita	ˈitte											
WHITE_1	ˈalbu								jwalb								ɒb				ˈaɫbʊs	ˈaɫbʊs						alp													alb	alf	alf	alf	alp													
WHITE_2		(blˈaŋko)	(bɫaŋk)	(bɫaŋ)	(bɫaŋk)	(bɫaŋ)	(bɫaŋ)	(bɫaŋk)	(bjaŋk)~(blaŋk)	(bjaŋk)	(bjaŋk)	(bjaːŋk)	(bʎã)	(blɑ̃)	(blaŋk)	(bɾˈaŋko)		(bjˈaŋko)	(bjaŋk)	(blaŋk)			(ʤˈaŋku)	(ʤˈaːŋku)	(ʤˈaːŋku)	(bjaŋk)	(bjaːŋk)		(jˈaŋkə)	(blaŋk)	(blãŋk)	(bjˈaŋko)	(blɑ̃)	(bjaŋk)	(bjaŋk)	(bjaŋk)	(bjaŋk)	(bjaːŋk)	(bɾˈɐ̃ŋku)	(bjãnk)						(bjˈaŋku)	(bjˈaŋku)	(jˈaŋku)	(jˈaŋku)	(bjˈaŋku)	(bɾˈaŋku)~(jˈaŋku)	(blˈaŋko)	(bjˈaŋko)	(vjˈanku)	(bjaŋk)	(bjaŋk)	(bjˈaŋko)	(blã)
WHO_1		kjeŋ	ki	ki	ki	ki	ki	ki	ku	ki	ki	ki	kwi	ki	kuj	keŋ	ʧˈire	ki	kipa	ki	kʷɪs	kʷɪs	ki	ki	ki	ki	ki		ki	ku~kau	ki	ki	ki	ki	ki	ki	ki	ki	kɐ̃j̃	ki	ʧˈine	ɕi	ci	ɕi	ɕi	kˈini	kˈie	kui	ku	ku	kui	kjen	ki	ki	ki	ki	ki	kiː
WHO_2	kˈare																											kˈari																														
WIND_1	vˈimtu	bjˈento	ven	ben	bent	vent	ben	bent	vjant	vɛjnt	vent	vɛjnt	ve~vɛː	vɑ̃		bˈɛnto		vˈɛnto	vent	vənt	wˈɛntʊs	vˈɛntʊs	vˈeːŋtu	vˈeŋtu	vˈɛːŋtu	vɛnt	veːnt	vint	vjˈentə	vɛnt	vãnt	vˈɛnto	vɛ̃	vɛŋt		vɛŋt	vɛŋt	veːŋt	vˈẽntu	vɛnt	vɨnt	vɛnt	vɛnt	vɛnt	vɛnt	bˈentu	vˈentu	vˈɛntu	vˈɛntu	vjˈɛntu	vjˈɛntu	bjˈento	vˈɛnto	vˈentu	vɛŋt	vɛŋt	vˈeŋto	
WIND_2															ˈajar																				ˈarja																							eːʀ
WIND_3																														ˈawɾo																												
WIND_4																	(bˈoræ)																																									
WOMAN_1	muʎˈe̯are	mujˈeɾ							muʎˈer~moʎˈer							muʎˈɛɾ					mˈʊlɪɛr	mˈʊljɛr						muʎˈari											muʎˈɛɾ													muxˈeɾ						
WOMAN_2													fˈɛna	fam	fˈɛmine				fˈemena			fˈeːmɪna				fˈɛnne			fˈɛmmənə~fˈemmənə	fˈemo~fˈumo	fˈãmə	fˈemmina	fœm	fˈumna	fˈumna	fˈumna						fˈɛmnə	fˈɛmnə	fˈɛmnə		fˈɛmmina	ˈemmina	fˈimmina	fˈimmɨna	fˈimmina	fˈimmina			fˈemmina	fˈemena	fˈemena		fam
WOMAN_3																																									femˈeje																	
WOMAN_4																				ˈəjla																																						
WOMAN_5			dˈɔna	dˈɔnə	dˈɔna	dˈɔnə	dˈɔnɛ	dˈɔna		dˈɔna	dˈɔna	dˈɔna						dˈɔnna					dˈønna	dˈonna	dˈoːnna		dˈona										dˈɔna	dˈɔːna		dˈona				dˈunə	dwˈɔnə								dˈɔnna				dˈona	
WOMAN_6																	(ʒˈenskæ)																																									
WORM_1	ʑˈermu								vjarm		vɛrm		ve	vɛʁ	vjɛr	bˈɛɾme	ɣʎˈermu~ʎˈermu	vˈɛrme	verm	jərm	wˈɛrmɪs	vˈɛrmɪs	vˈɛrme	vˈeːrme	vˈɛːrmu	ˈɛrem	vermˈɛn	ɟˈarmi	vˈɛrmə	vˈɛɾme	vɛrm	vˈɛrmo	vɛʁ	vɛrm	vɛrm	vɛrm	vɛrm	vɛrm	vˈɛɾmɨ	vˈeːrman	vjˈerme	vɛrm	vɛrm	vjɛrm	vɛrm	brˈɛmmini	ˈerme	vˈɛɾmi~vˈɛɾmu	vˈɛɾmi	vjˈɛɾmu~vjˈɛɾmi	vˈɛɾmi			vˈɛrme		vˈɛrmen	vˈɛrme	vjeːʀ
WORM_2																																									rˈɨmə																	
WORM_3										beːɡ		bɛjɡ																																									bˈako					
WORM_4																																																							but			
WORM_5			kuk	kuk	kuk	kuk	kuk	kuk																																																		
WORM_6																																																				lombɾˈiθ						
WORM_7		(meɾˈuko)																																					(miɲˈɔkɐ)																			
YEAR_1	ˈanŭ	ˈaɲo	aɲ	aɲ	aɲ	aɲ	aɲ	aɲ	jajŋ	an	an	aːn	ã	ɑ̃~ane	an	ˈano	ɒn	ˈanno	an	an	ˈannʊs	ˈannʊs	ˈannu	ˈannu	ˈannu	an	ann	an	ˈannə	annˈado	ãn~ãnˈeːə	ˈanno	ɛ̃ne	an	an	an	ˈani~aŋ	aŋ	ˈɐnu	an	an	ɔn	ɔn	ɔn	on	ˈannu	ˈannu	ˈannu	ˈannu	ˈannu	ˈannu	ˈaɲo	ˈanno	annu	an	an	ˈano	ã~aneːj
YELLOW_1																						fˈʊɫvʊs																																				
YELLOW_2	ɡˈalbinŭ								(ʒwˈolno)	(zaːl)	(ʒal)	(ʒaːl)	ðˈono	ʒon	(ʤaːl)		(ʒut)	(ʤallo)	(zal)	(ɡjəl)			(ʤˈanu)	(ʤˈallu)	(ʤˈaːnu)	(zalt)	(ʤaːlt)	ɡˈalbin	(ʤˈallə)~(ʤʤˈallə)	(ʤˈawne)	ʤˈawnə	(ʤallo)	ɡɑ̃n	(ʤawŋ)	(ʤawŋ)	(ʤawŋ)	(ʤawŋ)	(ʤalt)		(ʒal)	ɡˈalben							(ʤˈallu)	(ʤˈallu)	(ʤˈaɾnu)	(ɟɟˈaɾnu)		(ʤallo)	(ɟˈallu)	(ʤal)	(ʤal)	(zˈae̯o)	ʤoːn
YELLOW_3																																										mˈɛlən	mˈɛlən	mˈɛlən														
YELLOW_4			ɡɾɔk	ɡɾɔk	ɡɾɔk	ɡɾɔk	ɡɾɔk	ɡɾɔk																																						(ɡrˈoɣu)	(ɡrˈoɡu)											
YELLOW_5		amaɾˈiʎo														amaɾˈɛlo																							ɐmɐɾˈɛlu													amaɾˈiʎo						
YELLOW_6																																													(ɡɛlk)													
