	Aromanian	Asturian	Catalan (Castelló de la Plana)	Catalan (Central)	Catalan (Manises)	Catalan (Minorcan)	Catalan (Northwestern)	Catalan (Valencia)	Dalmatian	Emiliano (Carpigiano)	Emiliano (Ferrarese)	Emiliano (Reggiano)	Franco-Provençal	French	Friulian	Galician	Istro-Romanian	Italian	Ladin (Fassano)	Ladin (Gardenese)	Latin (Archaic)	Latin (Late Classical)	Ligurian (Genoa)	Ligurian (Rapallo)	Ligurian (Stella)	Lombard (Bergamo)	Lombard (Plesio)	Megleno-Romanian	Neapolitan	Occitan	Old French	Old Italian	Picard	Piedmontese (Barbania)	Piedmontese (Carmagnola)	Piedmontese (Lanzo Torinese)	Piedmontese (Turinese)	Piedmontese (Vercellese)	Portuguese	Romagnol	Romanian	Romansh (Grischun)	Romansh (Surmiran)	Romansh (Sursilvan)	Romansh (Vallader)	Sardinian (Campidanese)	Sardinian (Logudorese)	Sicilian (Catanian)	Sicilian (Messinese)	Sicilian (Palermitan)	Sicilian (Southeastern)	Spanish	Tuscan	Umbrian	Venetian (Bellunese)	Venetian (Primiero)	Venetian (Venice)	Walloon
ASH_1	skrˈumŭ																											skrum																														
ASH_2		θenˈiθa							kanˈajsa							θˈinθa					kˈɪnɪs	kˈɪnɪs																									kisˈina					θenˈiθa						
ASH_3	ʧinˈuʃe														ʧinˈize		ʧerˈuʃe	ʧˈenere					ʧˈeneri					ʧənˈuʃə				ʧˈenere									ʧenˈuʃə					ʧinˈiʒu		ʧˈinniɾi		ʧˈinniɾi	ʧˈinniɾi		ʧˈenere	ʧˈennere				
ASH_4																																						sˈøŋdri																	θˈeŋdro	θˈeŋdre		
ASH_5			sˈɛndɾa	sˈɛndɾə	sˈɛndɾa	sˈɛndɾə	sˈɛndɾɛ	sˈɛndɾa		sˈɛndra	ʦˈɛndar	sˈɛndra	fˈɛ̃dra~fˈɛdra						ʧˈendɛr	ʧˈəndər						sˈɛnder	ʃˈendɛr		ʃˈɛnnəɾə~ʃˈennəɾə	sˈɛndɾe	ʦˈãndrə			sˈənɛr	sˈənɛr	sˈənɛr	sˈinər			ʦˈɛndra		ʧˈɛndrə	ʧˈɛndrə	ʧˈɛndrə	ʧˈɛndrə				ʧˈinɨɾɨ								sˈɛneri	
ASH_6																								sˈeŋje	srˈenne																																	
ASH_7																																	ʃɛ̃n																									sɛn
ASH_8														sɑ̃dʁ																									sˈĩzɐ																			
BARK_1																																	plat			plˈøja																						
BARK_2																											pɛll																															
BARK_3			kɾˈɔsta																							rˈøska				ʀˈysko																												
BARK_4																																							kˈaʃkɐ								koθikˈina											
BARK_5				əskˈɔɾsə	kˈɔɾfa	əskˈɔɾsə	askˈɔɾsɛ	askˈɔɾsa				skˈɔːrsa	ekˈøːrsa	ekɔʁs	skˈuse		kˈora		ʃkˈorʦa	ʃkˈɔrʦa			skˈɔrsa	skˈɔrsa	skˈɔːrsa				ʃkˈɔrʦə		eskˈɔrʦə	skˈɔrʦa		skˈɔrsa	skˈɔrsa		skˈɔrsa	skˈɔrsa		skˈɔa̯rʦa	skˈo̯arʦə	ʃkˈɔrsə	ʃkˈɔrsə	ʃkˈɔrsə	ʃkˈɔrʦə			skˈɔɾʧa	skˈɔʧʧa	ʃkwˈɔɾʧa	ʃkˈɔʧʧa				skˈɔrθa	skˈɔrθa	skˈɔrsa	skwaːs
BARK_6	kˈo̯aʒe	koɾtˈeθa								kurtˈɛsa	kurtˈɛʧa					koɾtˈeθa		kortˈeʧʧa														kortˈeʧʧa																				koɾtˈeθa		kortˈeʧʧa				
BARK_7																																														skrˈoʒu												
BARK_8																																																					bˈuʧʧa					
BARK_9																					lˈɪbɛr																																					
BELLY_1																																																				tɾˈipa		trˈippu				
BELLY_2																	tərbˈux																																									
BELLY_3																																														brˈɛnti	frˈente											
BELLY_4									vjˈantro				vˈɛtro	vɑ̃tʁ				vˈɛntre	vˈenter	vˈəntər	wˈɛntɛr	vˈɛntɛr					vˈentru			vˈɛntɾe	vˈãntrə	vˈɛntre										vˈɛntər	vˈajntər	vˈɛntər	vˈajntər													vɛ̃t
BELLY_5	pˈɨntikŭ																																																									
BELLY_6																																									bˈurtə																	
BELLY_7		barˈiɡa														barˈiɣa																							bɐʁˈiɣɐ																			
BELLY_8			pˈaɲʧa	pˈaɲʃə	pˈaɲʧa	pˈaɲʃə	pˈaɲʧɛ	pˈaɲʧa		pˈansa	pˈanʦa	pˈaːnsa			pˈanʦe								pˈaŋsa	pˈaŋsa	pˈaŋsa	pˈansa			pˈanʦə					pˈaŋsa	pˈaŋsa	pˈaŋsa	pˈaŋsa	pˈaŋsa		pˈãnʦa								pˈanʦa	pˈanʦa	pˈanʦa	pˈanʦa		pˈanʧa		pˈaŋθa	pˈaŋθa	pˈaŋsa	
BELLY_9																												fˈo̯ali																														
BELLY_10																																	pɑ̃ʃ																									
BIG_1														ɡʁɑ̃																			ɡʁɑ̃																									
BIG_2		ɡɾˈande	ɡɾan	ɡɾan	ɡɾan	ɡɾɔs	ɡɾan	ɡɾan		ɡrɔːs	ɡrand	ɡraːnd	ɡrã		ɡrant	ɡɾˈande		ɡrˈande	ɡran	ɡrant		ɡrˈandɪs	ɡrˈøssu	ɡrˈɔssu	ɡrˈɔːssu	ɡrɔs	ɡraːnt			ɡɾant	ɡrãnt	ɡrˈande		ɡrɔs	ɡraŋd~ɡraŋ	ɡraŋd	ɡraŋd	ɡrɔːs	ɡɾˈɐ̃ndɨ	ɡrãnd		ɡrɔnt	ɡrɔnt	ɡrɔnt	ɡrɔnt				ɾˈɔssu			ɡɾˈande	ɡrˈɔsso	ɡrˈossu	ɡraŋt	ɡraŋt	ɡrˈaŋdo	ɡʀã
BIG_3																					mˈaŋnʊs																									mˈannu	mˈannu	ɾˈanni		ɾˈanni	ɾˈanni							
BIG_4	mˈare								mawr								mˈɒre											mˈari													mˈare																	
BIG_5																													rwˈossə																													
BIRD_1							miʃˈo																																																			
BIRD_2													ajʒˈo																																													
BIRD_3														wazo																																												
BIRD_4			paɾðˈaɫ		paɾðˈaɫ	pəɾðˈaɫ		paɾðˈaɫ																																																		
BIRD_5		pˈaʃaɾo																																							pˈasəre											pˈaxaɾo						
BIRD_6	pˈuʎŭ																puʎ											puʎ																														
BIRD_7																																														pillˈɔni	puʒˈone											
BIRD_8																																	ɔzjo																								ozˈɛo	
BIRD_9																									ɔːwʒˈeː						ˈojzel																											ɔʒeː
BIRD_10									uʧˈul~oʧˈel	uzˈɛːl	uzˈɛl	uzˈɛl			uʧˈɛl			uʧʧˈɛllo	uʧˈel	uʧˈel						oʦˈɛl	ulʧˈɛll					uʧʧˈɛllo		uzˈɛl	uzˈɛl	uzˈɛl	uzˈɛl	yzˈɛl		uzˈɛə̯l		uʧˈɛ	uʧˈel	uʧˈi	uʧˈɛ~uʃˈɛ								uʧʧˈɛllo		ozˈɛl	uzˈɛl		
BIRD_11				usˈeʎ																																																						
BIRD_12																					ˈawɪs	ˈavɪs																	ˈavɨ																			
BIRD_13																ˈaβe																																										
BIRD_14																														awsˈɛw																												
BIRD_15																																																aʧˈɛɖɖu	aʧˈiɖɖu	aʧjˈɛɖɖu	awʧjˈɛɖɖu							
BIRD_16																							awʒˈellu	ɔwʒˈellu					awʃjˈellə																									ʧˈellu				
BITE_1		moɾdˈeɾ	moseɣˈaɾ	musəɣˈa	moseɣˈaɾ	musəɣˈa	moseɣˈa	moseɣˈaɾ	morskwˈor				mˈøːrdre	mɔʁdʁ	mwˈardi	moɾðˈeɾ		mˈɔrdere	mˈorder	mˈɔrdər	mɔrdˈeːrɛ	mɔrdˈeːrɛ	mɔːrde	mˈɔrde	mˈɔːrde					mˈɔɾdɾe	mˈɔrdrə	mˈɔrdere	mɔʁd	mˈɔrde	mˈɔrde	mˈɔrdi	mˈɔrde	mˈɔːrdi	muɾðˈeɾ	mursˈeə̯		mˈɔrdər	mˈɔrdər	mˈɔrdər	mˈɔrdər	mussjˈaj	mossiɡˈare					moɾðˈeɾ	morsikˈare		mˈɔrðar	mˈɔrðer	morseɡˈar	
BITE_2										muzɡˈɛːr		muzɡˈɛːr																																														
BITE_3	mˈɨʃku~mˈuʃku																muʧkˈɒ											mˈuʧku	muʦʦəkˈa~murʦəkˈa												amuʃkˈa							muʦʦikˈaɾi	muʦʦɨkˈaɾɨ	muʦʦikˈaɾi	muʦʦikˈaɾi			moʧʧikˈa				
BITE_4											zɡaɲˈar																kaɲˈa																															aɲe
BITE_5																										pˈia																																
BLACK_1																					ˈaːtɛr	ˈaːtɛr																																				
BLACK_2																																							pɾˈetu							njˈeddu	niɡˈeɖɖu~njˈeɖɖu											
BLACK_3														nwaʁ																			nweʁ																									
BLACK_4		nˈeɡɾo	nˈeɣɾe	nˈɛɣɾə	nˈeɣɾe	nˈɛɣɾə	nˈeɣɾe	nˈeɣɾe	njar	nˈeɡer	nˈɛɡar	nˈiːɡer	naj		nˈeri	nˈeɣɾo	nˈeɡru	nˈero	nˈejɡer				nˈeːjɡru	nˈejɡru	nˈɛːjɡru	nˈiɡɛr	nˈeɡru	nˈeɡru	nˈiɾə	nˈeɡɾe	nojr	nˈero		nɛjr	nɛjr	nɛjr	nɛjr	nˈeːru		nˈiɡar	nˈeɡru	najr	nˈeər	ner	najr			nˈiuɾu	nˈiuɾu	nˈivuɾu	nˈiviɾu	nˈeɣɾo	nˈero	nˈiru	nˈero	nˈeɡro	nˈero	nwaːʀ
BLACK_5	lˈajŭ																																																									
BLACK_6																				foʃk																																						
BLOOD_1	sˈɨnʒe																sˈənze											sˈɔnzi													sˈɨnʤe																	
BLOOD_2		sˈaŋɡɾe	saŋk	saŋ	saŋk	saŋk	saŋ	saŋk	swoŋɡ	sˈaŋɡev	saŋɡ	sˈaːŋɡov~sˈaːŋɡev	sã	sɑ̃	saŋk	sˈaŋɡe		sˈaŋɡwe	saŋk	saŋk	sˈaŋɡʷiːs	sˈaŋɡʷiːs	sˈaŋɡwe	sˈaŋɡwe	sˈaːŋɡwe	saŋk	saŋk		sˈaŋɡə	saŋk	sãŋk	sˈaŋɡwe	sɑ̃	saŋɡ	saŋɡ	saŋɡ	saŋɡ	saŋ	sˈɐ̃ŋɡɨ	sãŋɡv		saŋk	saŋk	sawŋk	saŋk	sˈaŋɡuni	sˈambene	sˈaŋɡu	sˈaŋɡu	sˈaŋɡu	sˈaŋku	sˈaŋɡɾe	sˈaŋɡwe	sˈaŋɡwe	sˈaŋɡwe	sˈaŋɡwe	sˈaŋɡwe	sã
BONE_1	ˈosŭ		ɔs	ɔs	ɔs	ɔs	ɔs	ɔs		ɔːs	ɔs	ɔːs	ɔ	ɔs		ˈɔso	os	ˈɔsso	ɔs	ɔs	ɔs	ɔs	ˈøssu	ˈɔssu	ˈossu	ɔs	ɔss	wos	wˈossə	ɔs	ɔs	ˈɔsso	ɔʃ	ɔs	ɔs	ɔs	ɔs	ɔːs	ˈosu	ɔs	os	ɔs	ɔs		ɔs	ˈossu	ˈossu	ˈɔssu	ˈɔssu	wˈɔssu	wˈɔssu		ˈɔsso	ˈossu	ɔs	ɔs	ˈɔso	ɔʃ~ɔʃeː
BONE_2									vwas						vwɛs																																											
BONE_3		ɡwˈeso																																										jes	øs							wˈeso						
BREAST_1	cˈeptu																kʎept							kaʃˈetta				cept																														
BREAST_2																																																								tˈete		
BREAST_3														pwatʁin																pejtɾˈino			pwetʁɛ̃n																									pwatʀin
BREAST_4		pˈeʧo	pit	pit	pit	pit	pit	pit	pjat	pɛːt	pɛt				pɛt	pˈejto		pˈɛtto	pjet	pjet	pˈɛktʊs	pˈɛktʊs	pˈettu		pˈɛːtu				pjˈettə	pˈitɾe~pjɛs~pjes	piʦ	pˈɛtto		pɛt		pɛt	pɛt		pˈɐjtu	pɛə̯t	pjept	pɛʦ	pɛʦ	pɛʦ	pet	pittˈura	pettˈorra	pˈɛttu	pˈɛttu	pjˈɛttu	pjˈɛttu	pˈeʧo	pˈɛtto	pˈettu	pɛt		pˈeto~pˈɛto	
BREAST_5												stˈɔmeɡ	ɛstˈɔma													stomˈɛk	ʃtˈumɛk								stˈɔmi			stˈɔːmik																				
BREAST_6									sjaŋ																																																	
BREAST_7																												sin																														
BURN (SOMETHING)_1																	palˈi																																									
BURN (SOMETHING)_2																																																	bampˈaɾɨ									
BURN (SOMETHING)_3		kemˈaɾ	kɾemˈaɾ	kɾəmˈa	kɾemˈaɾ	kɾəmˈa	kɾemˈa	kɾemˈaɾ					kraːmˈaː			kejmˈaɾ														kɾemˈa									kɐjmˈaɾ													kemˈaɾ						
BURN (SOMETHING)_4										bruzˈɛːr	bruzˈar	bruzˈer	bryːlˈaː	bʁyle	brusˈaː			bruʧˈare	bruʒˈɛr	bruʒˈɛ			bryʒˈaː	bryʒˈa	bryːʒˈɛː	bryʦˈa	bryzˈa		abbruʃʃˈa	bɾylˈa		bruʃˈare~abbruʃˈare	bʁyle	bryzˈe	bryzˈe	bryzˈe	bryzˈe	bryzˈɛ		bruzˈeə̯				bərʃˈar		abruʒˈaj	brusjˈare	bɾuʧˈaɾi		abbɾuʧˈaɾi	abbɾuʃˈaɾi		bruʧˈare	vruʧˈa	bruzˈar	bruzˈar	bruzˈar	bʀyːle
BURN (SOMETHING)_5																					ˈuːrɛrɛ	ˈuːrɛrɛ																																				
BURN (SOMETHING)_6	ˈardu																											art			ˈardrə										aˈarde	ˈardər	ˈardər		ˈardər													
CLOUD_1														nɥaʒ																njew			nɥaʒ																									
CLOUD_2	niˈorŭ																									nˈiol		nor													nor																	
CLOUD_3		nˈube	nˈuvoɫ	nˈuβuɫ	nˈuβoɫ	nivuɫˈat	nˈuβoɫ	nˈuβoɫ	nˈuvol	nˈuvla	nˈuval	nˈovla			nuːl	nˈuβe		nˈuvola	nˈiɡola	nˈibla	nˈuːbɪs	nˈuːbeːs~nuːbˈiːɫũ	nˈyvia	nˈyvvua	nˈiːɡɥa		nˈiɡula		nˈuvələ	nˈive~nˈivo	nˈyə	nˈube~nˈuvola		nˈivula	nˈivula	nˈivula	nˈuvula	nˈiːwla	nˈuvɐ̃j̃	nˈuvla		nˈivəl	nˈɛjvəl	nˈibəl	nˈyvlə	nuj	nˈue	nˈuvula	nˈuvula	nˈuvula	nˈuvula	nˈuβe	nˈuvola	nˈuola	nˈuvola	nˈuvola	nˈuvoe̯a	nuwaʧ
CLOUD_4													ɲˈola																																													
CLOUD_5																	oblˈɒk																																									
COLD (OF WEATHER)_1																	rˈɒʧe																								rˈeʧe																	
COLD (OF WEATHER)_2	arˈaʦe																											rˈaʦi												ʤaʦˈeə̯																		
COLD (OF WEATHER)_3																																																					djˈaʧʧo					
COLD (OF WEATHER)_4		fɾˈio	fɾet	fɾɛt	fɾet	fɾɛt	fɾet	fɾet		frɛd	fred	frɛd	fraj		freːt	fɾˈio		frˈeddo	frejt	frəjt	frˈiːɡɪdʊs	frˈiːɡɪdʊs	frˈejdu	frˈejdu	frˈeʤʤu	frɛʧ~frɛt	freʧʧ		frˈiddə	fɾe	frojt	frˈeddo		frɛjd	frɛjd	frɛjd	frejd	frøʧ	fɾˈiu			frajt	frɛjt	frɛjt	frajt	frˈiðu~frˈiu	frˈittu	fɾˈiddu	fɾˈiddu	fɾˈiddu	fɾˈiddu	fɾˈio		frˈiddu	fret	fret	frˈedo	fʀɛ
COLD (OF WEATHER)_5														fʁwa																			fʁwe																									
COLD (OF WEATHER)_6									ɡelwˈat																																																	
COME_1																										ɛɲ																	nɛkr													vˈɛɲer		
COME_2										ɲiːr	ɲir	ɲiːr	mɲi			biɾ																						ɲiː	viɾ						ɲir													
COME_3			vˈindɾe		bˈindɾe		bˈindɾe	bˈindɾe																																						bɛnnˈi	bˈennere											
COME_4	ʑˈinŭ																																																									
COME_5		benˈiɾ		bənˈi		vənˈi			venˈar					vəniʁ	viɲˈiː		verˈi	venˈire	veɲˈir	unˈi	wɛnˈiːrɛ	vɛnˈiːrɛ	veɲˈiː	veɲˈi	veːɲˈi		veɲˈi	vin	vənˈi	venˈi	vənˈir	venˈire	vniʁ	vni	vni	vni				vni~avnˈi	avenˈi	vəɲˈir		vəɲˈir				vˈɛniɾi	vˈɛnɨɾɨ	vjˈɛniɾi	vˈɛniɾi	benˈiɾ	venˈire	vinˈi	venjˈar		venˈir	vyny~vny
COME_6																																					vˈeŋe																					
DIE_1	mˈorŭ	morˈeɾ	moɾˈiɾ	muɾˈi	moɾˈiɾ	muɾˈi	moɾˈi	moɾˈiɾ	morˈar	murˈiːr	murˈir	murˈiːr	morˈi	muʁiʁ	murˈiː	morˈeɾ	murˈi	morˈire	morˈir	murˈi	mˈɔriː	mˈɔriː	muˈiː	muˈi	miˈi	mør	murˈi	mor	muɾˈi	muɾˈi	morˈir	morˈire	mweʁiʁ	mˈøjre	mˈøjre	mˈøjre	mˈøjre	mˈøri	muʁˈeɾ	murˈi	amurˈi	murˈir	murˈɛkr	murˈir	murˈir	mɔrrˈi	mˈorrere	mˈɔɾiɾi	mˈɔɾɨɾɨ	mwˈɔɾiɾi	mˈɔʐi	moɾˈiɾ	morˈire	murˈi	morˈir	morˈir	morˈir	mɔʀy
DOG_1		pˈero																																																		pˈero						
DOG_2			ɡos	ɡos	ɡos		ɡos	ɡos																																																		
DOG_3													θɛ̃	ʃjɛ̃																	ʧjẽn		kjɛ̃																									ʧɛ̃
DOG_4	kˈɨne																											kˈɔjni													kˈɨjne																	
DOG_5						ka			kwoŋ	kaŋ	kan	kaːn			caŋ	kaŋ		kˈane	ɕaŋ	ɕaŋ	kˈanɪs	kˈanɪs	kaŋ	kaŋ	kaŋ	ka	kaŋ		kˈanə			kˈane		kaŋ	kaŋ	kaŋ	kaŋ	kaŋ	kɐ̃w̃	kãn		ɕawn	caŋ	ɕawn	ɕan	kˈai	kˈane	kˈani	kˈanɨ	kˈani	kˈani		kˈane	kˈane	kaŋ	kaŋ	kaŋ	
DOG_6																														ʧiŋ																												
DOG_7																	brek																																									
DRINK_1																					bˈɪbɛrɛ	bˈɪbɛrɛ							vˈɛβəɾə~vˈeβəɾə																			vˈiviɾi~bˈiviɾi	bˈivɨɾɨ	vˈiviɾi	vˈiviɾi~bˈiviɾi							
DRINK_2																																														buffˈaj	buffˈare											
DRINK_3		bebˈeɾ	bˈewɾe	bˈɛwɾə	bˈewɾe	bˈɛwɾə	bˈewɾe	bˈewɾe	bar	bˈɛver	bˈɛar	bˈɛver	bˈajre	bwaʁ	bˈɛvi	beβˈeɾ		bˈere	bˈejver	bˈevər			bˈɛjve	bˈeje	bˈɛjve					bˈewɾe	bˈojvrə	bˈere	bweʁ	bˈɛjve	bˈɛjve	bˈɛjve	bˈejve	bˈeːvi	bɨβˈeɾ			bˈajvər	bˈevər	bˈɛjbər	bˈajvər							beβˈeɾ			bˈere	bˈever	bˈɛver~bˈever~bˈevar	bwaːʀ
DRINK_4	be̯aw																bæ									bif	beːf	be̯aw												beː	abˈe̯a												bɛ	beː				
DRY_1		sˈeko	sek	sɛk	sek	sɛk	sek	sek		sɛk			sɛ	sɛk		sˈeko		sˈekko	sek	sək	sˈɪkkʊs	sˈɪkkʊs	sˈekku	sˈekku	sˈekku	sɛk			sˈikkə	se	sɛk	sˈekko	se	sɛk	sɛk	sɛk	sɛk	søk	sˈeku	sɛk						sikkˈaw	sˈikku	sˈikku	sˈikku	sˈikku	sˈikku	sˈeko	sˈekko	sˈikku	sek		sˈeko	sɛʧ
DRY_2	uskˈatŭ								swat~sot	sut	sut	sot			sut		uskˈɒt		sut	sut~sjəwt							syʧʧ	uskˈat								syjt					uskˈat	siɕ	sic		syt											sut		
DRY_3																																												ʃeɕ														
EAR_1													ˈɔrʎo	ɔʁɛj	orˈɛle											orˈɛʤa							ɔʁɛl																									ɔʀɛj
EAR_2	urˈe̯akʎe	oɾˈeja	oɾˈeʎa	uɾˈɛʎə	oɾˈeʎa	uɾˈɛə		oɾˈeʎa		urˈɛʧa	urˈɛʧa	urˈɛʧa				oɾˈeʎa	urˈækʎe		urˈeja								urˈeʤa	urˈe̯akʎə			orˈɛʎə			urˈija	urˈija	urˈija	urˈija	urˈøʤa	oɾˈeʎɐ	urˈɛʧa	urˈeke	urˈeʎə	urˈejə	urˈeʎə	urˈaʎə	orˈiɣa						oɾˈexa			rˈeʧa	rˈeʧa	rˈɛʧa~rˈeʧa	
EAR_3									orˈakla~rˈakla									orˈekkjo~orˈekkja		urˈədla									rˈekkjə			orˈekkja															orˈikkra	aɾˈikkju	ɾˈikkɨ	aɾˈikkju~aɾˈikkja			orˈekkjo	rˈekkja				
EAR_4																							wˈɛʤa		wˈɛʤʤa																																	
EAR_5							awɾˈeʎɛ														ˈawrɪs	ˈawrɪs		awˈeʤe						awɾˈio																					awɾˈiʧʧa							
EARTH (SOIL)_1																	pemˈint																								pəmˈɨnt																	
EARTH (SOIL)_2	ʦˈarə																											ʦˈarə																														
EARTH (SOIL)_3		tjˈera	tˈɛra	tˈɛrə	tˈɛra	tˈɛrə	tˈɛrɛ	tˈɛra	tˈara~tjˈara	tˈɛra	tˈɛra	tˈɛra	tˈɛra	tɛʁ	tjˈɛre~tjˈare	tˈɛra		tˈɛrra	tˈera	tjˈəra	tˈɛrra	tˈɛrra	tˈɛra	tˈɛːra	tˈɛːra	tˈɛra	tˈɛra		tˈɛrrə	tˈɛʀo	tˈɛrə	tˈɛrra	tjɛʁ	tˈɛra	tˈɛra	tˈɛra	tˈera	tˈɛra	tˈɛʁɐ	tˈɛə̯ra		tˈɛrə	tˈerə	tjˈarə	tˈɛrə	tˈɛrra	tˈerra	tˈɛrra	tˈɛrra	tjˈɛʐa	tˈɛʐa	tjˈera	tˈɛrra	tˈɛrra	tˈɛra	tˈɛra	tˈɛra	tɛʀ
EAT_1																					ˈeːdɛrɛ	ˈeːdɛrɛ																																				
EAT_2		komˈeɾ														komˈeɾ																							kumˈeɾ													komˈeɾ						
EAT_3														mɑ̃ʒe																			mɛ̃ʒe																									muɲe
EAT_4	mˈɨkŭ																məŋkˈɒ																								amɨŋkˈa		məʎˈer	məʎˈar														
EAT_5			meɲʤˈaɾ	məɲʒˈa	meɲʧˈaɾ	məɲʒˈa	meɲʤˈa	meɲʧˈaɾ	manˈajko	maɲˈɛːr	maɲˈar	maɲˈɛːr			manɟˈaː			manʤˈare	maɲˈɛr	majˈə			maŋʤˈa	maŋʤˈa	maŋʤˈɛ	maŋʤˈa	maŋʤˈa	mənˈank	maɲɲˈa	manʤˈa	mãnʤjˈer	manʤˈare		maŋʤˈe	maŋʤˈe	maŋʤˈe	manʤˈe	maŋʤˈɛ		maɲˈeə̯		mənʤˈar			mənʤˈar		mandiɡˈare	manʧˈaɾi	manʧˈaɾɨ	manʧˈaɾi	manʧˈaɾi		manʤˈare	maɲɲˈa	maɲˈar	maɲˈar	maɲˈar	
EAT_6																																														pappˈaj												
EAT_7													bʤiː																																													
EGG_1	ow		ɔw	ɔw	ɔw	ɔw	ɔw	ɔw													ˈoːwũ							wow		jɔw					øw						ow					ow										ow		
EGG_2										oːv	ɔv	oːv				ˈɔβo	ov	wˈɔvo				ˈoːvũ	ˈøvu	ˈøvu	ˈøːvu				wˈovə			wˈɔvo		øv		øv	øv		ˈovu	ɔə̯v							ˈovu	ˈɔvu	ˈɔvu	wˈɔvu	wˈɔvu		ˈɔvo	ˈɔu	ˈovo	ˈovo	vˈɔvo~vˈovo	
EGG_3		ɡwˈebo																																																		wˈeβo						
EGG_4													wa																																													
EGG_5														œf	uːf				ef	wef						of	øːf				wœf							øf				of	of		øf													
EGG_6									juv																								ɥe											jef														
EGG_7																																																										yː
EYE_1													ʒy~ʒyː																																													
EYE_2																														ˈiwe~iw																												
EYE_3			uʎ	uʎ	uʎ		uʎ	uʎ																																		eʎ	iʎ	eʎ	øʎ													
EYE_4														œj																ɥɛj	wœʎ		œl																									
EYE_5						uj													ˈeje															øj	øj	øj	øj																					uːj
EYE_6		ɡwˈejo																		wedl																																						
EYE_7																							ˈøʤʤu	ˈøʤʤu	ˈøːʤʤu																																	
EYE_8									vˈaklo						vˈoːli																																											
EYE_9	ˈokʎu																ˈokʎu	ˈɔkkjo			ˈɔkʊɫʊs	ˈɔkʊɫʊs						wˈokʎu	wˈokkjə			ˈɔkkjo							ˈoʎu		okʲ					ˈoɣu	ˈokkru	ˈɔkkju	ˈɔkkju	wˈɔkkju	wˈɔʧʧu		ˈɔkkjo	ˈokkju				
EYE_10																										øʧ	øʧʧ											øʧ																				
EYE_11										ɔːʧ	oʧ	ɔːʧ				ˈɔʎo																								ɔʧ												ˈoxo			ˈɔʧo	ˈɔʧo	ˈɔʧo	
FAR_1	dipˈarte																								distˈaːŋte			dipˈarti													depˈarte														distˈaŋte		distˈaŋte	
FAR_2	lˈarɡu																																														alˈarɡu											
FAR_3																																														atˈezu												
FAR_4									lontwˈoŋ	luntˈan	luntˈan	luntˈaːn			lontˈaŋ			lontˈano					luŋtˈan	luŋtˈan	luŋtˈan	luntˈa	luntˈaŋ		luntˈanə			lontˈano		luŋtˈaŋ	luŋtˈaŋ		luŋtˈaŋ	luŋtˈaŋ		luntˈãn								luntˈanu	luntˈanu	luntˈanu	luntˈanu		lontˈano	lontˈanu	loŋtˈaŋ	loŋtˈaŋ	loŋtˈaŋ~ɰoŋtˈaŋ	
FAR_5													lwɛ̃~lwɛ	lwɛ̃																			lwɛ̃																									
FAR_6																														ljewˈeŋ~lɥeŋ~ljuŋ																												
FAR_7		ʎˈonʃe														lˈonʃe	lˈɒrɡo				ɫˈɔŋɡeː	ɫˈɔŋɡeː																	lˈõʒɨ																			lɔ̃
FAR_8																															lojɲ					løɲ																						
FAR_9																																																				lˈexos						
FAR_10																			dalˈonʧ	lonʧ~dalˈonʧ																						dəlˈunʃ			dəlˈœnʧ~dəlˈœnʃ													
FAR_11		ʎˈoɲe	ʎuɲ	ʎuɲ	ʎunt		ʎuɲ	ʎunt																																			ʎˈunʃ	lunʃ														
FAR_12						ənfˈɔɾə																																																				
FAT (ORGANIC SUBSTANCE)_1						sɛw																																																				
FAT (ORGANIC SUBSTANCE)_2																					pˈɪŋɡʷɛ																																					
FAT (ORGANIC SUBSTANCE)_3	ɡrəsˈime	ɡɾˈasa	ɡɾejʃ	ɡɾeʃ	ɡɾejʃ		ɡɾejʃ	ɡɾejʃ	ɡres	ɡraːs	ɡras	ɡraːs	ɡrˈesa	ɡʁɛs	ɡras	ɡɾˈaʃa		ɡrˈasso	ɡras	ɡras			ɡrˈassu	ɡrˈassu	ɡrˈaʃʃa~ɡrˈassu	ɡras	ɡrass	ɡrəsˈimi	ɡrˈassə	ɡɾas	krˈejsə	ɡrˈasso		ɡras	ɡras	ɡras	ɡras	ɡras		ɡras	ɡrəsˈime	ɡras	ɡras	ɡras	ɡras	ɡrˈassu	rˈassu	ɾˈassu	ɾˈassu	ɾˈassu	ɾˈassu	ɡɾˈasa	ɡrˈasso		ɡras	ɡras	ɡrˈaso	kʀaʃ
FAT (ORGANIC SUBSTANCE)_4																																							ɡuɾðˈuɾɐ																			
FAT (ORGANIC SUBSTANCE)_5																																																						lˈardu				
FAT (ORGANIC SUBSTANCE)_6																																	kʁa																									
FAT (ORGANIC SUBSTANCE)_7																	mɒst																																									
FEATHER_1	pˈe̯anə								pˈajna	pˈɛna	pˈɛna						pˈæna	pˈenna			pˈɛnna~pˈɪnna	pˈɪnna	pˈenna	pˈeŋŋa				pˈe̯anə	pˈennə			pˈenna							pˈenɐ	pˈɛna	pˈanə				pˈɛnə	pˈinna		pˈinna	pˈinna	pˈinna			pˈenna	pˈenna	pˈena		pˈena	
FEATHER_2		plˈuma	pɫˈoma	pɫˈomə	pɫˈoma	pɫˈomə	pɫˈomɛ	pɫˈoma				pjˈoma	pʎˈɔ̃ma	plym	plˈume	plˈuma			pjˈuma	plˈuma					ʧˈymma	pjˈøma	pjˈyma			plˈymo	plỹmə		plœm	pjˈyma	pjˈyma	pjˈyma	pjˈyma	pjˈyːma				plˈimə	plˈemə	plˈemə			prˈumma				pjˈuma	plˈuma				pjˈuma		plym
FINGERNAIL_1													ˈɔ̃ɡʎa	ɔ̃ɡl																	õŋɡlə		ɔ̃ɡ																									ɔ̃k
FINGERNAIL_2	ˈunɡʎe		ˈuŋɡɫa	ˈuŋɡɫə	ˈuŋɡɫa	ˈuŋɡɫə	ˈuŋɡɫɛ	ˈuŋɡɫa	ˈoŋɡla						oŋɡulˈe		ˈuŋɡʎe	ˈuŋɡja			ˈʊŋɡʷɪs	ˈʊŋɡʷɪs						ˈunɡʎə		ˈuŋɡlo		ˈuŋɡja									ˈuŋɡje	ˈuŋɡlə	ˈuŋɡlə	ˈuŋɡlə	ˈuŋɡlə	ˈuŋɡa	ˈuŋɡra						ˈuŋɡja					
FINGERNAIL_3																			ˈombja	ˈondla																																						
FINGERNAIL_4		ˈuɲa								ˈuŋʤa	ˈɔnʤa	ˈonʤa				ˈunʎa							ˈuŋʤa	ˈuŋʤa	ˈuŋʤa	ˈonʤa	ˈunʤa		ˈoɲɲə~ˈɔɲɲə					ˈuŋʤa	ˈuŋʤa	ˈuŋʤa	ˈuŋʤa	ˈoːŋʤa	ˈuɲɐ	ˈonʤa								ˈuɲɲa	ˈuɲɲa	ˈuɲɲa	ˈuɲɲa	ˈuɲa		ˈoɲɲa	ˈoŋʤa	ˈoŋʤa	ˈoŋʤa	
FINGERNAIL_5																																																						rˈunʧu				
FIRE_1																					ˈɪŋnɪs	ˈɪŋnɪs																																				
FIRE_2	fˈokŭ	fwˈeu	fɔk	fɔk	fɔk	fɔk	fɔk	fɔk	fuk	foːɡ	fɔɡ	fɔːɡ	fwa	fø	fuːk	fˈɔɣo	fok	fwˈɔko	fek	fwek			fˈøɡu	fˈøːɡu	fø	føk	føːk	fok	fˈokə~fwˈokə~ffwˈokə	fjɔ	few	fwˈɔko	fy	fø	fø	fø	fø~føɡ	føk	fˈoɣu	fuɡ	fok	fjew	fi	fjuk	fø	fˈoɣu	fˈoɡu	fˈɔku	fˈɔku	fwˈɔku	fwˈɔku	fwˈeɣo	fˈɔko	fˈoku	fˈoɡo	fok	fˈɔɡo~fˈoɡo	føː
FIRE_3																lˈume																																										
FISH_1													pˈajsɔ̃~pˈɛsɔ̃	pwasɔ̃																	pˈojsõn		piʃɔ̃																									pɛʃɔ̃
FISH_2	pˈesku	pˈeʃe	pejʃ	peʃ	pejʃ	peʃ	pejʃ	pejʃ	pjas	pɛs	pɛs	pɛs			pɛs	pˈejʃe		pˈeʃʃe	peʃ	pəʃ	pˈɪskɪs	pˈɪskɪs	pˈeʃʃu	pˈɛʃʃu	pˈɛːʃʃu	pɛs	pɛss	pˈe̯aʃti	pˈeʃʃə	pɛjs		pˈeʃʃe		pəs	pɛs	pɛs	pes	pøs	pˈɐjʃɨ	pɛs	pˈeʃte	peʃ	peʃ	pɛʃ	peʃ	pˈiʃʃi	pˈiske	pˈiʃʃi	pˈiʃʃi	pˈiʃʃi	pˈiʃʃi	peθ	pˈeʃʃe	pˈeʃʃe	pes	pes	pˈese	
FISH_3																	rˈibæ																																									
FLESH OR MEAT_1																																														pˈɛʦʦa	pˈeʦʦa											
FLESH OR MEAT_2																																																						ʧˈiʧʧa				
FLESH OR MEAT_3													vjˈãda	vjɑ̃d																vjˈande			vjɑ̃n																									
FLESH OR MEAT_4	kˈarne	kˈaɾne	kaɾn	kaɾn	kaɾn	kaɾn	kaɾn	kaɾn	kwˈorno	kˈɛrna	kˈaran	kˈɛːrna			car	kˈaɾne	kˈɒrne	kˈarne	ɕɛrn	ɕərn	kˈaroː	kˈaroː	kˈarne	kˈarne	kˈaːrne	kˈarne	kˈarna	kˈarni	kˈarnə		ʧar	kˈarne		karn	karn	karn	karŋ	kˈarne	kˈaɾnɨ	kˈeə̯rna	kˈarne	ɕarn	cɛrn	karn	ɕarn			kˈaɾni	kˈanni	kˈaɾni	kˈaɾni	kˈaɾne	kˈarne		kˈarne	kˈarne	kˈarne	ʧoːʀ
FLY (MOVE THROUGH AIR)_1																							ʒoˈaː	ʒuˈa	ʒvuˈɛ																																	
FLY (MOVE THROUGH AIR)_2		bolˈaɾ	voɫˈaɾ	buɫˈa	boɫˈaɾ	vuɫˈa	boɫˈa	boɫˈaɾ		vulˈɛːr	vulˈar	vulˈɛːr	volˈaː	vɔle	zvolˈaː	boˈaɾ		volˈare	ʒɡolˈɛr	ʒulˈɛ	wɔɫˈaːrɛ	vɔɫˈaːrɛ				ulˈa~ɡulˈa	ɡulˈa		vulˈa	vulˈa	volˈeːr	volˈare	vɔle	vulˈe	vulˈe	vulˈe	vulˈe	vulˈɛ	vuˈaɾ	vulˈeə̯		ʒɡulˈar	ʒɡulˈar	ʒɡulˈar	ʒvəlˈar	bolˈaj	bolˈare	vulˈaɾi	vulˈaɾɨ	vulˈaɾi		bolˈaɾ	volˈare	volˈa	volˈar	volˈar	volˈar~zvoe̯ˈar	vɔle
FLY (MOVE THROUGH AIR)_3	asbˈo̯airŭ																																								azburˈa							abbulˈaɾi			abbulˈaɾi							
FLY (MOVE THROUGH AIR)_4																	letˈi																																									
FLY (MOVE THROUGH AIR)_5																												pərəjˈes																														
FOOT_1		pje	pɛw	pɛw	pɛw	pɛw	pɛw	pɛw		peː	pjɛ	pɛ	piː	pje	piːt	pɛ		pjˈɛde	pe	pe	peːs	peːs	peː	pe	pe	pe	pɛ		pˈɛɾə	pɛt	pje	pjˈɛ~pjˈɛde	pje	pe	pe	pe	pe	pɛ	pɛ	pe		pe	pe	pej	pɛ~pe	pɛj	pˈede	pˈɛdi	pˈɛɾi~pˈɛdi	pjˈɛɾi	pˈɛɾi	pje	pjˈɛde		pie	pie~pɛ	pie	piː
FOOT_2	ʧiʧˈorŭ								pins								piʧˈor											piʧˈor													piʧˈor																	
FOOT_3																																																						fˈetta				
FULL_1		enʎˈeno														ʧˈeo																																				ʎˈeno						
FULL_2	plˈinŭ~mplˈinŭ									piːn	pin	piːn					pʎir						piŋ	piŋ				ɐmplˈin	kˈinə									piːŋ		pin	plin							kˈinu	kˈinu	kˈinu	ʧˈinu			pˈinu				
FULL_3			pɫe	pɫɛ	pɫe	pɫɛ	pɫe	pɫe	plajn				pʎɛː	plɛ̃	plɛŋ			pjˈɛno	pjeŋ	pləŋ	pɫˈeːnʊs	pɫˈeːnʊs				pje	pjˈee			pleŋ	plẽj̃n	pjˈɛno	plɛ̃	pjɛŋ	pjɛŋ	pjɛŋ	pjeŋ					plajn	plaɲ	plɛjn	plajn	prˈenu	prˈenu						pjˈɛno	pjˈenu	pjeŋ	pjeŋ	pjɛŋ~pjeŋ	plɛ̃
FULL_4																									ʧɛːŋ																																	
FULL_5																																							ʃˈɐju																			
GIVE_1													baʎˈiː																				baje																									
GIVE_2	daw	daɾ	donˈaɾ	dunˈa	donˈaɾ	dunˈa	donˈa	donˈaɾ	dwor	dɛːr	dar	dɛːr		dɔne	daː	daɾ	dɒ	dˈare	dɛr	dɛ	dˈarɛ	dˈarɛ	daː	da	dɛ	da	da	daw	dˈa	dunˈa	dõnˈeːr	dˈare		de	de	dɛ	dɛ	dɛ	daɾ	deə̯	adˈa	dar	dar	dar	dar	donˈaj	dˈare	dˈaɾi	dˈaɾɨ	dˈaɾi~ɾˈaɾi	dˈaɾi	daɾ	dˈare	da	dar	dar	dar	dyne
GIVE_3																																																										nne
GOOD_1	bˈunŭ	boŋ	bɔ~bɔn	bɔ~bɔn	bɔ~bɔn	bɔ~bɔn	bɔ~bɔn	bɔ~bɔn	buŋ	bɔwn	bon	bɔwn	bɔ̃	bɔ̃	bɔŋ	bo	bur	bwˈɔno	boŋ	boŋ	bˈɔnʊs	bˈɔnʊs	buŋ	buŋ	buŋ	by	buŋ	bun	bwˈonə~bbwˈonə	boŋ	bõn	bwˈɔno		buŋ	buŋ	buŋ	buŋ	boːŋ	bõ	bown	bun	bun	buŋ	bjen	bun	bˈonu	vˈonu	bˈɔnu	bˈɔnu	bwˈɔnu	bwˈɔnu	bwˈeno	bˈɔno	bˈonu	boŋ	bɔŋ	boŋ	bɔ̃
GOOD_2																																	bwɛ̃																									
GREEN_1	vˈe̯arde	bˈeɾde	vɛɾt	bɛɾt	bɛɾt	vɛɾt	bɛɾt	bɛɾt	vjard	verd	verd	vɛjrd	vɛ	vɛʁ	vɛrt	bˈeɾde		vˈerde	vert	vərt	wˈɪrɪdɪs	vˈɪrɪdɪs	vˈɛrde	vˈerde	vˈɛːrde	ert~vert	veːrt	vˈe̯ardi	vˈɛrdə~vvˈɛrdə	veɾt	vɛrt	vˈerde	vɛʁ	vɛrd	vɛrd	vɛrd	vɛrd	veːrt	vˈeɾðɨ	veːr	vˈerde	vɛrt	vɛrt	vɛrt	vɛrt	bˈirdi	vˈirde	vˈiɾdi	vˈiddɨ	vˈiɾdi	vˈiɾdi	bˈeɾðe	vˈerde	vˈerde	vert	vert	vˈerde	vɛʀ
GREEN_2																	zelˈen																																									
HAIR_1			kaβˈeʎ	kəβˈɛʎ		kəβˈɛj	kaβˈeʎ	kaβˈeʎ	kapˈej	kavˈiː	kavˈi	kavˈiː			cavˈɛj	kaβˈelo		kapˈello	ɕavˈej	ɕavˈəj	kˈapɪɫɫʊs	kˈapɪɫɫʊs	kavˈelli	kavˈelli	kavˈɛːji	kjˈej	kavˈɛll		kapˈillə			kapˈello	kavjo	kavɛj	kavɛj	kavɛj	kavˈej	kavˈøj	kɐβˈelu	kavˈɛl								kapˈiɖɖi	kapˈiɖɖɨ	kapˈiɖɖi	kapˈiɖɖi		kapˈelli	kˈapillu	kavˈei	kavˈei	kavˈei	
HAIR_2													ʃevˈøː	ʃəvø																	ʧəvˈel											ɕəvˈɛls	cəvˈɛls	kəvˈɛʎs	ɕəvˈɛls													ʧyvɛ~ʧvɛ
HAIR_3	pˈerŭ	pˈelo														pˈelo	per											per				pˈelo									pər						pˈilos					pˈelo						
HAIR_4																																														pˈiluzu												
HAIR_5																														pɛw																												
HAIR_6					mˈoɲo																																																					
HAND_1														mɛ̃																	mẽj̃n		mɛ̃																									mwɛ̃
HAND_2	mˈɨnə	mˈano	ma	ma	ma	ma	ma	ma	mwoŋ	maŋ	man	maːn	mã		maŋ	maŋ	mər	mˈano	maŋ	maŋ	mˈanʊs	mˈanʊs	maŋ	maŋ	maŋ	ma	maŋ	mˈɔnə	mˈanə	maŋ		mˈano		maŋ	maŋ	maŋ	maŋ	maŋ	mɐ̃w̃	mãn	mˈɨnə	mawn	maŋ	mawn	man	mˈanu	mˈanu	mˈanu	mˈanu	mˈanu	mˈanu	mˈano	mˈano	mˈano	maŋ	maŋ	maŋ	
HEAD_1		tjˈesta							tjˈasta	tˈɛsta		tˈɛsta	tˈeta	tɛt				tˈɛsta					tˈesta	tˈesta	tˈɛːsta					tˈɛsto		tˈɛsta	tjɛt	tˈɛsta	tˈesta	tˈɛsta	tˈesta	tˈɛsta		tˈɛə̯sta								tˈɛsta	tˈɛsta	tjˈɛsta	tˈɛsta		tˈɛsta		tˈɛsta	tˈɛsta	tˈɛsta	tjɛːs
HEAD_2															caːf																												cˈeə															
HEAD_3																			ʧef												ʧjef																											
HEAD_4																				ʧə																																						
HEAD_5																																										ɕaw		ɕaw	ɕew													
HEAD_6		kabˈeθa														kaβˈeθa																							kɐβˈesɐ							kˈɔŋka	kˈoŋka					kaβˈeθa		kapˈɔʧʧa				
HEAD_7	kˈapŭ		kap	kap	kap	kap	kap	kap	kup		kɔ						kɒp				kˈapʊt	kˈapʊt				ko	kˈoo	kap	kˈapə			kˈapo									kap																	
HEAR_1													awˈire			owβˈiɾ				awdˈi	awdˈiːrɛ	awdˈiːrɛ									oˈir	udˈire							owvˈiɾ			udˈir		udˈir	dudˈir							oˈiɾ						
HEAR_2	ˈavdu																avzˈi													awzˈi											aawzˈi																	
HEAR_3													ɛ̃tˈɛ̃dre~ɛtˈɛdre	ɑ̃tɑ̃dʁ																entˈɛndɾe			ɛ̃tɛ̃d													intˈɛndi	intˈendere											atɛ̃t
HEAR_4		sentˈiɾ	sentˈiɾ	səntˈi	sentˈiɾ	səntˈi	sentˈi	sentˈiɾ	sentˈar	siŋtˈiːr	sintˈir	sˈɛjnteːr~sintˈɛjr			sintˈiː			sentˈire	sentˈir				seŋtˈiː	seŋtˈi	seŋtˈi	sintˈi~sentˈi	sentˈi		səntˈi					sˈɛŋte	sˈɛŋte	sˈɛŋte	sˈeŋte	sˈeːŋti		sintˈi			santˈɛkr					sˈɛntiɾi	sˈɛntɨɾɨ	sjˈɛntiɾi	sˈɛntiɾi		sentˈire	sintˈi	seŋtˈir	seŋtˈir	seŋtˈir	
HEAR_5																												ut																														
HEART_1	ˈinimə																jˈirimæ																								ˈinimə																	
HEART_2														kœʁ																			ʧœʁ																									
HEART_3		koɾaθˈoŋ	kɔɾ	kɔɾ	kɔɾ	kɔ	kɔɾ	kɔɾ	kwor	koːr	kɔr	koːr	køː		kuːr	koɾaθˈoŋ		kwˈɔre	ker	kwer	kɔr	kɔr	kø	kø	kø	kør	køːr		kˈɔɾə	kɔɾ	kwœr	kwˈɔre		kør	kør	kør	kør	kør		kɔə̯r		kor	kor	kor	kɔwr	kˈɔru	kˈoro	kˈɔɾi	kˈɔɾɨ	kwˈɔɾi	kˈɔɾi	koɾaθˈon	kˈɔre	kˈɔre	kɔr	kɔr	kwɔr	kœːʀ
HEART_4																												burˈik																														
HEART_5																																							kuɾɐsˈɐ̃w̃																			
HEAVY_1														luʁ																luɾd			luʁ																									
HEAVY_2	ɡrew																ɡrev				ɡrˈawɪs	ɡrˈavɪs				ɡref		ɡrew				ɡrˈave		ɡrɛv	ɡrɛv	ɡrɛv	ɡrɛv				ɡrew	ɡref	ɡref	ɡref	ɡrɛjf	ɡraj	ɡrˈave									ɡrew		
HEAVY_3		pesˈao	pezˈat	pəzˈat~pəzˈan	pesˈat	pəzˈat	pezˈat~pezˈan	pezˈat	pezwˈont		pes		pɛzã		pezˈant	pesˈaðo		pesˈante	pezˈok	pəzˈɔk			pezˈaŋte	pezˈaːŋte	pezˈaːŋte		pezˈaːnt		pəsˈantə~pˈisantə	pˈezant	pəzˈãnt							pizˈaːŋt	pɨzˈaðu	pˈɛzãnt					pəzˈant			pisˈanti	pisˈantɨ	pisˈanti	pisˈanti	pesˈaðo	pˈeso	pˈesu	pezˈaŋte		pezˈaŋte	pɛzã
HEAVY_4										peːz		pɛjz																																														
HEAVY_5																														pˈɛwʤe																												
HORN (ANATOMY)_1			bˈaɲa	bˈaɲə	bˈaɲa	bˈaɲə	bˈaɲɛ	bˈaɲa																						bˈano																												
HORN (ANATOMY)_2																																							ʃˈifɾɨ					ɕjern														
HORN (ANATOMY)_3									kwarŋ						kwaːr																																											kwãn
HORN (ANATOMY)_4	kˈornu	kwˈeɾno								kˈɔren	kˈɔran	kˈɔːren	kˈøːrna	kɔʁn		kˈɔɾno	korn	kˈɔrno	kɔrn	kɔrn	kˈɔrnuː	kˈɔrnuː	kˈɔːrnu	kˈɔrnu	kˈɔːrnu	kˈøren	kˈɔrnu	korn	kˈɔrnə		kɔr	kˈɔrno	kɔʁn	kɔrn	kɔrn	kɔrn	kɔrn	kˈɔːrnu	kˈoɾnu	kˈɔə̯ran	korn	kˈɔrnə	kˈɔrnə	kˈɔrnə	kˈɔrnə	kˈɔrru	kˈorru	kˈɔɾnu	kˈɔnnu	kwˈɔɾnu	kwˈɔɾnu	kwˈerno	kˈɔrno	kˈornu	kˈɔrno	kˈɔrno	kˈɔrno	
I_1													dɛ																																	dɛw												
I_2														mwa		ɛw																													ɛw													
I_3																			ʤe												ʤə																											ʤy
I_4	mˈine	mi	me	mə	me	mɛ	me	me	me~mi	mɛ	mi	me	maj~mɛ		me	miŋ	mˈire	me	me	me	meːd	meː	mi	mi	mi	me	mi	mini	me	me	moj	me	mi	mi	mi	mi	mi	miː	mɨ	me	mˈine		me	mej	maj	mɛj	me	mi	mi	mi	mi	mi	me	me	mi	mi	mi	mi
I_5																				je								jew		jew									ew		jew	jaw		jew														
I_6	jo	jo	jɔ		jo		jɔ	jɔ	ju						jo		jo											jo																				ju	jɔ	jɔ~ju	ju	ɟ͡ʝo						
I_7																		ˈio										iwə	ˈijə~i			ˈio											ˈiə										ˈio	ˈio				
I_8				ʒɔ		ʒɔ								ʒə																																												
I_9																					ˈɛɡoː~ˈɛɡɔ	ˈɛɡɔ																									dˈeo											
I_10																																	eʒ																									
KILL_1													twaː	tɥe																tyˈa~tyjˈa			tɥe																									tuwe
KILL_2																	uʧˈide	uʧʧˈidere											aʧʧˈiɾəɾə			anʧˈidere									auʧˈide																	
KILL_3																															oʦˈirə										aomorˈɨ																	
KILL_4																					ɔkkˈiːdɛrɛ	ɔkkˈiːdɛrɛ																								boʧʧˈiri	bokkˈire											
KILL_5															kopˈaː											køpˈa														akupˈeə̯					kəpˈar										kopˈar	kopˈar	kopˈar	
KILL_6		matˈaɾ	matˈaɾ	mətˈa	matˈaɾ	mətˈa	matˈa	matˈaɾ		masˈɛːr	maʦˈar	masˈɛːr				matˈaɾ			maʦˈɛr	maʦˈɛ			massˈaː	ammassˈa	maʦʦˈɛ		maʦˈa							masˈe	masˈe	masˈe	masˈɛ	masˈɛ	mɐtˈaɾ			məʦˈar	məʦˈar	məʦˈar				ammaʦʦˈaɾi~mmaʦʦˈaɾi	ammaʦʦˈaɾɨ	ammaʦʦˈaɾi	ammaʦʦˈaɾi	matˈaɾ	ammaʦʦˈare	mmaʦʦˈa				
KILL_7	vˈatəm																																																									
KILL_8									dramwˈor																																																	
KILL_9																												nek																														
KNEE_1		rodjˈeʎa																																																		roðˈiʎa						
KNEE_2													ðɛnˈœ~ðɛnˈɔ~ðɛnˈoj								ɡˈɛnʊ	ɡˈɛnʊ											eʒnu																									
KNEE_3			ʤinˈoʎ	ʒənˈoʎ	ʧenˈoʎ	ʒunˈoj	ʒinˈoʎ	ʧinˈoʎ		znɔːʧ	ʒnɔʧ	ʒnɔːʧ		ʒənu					ʒənˈeje	ʒənˈodl											ʤənˈoʎ									ʒnɔʧ		ʒənˈuʎ	ʒənˈuʎ	ʒənˈuʎ	ʒnwoʎ													ʤynɔ
KNEE_4															ʤenˈɔli											zønˈøʧ												znøʧ													ɾinwˈɔʧʧu				denˈɔʧo	denˈɔʧo	zenˈɔʧo	
KNEE_5	ʒinˈukʎu																ʒerˈuŋkʎu						ʒenˈuʤʤu	zenˈuʤʤu	ʒenˈuʤʤu			zinˈukʎu											ʒuˈɐʎu							ʒenˈuɣu	benˈukkru											
KNEE_6									ʤinwˈak~ʤinˈawk									ʤinˈɔkkjo									ʤinˈøʧʧ		dənˈukkjə	ʤejnˈuj~ʤinˈuŋ		ʤinˈɔkkjo		ʤinˈuj	ʤinˈuj	ʤinˈuj	ʤˈinuj				ʤenˈuŋkʲ							ʤinˈɔkkju~dinˈɔkkju~inˈɔkkju	ʤinˈɔkkju	ɾinwˈɔkkju			ʤinˈɔkkjo	ʤinˈokkju				
KNEE_7																ʃeˈonʎo																																										
KNEE_8																																																										ɲɲɔ
KNOW (SOMETHING)_1	ʃtiw																ʃti											ʃtiw													aʃtˈi																	
KNOW (SOMETHING)_2		sabˈeɾ	saβˈeɾ	saβˈɛ	saβˈeɾ		saβˈe~sapiɣˈe	saβˈeɾ	sapˈar	savˈer	saˈɛr	savˈɛjr	savˈaj	savwaʁ	savˈeː	saβˈeɾ		sapˈere	saˈer	savˈəj			savˈeː	savˈej	savˈɛj	saˈi	savˈɛ		sapˈɛ~sapˈe	sˈawpɾe~saʧˈe	savˈojr	sapˈere	savweʁ	savˈɛj	savˈɛj	savˈɛj	savˈej	savˈej	sɐβˈeɾ	savˈeː		səvˈajr	səvˈɛkr	səvˈer	səvˈajr			sapˈiɾi	sapˈiɾɨ	sˈapiɾi~sapˈiɾi	sapˈiɾi	saβˈeɾ	sapˈere	sapˈe	savˈer	saˈer~savˈer	savˈer	sawɛ~sawɛʀ
KNOW (SOMETHING)_3						sˈɛβɾə															skˈiːrɛ	skˈiːrɛ																								ʃˈiri	iskˈire											
LEAF_1																																																		pˈampina	pˈammina							
LEAF_2																				plˈeʧa																																						
LEAF_3	frˈɨnʒə																											frˈunzə													frˈunzə																	
LEAF_4																					fˈɔlɪũ	fˈɔljũ																																				
LEAF_5														fœj																fɥˈɛjo			fœl																									fuj
LEAF_6		fwˈeja	fˈuʎa	fˈuʎə	fˈuʎa	fˈuə	fˈuʎɛ	fˈuʎa	fwˈaʎa~fwaʎ	fˈoja	fˈɔja	fˈɔja	fˈoʎe		fwˈee	fˈoʎa	fˈoʎe	fˈɔʎʎa	fˈoa				fˈøʤʤa	fˈøʤa	fˈøːja	fˈɔja	fˈøja		fˈɔʎʎə		fwˈœʎə	fˈɔʎʎa		fˈøja	fˈøja	fˈøja	fˈøja	fˈɔːja	fˈoʎɐ	fˈoja		feʎ	fiʎ	feʎ	fˈøʎə	fˈɔlla	fˈoʒa	fˈɔɟɟa	fˈɔɟɟa	fwˈɔɟɟa	fˈɔɟɟa	ˈoxa	fˈɔʎʎa	fˈɔja	fˈɔja	fˈɔja	fˈɔja	
LIE (REST)_1	ʒˈakŭ									zakˈɛːr		ʒakˈɛːr~ʒakwˈer					zaʧˈɒ				jakˈeːrɛ	jakˈeːrɛ						zak				ʤaʧˈere																										
LIE (REST)_2																							ˈeːseakwˈeːɡoːw																																			
LIE (REST)_3						ʒˈɛwɾə																																						ʒer														
LIE (REST)_4																				ʤˈəʒər											ʤezˈir											ʤəʒˈajr			ʤəʒˈajr													
LIE (REST)_5																				ʃtˈɛpundˈu~veʃtˈərpundˈu																																						
LIE (REST)_6																																																			ʃtinnˈiɾisi			ʃtˈɛnnese				
LIE (REST)_7											kuʧˈars																																					kuɾkˈaɾisi	kukkˈaɾɨsɨ	kuɾkˈaɾisi								
LIE (REST)_8								ʧitˈaɾse								dejtˈaɾse										bøtˈassˈo	bytˈassʤˈu																															
LIE (REST)_9																									ruversˈeːse																																	
LIE (REST)_10														ɛtʁkuʃe																			ɛtkuʧe																									ɛskuːʧeː
LIE (REST)_11																													stˈakukkˈatə~kukkˈa					stˈekuʤˈa	stˈekuʤˈa	stˈekuʤˈa	stˈɛkuʤˈa	stɛkwatˈaː~vesikwatˈaː			astˈakulkˈat~afˈikulkˈat																	
LIE (REST)_12																		ˈɛsserezdrajˈato						sdrˈajaːse																													ˈɛsserezdrajˈato					
LIE (REST)_13				əstˈastiɾˈat			astˈaastiɾˈat								jesidistirˈaːt																																										stˈardestirˈa	
LIE (REST)_14		estˈaɾtumbˈao	estˈaɾtombˈat		estˈaɾʧitˈat														ˈeserbutˈaʒˈu~ʃtˈerbutˈaʒˈu																				iʃtˈaɾdɐjtˈaðu				ʃtˈartˈarə				essˈerekolkˈadu~istˈarekolkˈadu					estˈaɾtumbˈaðo			stˈarbutˈado	stˈarbutˈado		
LIE (REST)_15																																														abarrˈajkrokkˈaw												
LIVER_1									fiɡwˈot								fikˈɒʦ									fˈidek	fˈidɛk							fˈidik	fˈidik	fˈidik	fˈedik	fˈiːdik																				
LIVER_2			fˈeʤe	fˈeʤə	fˈeʧe	fˈeʤə	fˈeʤe	fˈeʧe		fˈedeɡ		fˈedeɡ																		fˈeʤe																								fˈeðiɡu				
LIVER_3																															fˈojə																											
LIVER_4														fwa																			fwɛ																									fwa
LIVER_5	ɕikˈatŭ~ixkˈatŭ	fˈeɡado									fˈɛɡat		fˈɛðo		fiˈaːt	fˈiɣaðo		fˈeɡato					fˈeɡatu	fiɡˈɛːtu	fˈeɡatu				fˈɛɣatə~fˈeɣatə~fˈekatə			fˈeɡato							fˈiɣɐðu	fˈeːɡat	fikˈat					fiɡˈaw	fˈikadu	fˈikatu	fˈikatu	fˈikatu	fˈikitu	ˈiɣaðo	fˈeɡato	fˈekatu	fˈeɡato	fˈɛɡato	fiɡˈa	
LIVER_6																				fujˈafˈoʃk																																						
LIVER_7																			fjˈanˈejɡɛr																																							
LIVER_8																												drop														ɲirˈom	nirˈom		ɲərˈom~ɲirˈom													
LIVER_9																					jˈɛkʊr	jˈɔkʊr																																				
LIVER_10																																										dir	dɛkr	dir														
LONG_1	lˈunɡu								luŋɡ	luŋɡ	luŋɡ	lɔŋɡ	lɔ̃	lɔ̃	luŋk	lˈoŋɡo	luŋɡ	lˈuŋɡo	loŋk	loŋk	ɫˈɔŋɡʊs	ɫˈɔŋɡʊs	lˈuŋɡu	lˈuŋɡu	lˈuŋɡu	loŋk	loŋk	lunk	lwˈoŋɡə	loŋk	lõŋk	lˈuŋɡo	lɔ̃	luŋɡ	luŋɡ	luŋɡ	luŋɡ	loːŋ		loŋɡ	luŋɡ	luŋ	luŋ	ljuŋ	luŋ	lˈoŋɡu	lˈoŋɡu	lˈɔŋɡu	lˈɔŋɡu	lwˈɔŋɡu	lwˈɔŋku		lˈuŋɡo	lˈoŋɡu	lɔŋk	lɔŋk	e̯ˈoŋɡo	lɔ̃
LONG_2		ʎˈaɾɡo	ʎaɾk	ʎaɾk	ʎaɾk	ʎaɾk	ʎaɾk	ʎaɾk																																												lˈaɾɡo						
LONG_3																																							kõmpɾˈiðu																			
LOUSE_1											vdɔʧ																													bdɔʧ																		
LOUSE_2																					pˈeːdɪs	pˈeːdɪs	piɡˈøʤʤu	piɡˈøʤʤu	pjˈøʤʤu					pezˈu																												pøː
LOUSE_3	pidˈukʎu																pedˈukʎu	pidˈɔkkjo										pidˈukʎu	pəɾˈukkjə			pidˈɔkkjo									pədˈuke					priˈoɣu	preˈukku	piɾˈɔkkju~pidˈɔkkju	piɾˈɔkkju~pidˈɔkkju	piɾwˈɔkkju	pɾˈuʧʧu		pidˈɔkkjo	piðˈokkju				
LOUSE_4														pu																			pu	puj	puj	puj	puj					pluʎ	pluʎ	pluʎ	plwoʎ													
LOUSE_5		pjˈojo	poʎ	poʎ	poʎ	poj	poʎ	poʎ	pedˈoklo	pjoːʧ		pjoːʧ	pjy~pjyː		pedˈɔli	piˈoʎo			pˈoje	podl						pjøʧ	pjøʧʧ				peˈoʎə							pjøʧ	piˈoʎu													pjˈoxo			pedˈɔʧo	pedˈɔʧo	peˈɔʧo~peˈoʧo	
MALE PERSON_1																					wɪr	vɪr																																				
MALE PERSON_2	bərbˈatŭ																											bərbˈat													bərbˈat																	
MALE PERSON_3																				əl																																						
MALE PERSON_4																	mˈuʃki															mˈaskjo																	mˈaskulu	mˈaʃkulu								
MALE PERSON_5		ˈome	ˈɔme	ˈɔmə	ˈɔme	ˈɔmu	ˈɔme	ˈɔme	om~jom	ˈɔm	ˈɔman	om	ˈomo	ɔm	ɔm	ˈɔme		wˈɔmo	om			ˈɔmoː	ˈɔmmu	ˈɔmmu	ˈɔmmu	øm	omm		ˈɔmmə	ˈɔme	ˈõmə	wˈɔmo	ɔ̃m	ˈɔm	ˈɔm	ˈɔm	ɔm	ˈoːmaŋ	ˈɔmɐ̃j̃	om		um	om	um	om	ˈommini	ˈommine	ˈɔmu			wˈɔmminu	ˈombɾe	ˈɔmo	ˈɔme	ɔm	ɔm	ˈɔmo	ɔm
MOON_1																																										ʎˈinə	ʎˈiɲə	ʎˈinə	ʎˈynə													
MOON_2	lˈunə	ʎˈuna	ʎˈuna	ʎˈunə	ʎˈuna	ʎˈunə	ʎˈunɛ	ʎˈuna	lˈojna	lˈuna	lˈuna	lˈuːna	lna	lyn	lˈune	lˈua	lˈuræ	lˈuna	lˈuna	lˈuna	ɫˈuːna	ɫˈuːna	lˈyŋŋa	lˈyŋŋa	lˈyːŋŋa	lˈyna	lˈyna	lˈunə	lˈunə	lˈyno	lỹnə	lˈuna	lœn	lˈyŋa	lˈyŋa	lˈyŋa	lˈyŋa	lˈyŋa	lˈuɐ	lˈowna	lˈunə					lˈuna	lˈuna	lˈuna	lˈuna	lˈuna	lˈuna	lˈuna	lˈuna	lˈuna	lˈuna	lˈuna	lˈuna~ɰˈuna	lyn
MOUNTAIN_1	mˈunte	montˈaɲa	muntˈaɲa	muntˈaɲə	muntˈaɲa	muntˈaɲə	muntˈaɲɛ~montˈaɲɛ	muntˈaɲa	mwant	muntˈaɲa	muntˈaɲa	muntˈaːɲa	mɔ̃tˈaɲe	mɔ̃taɲ	mɔnt	montˈaɲa		montˈaɲɲa~mˈonte			moːns	moːns		muntˈaɲa		montˈaɲa	muntˈaɲa	mˈunti	muntˈaɲɲə	muntˈaɲo	mõntˈẽj̃ɲə	mˈonte~montˈaɲa	mɔ̃tɛ̃ɲ	muŋt~muŋtˈaɲa	muŋtˈaɲa	muŋtˈaɲa	muŋtˈaɲa	muŋtˈaːɲa	mõntˈɐɲɐ~mˈõntɨ	mownt~muntˈãɲa	mˈunte	muntˈoɲə	muntˈoɲə		muntˈoɲə	mˈɔnti	mˈonte	muntˈaɲɲa	mˈunti~muntˈaɲɲa	muntˈaɲɲa	muntˈaɲɲa	montˈaɲa	montˈaɲɲa~mˈonte	mˈonte	moŋtˈaɲa	moŋtˈaɲa	moŋtˈaɲa	mɔ̃taɲ
MOUNTAIN_2																							brˈikku		brˈikku																																	
MOUNTAIN_3																			krˈepa	krəp																																						
MOUNTAIN_4																	kˈodru																																									
MOUNTAIN_5																																												kwɔlm														
MOUTH_1	ɡˈurə																ɡˈuræ																								ɡˈurə																	
MOUTH_2													ɡrwɛ̃																																													
MOUTH_3																					oːs	oːs						rost																														
MOUTH_4														buʃ																																												buʧ
MOUTH_5		bˈoka	bˈoka	bˈokə	bˈoka	bˈokə	bˈokɛ	bˈoka		bˈɔka	bˈɔka	bˈɔka			bˈɔce	bˈoka		bˈokka	bˈoʧa	bˈoʧa			bˈukka	bˈukka	bˈukka	bˈoka	bˈuka		vˈokkə	bˈuko	bˈoʧə	bˈokka	buk	bˈuka	bˈuka	bˈuka	bˈuka	bˈuka	bˈokɐ	bˈoka		bˈukə	bˈukə	bˈukə	bˈɔkə	bˈukka	vˈukka	vˈukka~ˈukka	bˈukka	vˈukka	vˈukka~ˈukka	bˈoka	bˈokka	vˈokka	bˈoka	bˈoka	bˈoka	
MOUTH_6									bwak																																																	
NAME_1																	lˈume																														lˈummene											
NAME_2	nˈumə	nˈome	nɔm	nɔm	nɔm	nɔm	nɔm	nɔm	nam	nɔm	nom	nɔm	nɔ̃	nɔ̃	nɔŋ	nˈome		nˈome	inˈom		nˈoːmɛn	nˈoːmɛn	nˈumme	nˈumme	nˈumme	nɔm	nomm	nˈumi	nˈɔmmə	num	nõm	nˈome	nɔ̃	nɔm	nɔm	nɔm	nɔm	nɔːm	nˈomɨ	nom	nˈume	num	nom	num	nom	nˈɔmini		nˈɔmu	nˈumi	nwˈɔmu~nwˈɔmmu	nˈɔmi	nˈombɾe	nˈome	nˈome	nˈɔme	nˈɔme	nˈɔme	nɔ̃
NAME_3																				inwˈem																																						
NAME_4									nawŋ																																																	
NECK_1			kɔʎ	kɔʎ	kɔʎ	kɔj	kɔʎ	kɔʎ	kwal	kɔːl	kɔl	kɔːl			kwɛl			kˈɔllo	kɔl	kɔl	kˈɔɫɫũ	kˈɔɫɫũ	kˈøllu	kˈɔllu	kˈoːllu	kɔl	kɔll		kwˈollə	kɔw	kol	kˈɔllo	kɔ	kɔl	kɔl	kɔl	kɔl	kɔl		kɔl							kˈoɖɖu	kˈɔɖɖu	kˈɔɖɖu	kwˈɔɖɖu	kwˈɔɖɖu		kˈɔllo	kˈollu	kɔl	kɔl		kõː
NECK_2													ku~kuː	ku																kuj												kuljˈeʦ	kuljˈeʦ	kuljˈeʦ	kulˈøʦ													
NECK_3		peskwˈeθo														peskˈɔθo																																				kwˈeʎo					kˈɔe̯o	
NECK_4																																							pɨʃkˈosu																			
NECK_5	ɡˈuʃe																											ɡˈuʃə																														
NECK_6																																									ɡɨt																	
NECK_7																																														ʦˈuɣu												
NECK_8																	ʧerbˈiʧe																																									
NEW_1									nuf						ɲuːf																													nɛjf														
NEW_2	now	nwˈeu	nɔw	nɔw	nɔw	nɔw	nɔw	nɔw	nwaf	noːv	nov	noːv	novˈe	nuvo		nˈɔβo	nov	nwˈɔvo	nef	nwef	nˈɔwʊs	nˈɔvʊs	nˈøvu	nˈøːvu	nˈøːvu	nøf	nøːf	now	nwˈovə	nuvˈɛw	nˈovel	nwˈɔvo	nuvjø	nøv	nøw	nøv	nøv	nøf	nˈovu	nɔə̯v	now	nof	nof		nowf	now	nˈovu	nˈɔvu	nˈɔvu	nwˈɔvu	nˈɔvu	nwˈeβo	nˈɔvo	nˈɔu	nˈovo	nɔw	nˈovo	noveː
NEW_3																																																										nyː
NIGHT_1	nˈo̯apte	nwˈeʧe	nit	nit	nit	nit	nit	nit	nwat	nɔːt	nɔt	nɔːt~nˈɔːta	ne	nɥi	ɲɔt	nˈojte	nˈopte	nˈɔtte	net	nwet	nɔks	nɔks	nˈøtte	nˈøtte	nˈøʧʧe	nøʧ	nɔʧʧ	nˈo̯apti	nˈɔttə	nɥe~nˈiwe~niw	nɥit	nˈɔtte	nɥi	nøjt	nøjt	nøjt	nøjt	nøʧ	nˈojtɨ	nˈɔta	nˈo̯apte	noɕ	noc	noɕ	not	nˈɔtti	nˈotte	nˈɔtti	nˈutti	nwˈɔtti	nˈɔtti	nˈoʧe	nˈɔte	nˈɔtte	nɔt	nɔt	nˈɔte	nyt
NOSE_1	nˈare	nˈaɾiθ	nas	nas	nas	nas	nas	nas	nwos	nɛːz	nas	nɛːs	naː	ne	naːs	naɾˈiθ	nɒs	nˈaso	nɛs	nɛs	nˈaːssũ	nˈaːssʊs	nˈazu	nˈazu	nˈaːzu	nas	nas	nas	nˈasə	nas	nes	nˈaso	naz	nas	naz	nas	nas	nas	nɐɾˈiʃ	neə̯z	nas	nas	nas	nas	nas	nˈazu	nˈasu	nˈasu	nˈaska	nˈasu	nˈasu	naɾˈiθ	nˈaso	nˈasu	nas	nas	nˈazo	ne
NOT_1																																										beɕ	bec															
NOT_2																																												buk~bukə														
NOT_3																																																					un					
NOT_4																																	npwɛ̃						nɐ̃w̃																			nynɛ̃
NOT_5										nɔmˈia										nenˈia										nani																												
NOT_6	nu	noŋ	no	no	no	no	no	no	noŋ~no						nɔ	noŋ	nu	non	no		noːn	noːn	nu	nu	nɛ~nu			nu	nun	nuŋ		non		nɛŋ	nɛŋ	nɛŋ	nɛŋ	neːŋ		n	nu				nu	nɔ	non	nɔ~nun	nɔ	nɔ	nun	no		non	no	no	no	
NOT_7													nepaː~nepaːz	nəpa																	nəpas			pa	pa		pa																					
NOT_8											brˈiza	mˈia														mˈia	mˈiɲa																															
ONE_1														œ̃																			œ̃																									ɛ̃
ONE_2									jojŋ			vɔn	jɔ̃~jɔ̃n																																													
ONE_3																								yŋ	yːŋ	y	vyŋ			yŋ				yŋ	yŋ	yŋ	yŋ	jyŋ																				
ONE_4	ˈunŭ	uŋ	un	un	un	un	un	un		un	un	uːn			uŋ	uŋ	ur	ˈuno	uŋ	uŋ	ˈuːnʊs	ˈuːnʊs	uŋ					un	ˈunə			ˈuno							ũ		un					ˈunu	ˈunu	ˈunu	ˈunu	ˈunu	ˈunu	un	ˈuno	ˈunu	ˈuno	uŋ	ˈuno	
ONE_5																															ỹn									own		en	en	in	yn													
PERSON_1	ˈomŭ	ˈome	ˈɔme	ˈɔmə	ˈɔme	ˈɔmu	ˈɔme	ˈɔme	om~jom	ɔm		om	ˈomo	ɔm	ɔm	ˈɔme	om	wˈɔmo	om	wˈɔmo	hˈɔmoː	ˈɔmoː	ˈɔmmu	ˈɔmmu		øm	omm	wom		ˈɔme	ˈõmə	wˈɔmo	ɔ̃m	ˈɔm	ˈɔm	ˈɔm	ɔm	ˈoːmaŋ	ˈɔmɐ̃j̃		om				umˈan	ˈommini	ˈommine					ˈombɾe	ˈɔmo	ˈɔmu	ɔm	ɔm	ˈɔmo	
PERSON_2																																								sʧãn																		
PERSON_3																																																										ʤɛ̃
PERSON_4					peɾsˈona																																persˈoŋa																					
PERSON_5																																										kərʃɕˈawn	kərʃcˈaŋ	kərʃɕˈawn														
PERSON_6											stjan														kristjˈaŋ				krəstjˈanə																			kɾistjˈanu	kɾɨstjˈanu	kɾiʃtjˈanu	kɾiʃtjˈanu							
RAIN (PRECIPITATION)_1	plˈo̯aje		pɫˈuʤa	pɫˈuʒə	pɫˈuʧa	pɫˈuʒə	pɫˈuʒɛ	pɫˈuʧa	plovaja~pluv				pʎˈoðe	plɥi	plˈɔje~plˈɔe		plˈoje			plwˈeja	pɫˈʊwɪa	pɫˈʊvja						plˈo̯ajə		plɥˈɛjo	plɥˈiə		plœv								plˈo̯aje	pljˈɛvʤə	pljˈɛvʤə	pljˈɛvʤə	plˈøvʤə													plyːf
RAIN (PRECIPITATION)_2										pjˈova	pjˈɔva							pjˈɔʤʤa	pjˈevja										kjˈɔʤʤə			pjˈɔʤʤa		pjˈøva	pjˈøva	pjˈøva	pjˈøva	pjˈɔva		pjˈuva							prˈoɡida	kjuvˈuta	kjuvˈuta				pjˈɔʤʤa	pjˈɔɟɟa	pjˈova	pjˈova	pjˈɔva~pjˈova	
RAIN (PRECIPITATION)_3												ˈaːkva~ˈaːkwa											ˈɛːɡwa		ˈɛːɡwa	ˈakkwa	ˈakkwa																			ˈabba				ˈakkwa	ˈakkwa							
RAIN (PRECIPITATION)_4		ʎˈubja																						pˈuja															ʃˈuvɐ													ʎˈuβja						
RAIN (PRECIPITATION)_5																ʧˈojβa																																										
RED_1																			kˈeʧeŋ	kwˈeʧuŋ																						kˈoʧən	kˈoʧən	ɕjˈeʧən	kˈoʧən													
RED_2		koʎoɾˈao																																																								
RED_3														ʁuʒ																			ʁuʃ																									
RED_4				bəɾmˈɛʎ		vəɾmˈɛj										beɾmˈeʎo																							vɨɾmˈɐʎu																			
RED_5	arˈoʃŭ		rɔʧ		rɔʧ		rɔʧ	rɔʧ	raws~rwas	rɔs	ros	rɔs	rˈoðo		rɔs		rˈojsu	rˈosso			rˈʊbɛr		rˈussu	rˈuʒu	rˈussu	ros	russ	roʃ	rˈussə	ʀˈuʤe	rˈoʤə	rˈosso		rus	rus	rus	rus	rus		roz	rˈoʃu					arrˈubju	rˈuvju	rrˈussu	rrˈussu	ʐˈussu	ʐˈussu	rˈoxo	rˈosso	rˈuʃʃu	ros	ros	rˈoso	ʀuʧ
ROAD_1	kˈale	kamˈiŋ	kamˈi	kəmˈi	kamˈi	kəmˈi	kamˈi	kamˈi	kal							kamˈiɲo	kˈɒle													kamˈiŋ																						kamˈino						
ROAD_2																					wˈɪa	vˈɪa																				vˈiə		vˈiə	vˈiə													
ROAD_3																															vˈojə												vˈejə															võːj
ROAD_4										strˈɛda	strˈada	strˈɛːda	rˈota		strˈade			strˈada	ʃtrˈɛda	ʃtrˈɛda			strˈadda	strˈadda	ʃtrɔ	strˈada	ʃtrˈada		stɾˈatə			strˈada		stra	stra	stra	stra	stra	iʃtɾˈaðɐ	streə̯							istrˈada	ʂɽˈata	ʂɽˈata	ʂɽˈata	ʂɽˈata		strˈada	ʃtrˈada	strˈaða	strˈaða	strˈada	
ROAD_5														ʁut																			ʁut																									
ROAD_6																												drum													drum					arrˈuɣa												
ROOT_1																			rejʃ				rˈejʒa		rˈɛːjʒe									rɛjs	rɛjz	rɛjs	rajs						rɛjʃ															
ROOT_2																																																										ʀysineːj~ʀsineːj
ROOT_3	arədəʦˈinə																																								rədəʧˈinə																	
ROOT_4		raˈiθ			raˈiɫ			raˈiɫ~araˈiɫ	radˈajka	raiːz	radˈis	jarˈiːsa~raˈiːza	rasˈina	ʁasin		raˈiθ		radˈiʧe		ravˈiza	rˈaːdiːks	rˈaːdiːks		radˈiʧi		raˈis	radˈiːs		rˈaɾəkə~rˈaɾikə~rˈaɾiʃə	ʀasˈino	raʦˈĩnə	radˈiʧe					radˈis	radˈiːs	ʁɐˈiʃ	radˈiza		rəʤˈiʃ		rəʤˈiʃ	rəʤˈiʃ		rajɡˈina	rrˈadika	rrˈadika	ʐˈaɾika	ʐˈaɾika	raˈiθ	bˈarba	rˈadika	raðˈiza	rˈaðis	raˈiza	
ROOT_5			arˈɛɫ	ərˈeɫ~reɫ		rɛɫ	arˈeɫ~reɫ																																																			
ROOT_6																	kˈoren											kˈorin																		arrˈeʒini												
ROOT_7															lidrˈiːs																																											
ROOT_8																																	ʁaʃɛn																									
SALT_1	sˈare	sal	saɫ	saɫ	saɫ	saɫ	saɫ	saɫ	swal	sɛːl	sal	sɛːl	saː	sɛl	saːl	sal	sˈɒre	sˈale	sɛl	sɛl	saːɫ	saːɫ	saː	saː	soː	sal	sˈaa	sˈari	sˈalə	saw	seːl	sˈale	se	sal	sal	sal	sal	sal	saɫ	seə̯l	sˈare	sal	sal	sal	sal	sˈali	sˈale	sˈali	sˈalɨ	sˈali	sˈali	sal	sˈale	sˈale	sal	sal	sal	se
SAND_1																												pisˈok													nisˈip																	
SAND_2		sˈable							salbwˈoŋ	sˈabja	sˈaːbja	sˈabja	sˈabʎa	sɑbl	savalˈɔŋ		salbˈun	sˈabbja	saolˈoŋ	sablˈoŋ				sˈabbja	sˈaːbbja	sˈabbja	sˈabja			sˈablo		sabbjˈone	sab	sˈabja	sˈabja	sˈabja	sˈabja	sˈabja		sabjˈown		səblˈun	səvlˈuŋ	səblˈun	səblˈun~siblˈun									sˈabbja	sˈabja	sˈabja	sˈabja	saːp
SAND_3				sˈorə																																																						
SAND_4	arˈinə	aɾˈena	aɾˈena		aɾˈena	əɾˈɛnə	aɾˈenɛ	aɾˈena								aɾˈea					harˈeːna	arˈeːna							rˈena		arˈẽj̃nə	rˈena							ɐɾˈɐjɐ							arˈɛna	rena	rrˈina	rrˈina	ʐˈina	ʐˈina	aɾˈena	rˈena					
SAND_5																							ˈɛːŋŋa																																			
SAY_1	aspˈunŭ																											spun													aspˈune																	
SAY_2	ʒˈɨkŭ																																																									
SAY_3																																															nˈarrere~narˈare											
SAY_4																																														naj												
SAY_5																	zˈiʧe											zik													azˈiʧe																	
SAY_6		diθˈiɾ	diɾ	di	diɾ	di	di	diɾ	dˈekro	diːr	dir	diːr	dˈire	diʁ	diː	diθˈiɾ		dˈire	dir	di	dˈe̝ːkɛrɛ	dˈiːkɛrɛ	di	di	di	di	di		dˈiʃəɾə	dˈiɾe	dˈirə	dˈiʧere~dˈire	diʁ	di	di	di	di	diː	dizˈeɾ	di		dir	dɛkr	dir	dir			dˈiɾi~dˈiʧiɾi	dˈiɾɨ	ɾˈiɾi~dˈiɾi	ɾˈiɾi	deθˈiɾ	di	di	dir	dir	dir	diːʀ
SEE_1			vˈɛwɾe	bˈɛwɾə		vˈɛwɾə	bˈɛwɾe																							vˈɛjɾe													vɛkr															
SEE_2		beɾ			bˈoɾe			bˈoɾe								beɾ																														bˈiri~bˈiði	bˈiere					beɾ						
SEE_3	vˈedŭ								vedˈar	vˈɛder	vˈɛdar	vˈɛder					vedˈæ	vedˈere	vedˈer		wɪdˈeːrɛ	vɪdˈeːrɛ	vˈedde	vˈedde			vedˈɛ	vet	vəɾˈɛ~vəɾˈe		veˈojr	vedˈere		vˈəde	vˈəde	vˈədi	vˈəde	vˈøɡi	veɾ	vdeː~avdˈeː	avedˈe̯a	vəzˈajr		vəzˈer	vəʦˈer~vərˈer			vˈidiɾi	vˈidɨɾɨ	vˈiɾiɾi			vedˈere	vedˈe	vˈeðer	vˈeðer	vˈɛder~vˈeder~vedˈer~vˈedar	
SEE_4													vi	vwaʁ																			viʁ																		vˈiʐi							
SEE_5															vjˈɔdi																																											
SEE_6																									vjɛj																																	vɛj
SEE_7																										ɛt																																
SEE_8																				udˈəj																																						
SEE_9																																					sʧarˈɛ																					
SIT_1					estˈaɾasentˈat								ˈetreaʃtˈaː		staːsentˈaːt				ˈesersentˈa~ˈesersentˈaʒˈu	vˈeʃtərsəntˈa			ˈeːsesetˈɔw						stˈaassəttˈatə~assəttˈa	ˈɛstɾeasetˈa				stˈesɛtˈa			stˈɛsetˈa		iʃtˈaɾsẽntˈaðu													estˈaɾsentˈaðo					stˈarseŋtˈa	
SIT_2														ɛtʁasi																			ɛtasi																									ɛsasiː
SIT_3		sentˈase						sentˈaɾse			santˈaras					sentˈaɾse								settˈase	setˈɛ	sentˈasˈo	setˈasʤˈu								stˈese	stˈe		satˈɛsi					ʧəntˈar					assittˈaɾisi~sittˈaɾisi	sɨttˈaɾɨsɨ	assittˈaɾisi	assittˈaɾisi				seŋtˈarsedo	seŋtˈarse	seŋtˈarse	
SIT_4																																														sˈɛʦʦi~sˈiʦʦi												
SIT_5			sˈɛwɾe	sˈɛwɾə		sˈɛwɾə	sˈɛwɾe		sedwˈor~sentwˈor	sˈeder		sˈeːder						sedˈere			sɛdˈeːrɛ	sɛdˈeːrɛ									seˈojr~saseˈojr	sedˈere										sˈesər		sˈesər	sˈɛʦər		sˈedere						sjˈɛde	sedˈe				
SIT_6	ʃˈedŭ																ʃedˈæ																								aʃedˈe̯a																	
SIT_7																																								zdeː																		
SIT_8																												ʃɔt																														
SKIN (HUMAN)_1																																														pˈɛddi	pˈeɖɖe	pˈɛɖɖi	pˈɛɖɖɨ	pjˈɛɖɖi	pˈɛɖɖi							
SKIN (HUMAN)_2														po																			pjo																									
SKIN (HUMAN)_3		pjel	peʎ	peʎ	peʎ	pej	peʎ	peʎ	pjal	pˈɛla	pel	pˈɛla	pe		pjɛl	pɛl		pˈɛlle	pel	pel			pˈelle	pˈelle	pˈɛːlle	pɛl	pɛll		pˈɛllə	pɛw	pɛl	pˈɛlle		pɛl	pɛl	pɛl	pɛl	pɛl	pˈɛlɨ	pˈɛə̯la	pjˈele	pel	pel	pjal	pel							pjel	pˈɛlle	pˈɛlle	pɛl	pɛl	pˈɛe	peː
SKIN (HUMAN)_4	cˈe̯ale																																																									
SKIN (HUMAN)_5																					kˈʊtɪs	kˈʊtɪs																																				
SKIN (HUMAN)_6																	kˈoze											kˈo̯aʒə																														
SLEEP_1	dˈormu	duɾmˈiɾ	doɾmˈiɾ	duɾmˈi	doɾmˈiɾ	duɾmˈi	doɾmˈi	doɾmˈiɾ	dormˈar	durmˈiːr	durmˈir	durmˈiːr	dromˈi	dɔʁmiʁ	durmˈiː	duɾmˈiɾ	durmˈi	dormˈire	dormˈir	durmˈi	dɔrmˈiːrɛ	dɔrmˈiːrɛ	durmˈiː	durmˈi	durmˈi	dyrmˈi	durmˈi	dorm	durmˈi	duɾmˈi	dormˈir	dormˈire	dœʁmiʁ	dˈørme	dˈørme	dˈørme	dˈørme	dˈɔːrmi	duɾmˈiɾ	durmˈi	adormˈi	durmˈir	durmˈɛkr	durmˈir	durmˈir	drˈommiri	drommˈire	dˈɔɾmiɾi	dˈɔmmɨɾɨ	ɾwˈɔɾmiɾi	ɾˈɔɾmiɾi	doɾmˈiɾ	dormˈire	durmˈi	dormˈir	dromˈir	dormˈir	dwaːʀmy
SMALL_1			menˈut																																												minˈuʒu											
SMALL_2																																								ʦnin																		
SMALL_3	ɲˈikŭ				ʧikotˈet			ʧikotˈet		ʧik		ʧɛk					mik								ʧˈiːtu~ʧˈittu			mik						ʧit	ʧit	ʧit	ʧit				mik							nˈiku		nˈiku	nˈiku				ʧek			
SMALL_4		pekˈeɲo							pˈelo							pekˈeno																							pɨkˈenu													pekˈeɲo						
SMALL_5				pətˈit		pətˈit	petˈit							pəti						pitl					piʧˈiːtu		penˈiŋ				pətˈit							piːʧnˈiːŋ						piɲ		pittˈiku												piti~pti
SMALL_6											pˈikul				pˈiʧul			pˈikkolo	pˈikol~pˈiʧol				piʧʧˈin	piʧˈin		piʧˈɛn~piʧinˈi			piʧʧiɾˈillə~piʧʧəɾˈillə~piʧʧəɾˈellə~pəʧʧəɾˈillə~piʦʦəɾˈillə	piʧˈot~piʧˈuŋ		pˈiʧʧolo						pˈiːʧu				pˈiʧən	pˈiʧən		pˈiʧən				piʧʧiɾiɖɖu				piʧʧˈino	pˈikkulu		pˈikol	pˈikoe̯o	
SMALL_7																					pˈarwʊs	pˈarvʊs																																				
SMALL_8													ptju																				tjo																									
SMOKE (EXHAUST)_1	fˈumŭ	fˈumo	fum	fum	fum	fum	fum	fum		fum	fum	fom	fmˈiːre~fomˈiːre	fyme	fum	fˈume	dim	fˈumo	fum	fum	fˈuːmʊs	fˈuːmʊs	fˈymmu	fˈymmu	fˈyːmme	føm	fymm	fum	fˈummə	fym	fỹm	fˈummo	fœmɛ	fym	fym	fym	fym	fym	fˈumu	fom	fum	fim	fem	fem	fym	fˈummu~fˈumu	fˈumu	fˈumu	fˈumu	fˈumu	fˈumu		fˈumo	fˈumu	fuŋ	fum	fˈumo	fymiːʀ
SMOKE (EXHAUST)_2																																																				ˈumo						
SNAKE_1																																																skuɾsˈuni			ʃkussˈuni							
SNAKE_2	ʃˈarpe		seɾp	seɾp	seɾp	seɾp	seɾp	seɾp	serpjˈant	serpˈɛjnt	serpˈɛnt	sarpˈɛjnt~serpˈɛjnt	sarpˈɛ~sarpˈɛ̃	sɛʁpɑ̃	sarpˈint	sˈɛɾpe	ʃˈɒrpe	sˈɛrpe	serpˈent~serp			sˈɛrpeːns	serpˈente			serpˈɛnt		ʃˈarpi	sˈɛrpə~sərpˈentə~sərpjˈentə	sɛɾp~seɾpˈɛnt	serpˈãnt	sˈɛrpe~serpˈɛnte	sɛʁpɛ̃	sɛrpˈɛŋt	sɛrp	sɛrp	sɛrp	sarpˈeːŋt	sɨɾpˈẽntɨ	sarpˈẽnt~serpˈẽnt	ʃˈarpe	sɛrp	ʦɛrp	sjarp	sɛrp	sˈɛrpi			sˈɛɾpi	sjˈɛɾpi~siɾpjˈɛnti		seɾpjˈente	sˈɛrpe	sˈɛrpa			serpˈeŋte	
SNAKE_3																																													vˈɛrmə													
SNAKE_4																				bˈeka				bˈiʒa	bˈiʃʃa		bˈiza																												bˈisa	bˈisa		
SNAKE_5		kulˈebɾa																																													kolˈovriu~kolˈovra											
SNAKE_6																																																										vipeːʀ
SNAKE_7																					ˈaŋɡʷɪs																																					
STAND_1														ɛtʁdəbu~sətəniʁdəbu~ʁɛstedəbu																			ɛtdbu																									
STAND_2																														ˈɛstɾedɾˈe																												ɛsdʀɛse
STAND_3													ˈetredɛpˈiː~ˈetredɛ̃pˈiː																										iʃtˈaɾɐ̃j̃pˈɛ																			
STAND_4		tˈaɾdepjˈe	estˈaɾdepɛw		estˈaɾdɾet			estˈaɾdepɛw	stworiŋpˈins	stˈɛːrinpˈeː	stˈarinpjˈe	stˈɛːrinpˈee			staːimpˈins	estˈaɾdepˈɛ		stˈareinpjˈɛdi	ʃtˈɛrenpˈe	ʃtˈɛmpˈe			stˈaːiŋpˈeː	stˈaiŋpˈe	ʃtˈeimpˈe	stˈanpˈe	ʃtˈainpˈee				estˈerãnpjˈeʦ~estˈersorpjˈeʦ			stˈeɛnpˈe			stˈɛaŋpˈe	stɛŋpˈeː~vesiŋpˈeː						ʃtˈarənpˈej~ʃtˈarsinpˈɛjs	ʃtˈarinpˈe							estˈaɾdepjˈe	stˈareinpjˈɛdi		stˈariŋpˈie	stˈariŋpˈɛ~stˈariŋpjˈɛj~stˈariŋpˈie	stˈariŋpˈie	
STAND_5																																									astˈaɨnpiʧˈo̯are																	
STAND_6				əstˈaðɾɛt		əstˈaðɾɛt	astˈaðɾɛt										stɒ				stˈaːrɛ	stˈaːrɛ						staw														ʃtar	ʃtar	ʃtar	ʃtar													
STAND_7																													stˈaalljˈertə~stˈaallˈertə			stˈaredrˈitto~ˈɛsseredrˈitto			stˈedrit	stˈedrit											istˈareasarˈiʦʦa	stˈaɾiaddˈitta~stˈaɾiaɖɖɽˈitta	stˈaɾɨaɖɖɽˈitta	stˈaɾiaɡɾˈitta	stˈaɾiadˈitta			ʃtˈarrˈittu				
STAND_8																																														abarrˈajiβˈej												
STAND_9	ʃˈedŭmprˈostu																																																									
STAR_1														etwal																			etwɛl																									
STAR_2	stˈe̯ao	estɾˈeʎa	estɾˈeʎa	əstɾˈeʎə	estɾˈɛɫa	əstɾˈeʎə	estɾˈeʎɛ~stɾˈeʎɛ	astɾˈeɫa	stˈalla	stˈɛla	stˈɛla	strˈɛla	etˈajla		stˈɛle	estɾˈela	stæ	stˈella	ʃtˈejla	ʃtˈəjla	stˈeːɫɫa	stˈeːɫɫa	stˈela	stˈella	ʃtˈɛja	stˈɛla	ʃtˈɛla	stˈewə	stˈellə	estˈelo	estˈojlə	stˈella		stˈɛjla	stˈɛjla	stˈɛjla	stˈejla	stˈøla	iʃtɾˈelɐ	stˈɛə̯la	ste̯a	ʃtˈajlə	ʃtˈɛjlə	ʃtˈɛjlə	ʃtˈajlə	stˈɛdda	istˈeɖɖa	stˈiɖɖa	stˈiɖɖa	ʃtˈiɖɖa	ʃtˈiɖɖa	estɾˈeʎa	stˈella	ʃtˈella	stˈela	stˈela	stˈea	stwaːj
STONE_1														pjɛʁ																			pjɛʁ																									
STONE_2	cˈe̯atrə	pjˈedɾa	pˈeðɾa	pˈeðɾə	pˈeðɾa	pˈeðɾə	pˈeðɾɛ	pˈeðɾa	pˈitra		prˈɛda	prˈeːda	pjˈɛro			pˈɛðɾa	ˈərpa	pjˈɛtra					prˈiːa	prˈia	prˈɛja	prˈeda			prˈɛtə	pˈɛjɾo	pjˈerə	pjˈɛtra		pˈɛra	pˈera	pˈɛra	pˈɛra	prˈɛja	pˈɛðɾɐ		pjˈatrə					pˈerda~pˈedra	pˈerda	pˈɛʈɽa	pˈɛʈɽa	pjˈɛʈɽa	pˈɛʈɽa	pjˈeðɾa			pjˈɛra		pjˈɛra	piːʀ
STONE_3																			sas	sas	ɫˈapɪs	ɫˈapɪs					sass													sas													sˈasso	sˈassu		sas		
STONE_4															klap																											krap	krap	krap	krap													
STONE_5				rɔk			rɔk			ʤarˈɔwn																		rˈɔpə																														
SUN_1	sˈo̯are	sol	sɔɫ	sɔɫ	sɔɫ	sɔɫ	sɔɫ	sɔɫ	sawl	soːl	sol	sɔwl	sɛlwˈa	sɔlɛj	sorˈɛli	sol	sˈore	sˈole	sorˈeje		soːɫ	soːɫ	suː	su	su	sul	sˈuu	sˈo̯ari	sˈolə	sulˈɛw	solˈɛʎ	sˈole	sɔle	sul	sul	sul	sul	sul	sɔɫ	sowl	sˈo̯are	sulˈeʎ	suʎˈeʎ	sulˈeʎ	sulˈaj	sˈɔli	sˈole	sˈuli	sˈuli	sˈuli	sˈuli	sol	sˈole	sˈole	sol	sol	sol	sɔlɛː
SUN_2																				surˈədl																																						
SWIM_1																	plivˈi											plivəjˈes																														
SWIM_2																				ʒbimənˈɛ																																						
SWIM_3	anˈotŭ																																								aɨnotˈa																	
SWIM_4														naʒe																			naʒe	nuˈe	nuˈe	nuˈe	nuˈe			naviɡˈeə̯~nuviɡˈeə̯																		nɛʤe
SWIM_5		nadˈaɾ	naðˈaɾ	nəðˈa	naðˈaɾ	nəðˈa	naðˈa	naðˈaɾ	notwˈor	nudˈɛːr	nudˈar	nudˈɛːr	naðˈiː		nadˈaː	naðˈaɾ		nwotˈare	nodˈɛr	nudˈɛ	nˈaːrɛ~natˈaːrɛ	natˈaːrɛ	nøˈaː		nøˈɛ	nydˈa	nudˈa		natˈa	nedˈa	noˈeːr	nwotˈare					nuatˈɛ	navˈɛ	nɐðˈaɾ			nudˈar	nudˈar	sənudˈar	nədˈar	nadˈaj	nadˈare	natˈaɾi	natˈaɾɨ	natˈaɾi	natˈaɾi	naðˈaɾ	notˈare	notˈa	noðˈar	noɡˈar~noðˈar	nuˈar	
SWIM_6																								ɲuˈa																																		
TAIL_1		rˈabo														rˈaβo																																				rˈaβo						
TAIL_2														kø																			ʧø																									køː
TAIL_3	kˈo̯adə	kˈola	kˈua	kˈuə	kˈua	kˈoə	kˈuɛ	kˈua	kud~kwod~kwad	kˈɔva	kˈɔa	kˈɔva	kˈava		kˈɔde	kˈɔla	kˈodæ	kˈoda	kˈowda	kˈoda	kˈawda	kˈawda	kˈuːa	kˈua	kˈua	kˈua	kˈua	kˈo̯adə	kˈoɾə	ko~kˈua	kˈoːə	kˈoda		kˈua	kˈua	kˈua	kˈua	kˈua	kˈawðɐ	kˈowda	kˈo̯adə	kˈuə	kˈuə	kˈuə	kˈuə	kˈɔa	kˈoa	kˈuda	kˈuda	kˈuɾa	kˈuɾa	kˈola	kˈoda	kˈoa	kˈoða	kˈoa	kˈoa	
THAT_1																																														kˈuddu~kˈussu	kˈuɖɖu~kˈussu	kˈiɖɖu	kˈiɖɖu	kˈiɖɖu	kˈiɖɖu							
THAT_2				əkˈɛʎ		əkˈɛj																																																				
THAT_3										kwɛːl	kwel							kwˈello					kwˈɛlulˈi	kwˈɛllu	kwˈɛːllu		kwˈɛlllˈa~kwˈɛlllˈi					kwˈello								kwɛl					kwel								kwˈello	kwˈillu	kwel	kwel	kwˈɛo~kwˈeo	
THAT_4	aʦˈelŭ	akˈel	akˈeʎ		akˈeʎ		akˈeʎ	akˈeʎ	kol			kɔl			kɛl	akˈɛl	aʧˈela		kel	kəl						kˈɛl		ʦˈela		akˈew~akˈel	ʦil			kul	kul	ʧəl	kul		ɐkˈelɨ		aʧˈel	ʧel		ʧel								akˈel						
THAT_5													ʃole																				ʃlo																									
THAT_6														səla							ˈɪllɛ	ˈɪllɛ							kˈillə									kullˈa																				syla~sytla
THAT_7		ˈesi	ˈejʃe		ˈejʃe			ˈejʃe								ˈese																							ˈesɨ													ˈese						
THAT_8													ʃotjɛ								ˈɪstɛ	ˈɪstɛ																																				
THAT_9																																											ˈawtər															
THIS_1																					hɪk	ɪk																																				
THIS_2																																										kwɛl	ɕel	kwel														
THIS_3	aˈestu	ˈesti	ˈeste	əkˈɛt~əkˈɛst	ˈeste	əkˈɛt	akˈet	ˈeste	kost	kwɛst	kwest	kɔst			kɛst	ˈeste	ʧˈesta	kwˈesto	keʃt	kəʃt				kwˈɛstu	kwˈɛːstu	kˈɛsto		ʦˈista	kˈistə	akˈest~akˈeste	ʦist	kwˈesto		kust	kust	kust	kust		ˈeʃtɨ	kwest	aʧˈest				kwist	kˈustu	kˈustu	kˈistu	kˈistu	kˈistu	kˈistu	ˈeste	kwˈesto	tˈistu	kwˈesto	sto	kwˈesto~sto	
THIS_4																							stˈukˈi				kwˈɛstuːkˈi											kuskˈiː																				
THIS_5													stitjɛ	səsi																																												sysi~sytsi
THIS_6																																	ʃʃi																									
THOU_1	tˈine	tu	tu	tu	tu	tu	tu	tu	tu~te~ti	tɛ	ti	te	tɛ	ty	tu	ti	tu	tu	tu	tu	tuː	tuː	ti	ti	ti	te	ti	tu	tu	ty	ty	tu	ty	ti	ti	ti	ti	tiː	tu	te	tu	ti	te	ti	ty	tuj	tˈue	tu	tu	tu	tu	tu	te	te	ti	ti	ti	ty
TONGUE_1	lˈimbə																lˈimbæ											lˈimbə													lˈimbə					lˈimba	lˈimba											
TONGUE_2														lɑ̃ɡ																			lɑ̃ɡ																									lɛ̃k
TONGUE_3		ʎˈiŋɡwa	ʎˈeŋɡwa	ʎˈeŋɡwə	ʎˈeŋɡwa	ʎˈeŋɡu	ʎˈeŋɡwɛ	ʎˈeŋɡwa	lˈaŋɡa	lˈɛŋɡva	lˈɛŋɡwa	lˈɛŋɡwa~lˈɛŋɡva	lˈɛɡa		lˈɛŋɡe	lˈiŋɡwa		lˈiŋɡwa	lˈeŋɡa	lˈəŋɡa	lˈɪŋɡʷa	lˈɪŋɡʷa	lˈiŋɡwa	lˈiŋɡwa	lˈɛːŋɡwa	lˈɛŋɡwa	lˈeːŋɡwa		lˈeŋɡwə~lˈeŋɡə	lˈeŋɡo	lˈãŋɡə	lˈiŋɡwa		lˈɛŋɡa	lˈeŋɡa	lˈɛŋɡa	lˈɛŋɡa	lˈeːŋɡwa	lˈĩŋɡwɐ	lˈenɡva		ljˈewŋɡə	ʎˈaŋɡə	ljˈewŋɡə	lˈewə			lˈiŋɡwa	lˈiŋɡwa	lˈiŋɡwa	lˈiŋkwa	lˈeŋɡwa	lˈiŋɡwa	lˈeŋɡwa	lˈeŋɡwa	lˈeŋɡwa	ˈeŋɡwa~ˈiŋɡwa	
TOOTH_1													dɛː~dɛ̃	dɑ̃																			dɛ̃																									dɛ̃
TOOTH_2	dˈinte	djˈente	dent	den	dent	dent	den	dent	djant	dɛjnt	dent	dɛjnt			dint	dˈente	dˈinte	dˈɛnte	dent	dənt	deːns	deːns	dˈente	dˈɛnte	dˈɛːŋʧu	det	deːnʧ	dˈinti	dˈɛntə	dɛnt	dãnt	dˈɛnte		dɛŋt	dɛŋt	dɛŋt	dɛŋt	deːŋʧ	dˈẽntɨ	dẽnt	dˈinte	dɛnt	dajnt	dɛnt	dajnt	dˈɛnti	dˈente	dˈɛnti~ɾˈɛnti	ɾˈɛntɨ	ɾjˈɛnti	ɾˈɛnti	djˈente	dˈɛnte	dˈɛnte	dɛŋt	dɛŋt~ðɛŋt	dˈeŋte	
TREE_1																																									kopˈak																	oːp
TREE_2	ˈarburĭ	ˈaɾbol	ˈaβɾe	ˈaβɾə	ˈaβɾe	ˈaβɾə	ˈaβɾe	ˈaβɾe	jˈarbur~jˈarber~jˈarbul	ˈelber	ˈarbul	ˈɛːlber	ˈaːbro~ˈaːrbro	aʁbʁ	ˈarbul	ˈaɾβoɾe		ˈalbero	ˈɛlber		ˈarbɔr	ˈarbɔr	ˈeːrbu	ˈɛːrbu	ˈɛːrbuː			ˈarbur	ˈaβəɾə~ˈarbəɾə	ˈawbɾe	ˈarbrə	ˈalbero	ab	ˈɛrbu	ˈɛrbu		ˈarbra		ˈaɾvuɾɨ	ˈeə̯lbar							ˈarvure~ˈarvule	ˈaɾvulu	ˈabbuɾu	ˈaɾbulu		ˈaɾβol			ˈalbero	ˈalber	ˈalbero	
TREE_3																	lˈemən			ləŋ																																						
TREE_4																										pjˈanta	pjˈanta									pjˈaŋta		pjˈaŋta				plˈantə	plˈantə	plˈɔntə		mˈatta					mˈaʧʧa		pjˈanta	pjˈanta				
TREE_5																																													bœʃɕ													
TWO_1																																																ɾˈui		ɾˈui	ɾˈuɛ							
TWO_2	doj	dos	dos	dos	dos	dos	dos	dos	doj	duː	du	dɔw	du~duz	dø	dɔj	dows	doj	dˈue	doj	doj	dˈʊɔ	dˈʊɔ	duˈiː	duˈi	dɥi	du	dˈyy	doj	dˈojə~dˈujə	dus	dews	dˈue	dø	duj	duj	duj	dˈue~duj	dyj	dojʃ	do	doj	dus	dus	dus	dwos~dus	dˈuzu	dˈuos	dˈui	dˈui			dos	dˈue	du	doj	doj	do	døː
WARM (OF WEATHER)_1																																		tˈəbi		tˈəbi																						
WARM (OF WEATHER)_2																							tjˈepidu																									tˈɛpidu									tjˈɛpido	
WARM (OF WEATHER)_3																									ʧˈeppu																																	
WARM (OF WEATHER)_4													θo	ʃo																													cot		ɕot													ʧõː
WARM (OF WEATHER)_5	kˈaldu	kaljˈente	kaɫˈent	kəɫˈen	kaɫˈent	kəɫˈen	kaɫˈen	kaɫˈent	kwolt	kaldˈɛjn	kald	kɛːld			calt	kˈaliðo		kˈaldo	ɕawt	ɕawt	kˈalɪdʊs	kˈalɪdʊs		kˈaːdu		kølt	koːlt	kalt	kˈaβəɾə~kˈawrə	kawt	ʧawt	kˈaldo			kawd		kawd	kawt		keə̯ld	kald	ɕawt		kawlt		kalˈoru	kaʒˈente		kˈauddu	kˈavuɾu	kˈauɾu	kaljˈente	kˈaldo	kˈallu	kalt	kalt		
WARM (OF WEATHER)_6																	kɒd																kø																									
WARM (OF WEATHER)_7																																							kˈẽntɨ																			
WATER_1														o			ˈɒpæ																																									
WATER_2															ˈaɡe															ˈajɡo	ˈejɡə																											
WATER_3																																	jø																									
WATER_4													ˈeɡa						ˈɛɡa	ˈɛɡa			ˈeːɡwa	ˈɛːɡwa	ˈɛːɡwa									ˈɛva	ˈeva	ˈeva	ˈeva																					
WATER_5	ˈapə	ˈaɡwa	ˈajɣwa	ˈajɣwə	ˈaiwa	ˈajɣu	ˈajɣwɛ	ˈaiwa	jˈakwa	ˈakwa	ˈakwa	ˈaːkva~ˈaːkwa				ˈawɣa		ˈakkwa			ˈakʷa	ˈakʷa				ˈakkwa	ˈakkwa	ˈapu	ˈakkwə			ˈakkwa						ˈakwa	ˈaɣwɐ	ˈakva	ˈapə	ˈawə	ˈavə	ˈawə	ˈawə	ˈabba	ˈabba	ˈakkwa	ˈakkwa	ˈakkwa	ˈakkwa	ˈaɣwa	ˈakkwa	ˈakkwa	ˈakwa	ˈakwa	ˈakwa	
WATER_6																																																										eːw
WE_1																		ʧi														ʧi																					ʧi					ʤy
WE_2	noj	nos							noj				no~noz	nu	noː	nɔs	noj	nˈoi	nos	nəws	noːs	noːs		nuˈi			nyŋ	noj	nˈujə	nus	nos	nˈoi		nuj	nuj	nuj	nuj	nyj	nɔʃ	now	noj	nus	nows	nus	nus		nˈois	nui	nui				nˈoi	nˈoe	noj	noj		nuzot
WE_3										nuˈɛter		nuˈɛːter														nˈoter																																
WE_4			mozˈatɾos	nuzˈaɫtɾəs	mosˈatɾos	nˈoɫtɾus	nozˈaɫtɾes~nˈaɫtɾes~nˈantɾos	mosˈatɾos	nojˈiltri														nuiːˈatri		nɥiˈatri									nujˈawtri												nozˈatruzu		nuˈaʈɽi~niˈawʈɽi	nuˈawʈɽi	nuˈavuʈɽi~nuˈawʈɽi	niˈawʈɽi	nosˈotɾos		nojˈantri			niˈaltri	
WE_5																																	o																									
WE_6										se																																																
WHAT_1																																														ˈitta~ˈita	ˈitte											
WHAT_2									kos	kˈuza~sa	kˈuza~za	ksaː							kepa				kˈose	kossˈe	kˈoːsse	kozˈɛ	kˈuza							kˈɔza	kˈɔza	kˈɔza	kˈɔza																				kˈɔsa	
WHAT_3	ʦe	ke	ke		ke		ke	ke							ʧe	ke	ʧe	ke										ʦe		ke		ke	kwe							ke	ʧe	ɕe	ce	ɕej	ɕe							ke	ke	ke	ke	ke		
WHAT_4																					kʷɪd	kʷɪd																																				kwɛsky
WHAT_5				kɛ		kɛ			ko					kə															kə		kə						kɔ	kwɛ	ukɨ									ki	ki	ki	ki							
WHAT_6													kaj																																													
WHAT_7																				ʧə																																						
WHITE_1	ˈalbu								jwalb												ˈaɫbʊs	ˈaɫbʊs						alp													alb	alf	alf	alf	alp													
WHITE_2													bʎã	blɑ̃																			blɑ̃																									blã
WHITE_3		blˈaŋko	bɫaŋk	bɫaŋ	bɫaŋk	bɫaŋ	bɫaŋ	bɫaŋk	bjaŋk~blaŋk	bjaŋk	bjaŋk	bjaːŋk			blaŋk	bɾˈaŋko		bjˈaŋko	bjaŋk	blaŋk			ʤˈaŋku	ʤˈaːŋku	ʤˈaːŋku	bjaŋk	bjaːŋk		jˈaŋkə	blaŋk	blãŋk	bjˈaŋko		bjaŋk	bjaŋk	bjaŋk	bjaŋk	bjaːŋk	bɾˈɐ̃ŋku	bjãnk						bjˈaŋku	bjˈaŋku	jˈaŋku	jˈaŋku	bjˈaŋku	bɾˈaŋku~jˈaŋku	blˈaŋko	bjˈaŋko	vjˈanku	bjaŋk	bjaŋk	bjˈaŋko	
WHITE_4																	ɒb																																									
WHO_1																	ʧˈire																								ʧˈine																	
WHO_2		kjeŋ														keŋ																																				kjen						
WHO_3			ki	ki	ki	ki	ki	ki	ku	ki	ki	ki	kwi	ki	kuj			ki	kipa	ki	kʷɪs	kʷɪs	ki	ki	ki	ki	ki		ki	ku~kau	ki	ki	ki	ki	ki	ki	ki	ki		ki		ɕi	ci	ɕi	ɕi	kˈini	kˈie	kui	ku	ku	kui		ki	ki	ki	ki	ki	kiː
WHO_4	kˈare																											kˈari											kɐ̃j̃																			
WIND_1													ve~vɛː	vɑ̃																			vɛ̃																									
WIND_2	vˈimtu	bjˈento	ven	ben	bent	vent	ben	bent	vjant	vɛjnt	vent	vɛjnt				bˈɛnto		vˈɛnto	vent	vənt	wˈɛntʊs	vˈɛntʊs	vˈeːŋtu	vˈeŋtu	vˈɛːŋtu	vɛnt	veːnt	vint	vjˈentə	vɛnt	vãnt	vˈɛnto		vɛŋt		vɛŋt	vɛŋt	veːŋt	vˈẽntu	vɛnt	vɨnt	vɛnt	vɛnt	vɛnt	vɛnt	bˈentu	vˈentu	vˈɛntu	vˈɛntu	vjˈɛntu	vjˈɛntu	bjˈento	vˈɛnto	vˈentu	vɛŋt	vɛŋt	vˈeŋto	
WIND_3															ˈajar																				ˈarja																							
WIND_4																	bˈoræ																																									
WIND_5																														ˈawɾo																												
WIND_6																																																										eːʀ
WOMAN_1	muʎˈe̯are	mujˈeɾ							muʎˈer~moʎˈer							muʎˈɛɾ					mˈʊlɪɛr	mˈʊljɛr						muʎˈari											muʎˈɛɾ													muxˈeɾ						
WOMAN_2			dˈɔna	dˈɔnə	dˈɔna	dˈɔnə	dˈɔnɛ	dˈɔna		dˈɔna	dˈɔna	dˈɔna						dˈɔnna					dˈønna	dˈonna	dˈoːnna		dˈona										dˈɔna	dˈɔːna		dˈona				dˈunə	dwˈɔnə								dˈɔnna				dˈona	
WOMAN_3													fˈɛna	fam	fˈɛmine				fˈemena			fˈeːmɪna				fˈɛnne			fˈɛmmənə~fˈemmənə	fˈemo~fˈumo	fˈãmə	fˈemmina	fœm	fˈumna	fˈumna	fˈumna					femˈeje	fˈɛmnə	fˈɛmnə	fˈɛmnə		fˈɛmmina	ˈemmina	fˈimmina	fˈimmɨna	fˈimmina	fˈimmina			fˈemmina	fˈemena	fˈemena		fam
WOMAN_4																				ˈəjla																																						
WOMAN_5																	ʒˈenskæ																																									
YEAR_1	ˈanŭ	ˈaɲo	aɲ	aɲ	aɲ	aɲ	aɲ	aɲ	jajŋ	an	an	aːn	ã	ane	an	ˈano		ˈanno	an	an	ˈannʊs	ˈannʊs	ˈannu	ˈannu	ˈannu	an	ann	an	ˈannə	annˈado	ãn~ãnˈeːə	ˈanno		an	an	an	ˈani~aŋ	aŋ	ˈɐnu	an	an					ˈannu	ˈannu	ˈannu	ˈannu	ˈannu	ˈannu	ˈaɲo	ˈanno	annu	an	an	ˈano	ã~aneːj
YEAR_2														ɑ̃			ɒn																									ɔn	ɔn	ɔn	on													
YEAR_3																																	ɛ̃ne																									
YELLOW_1									ʒwˈolno				ðˈono	ʒon																			ɡɑ̃n																									ʤoːn
YELLOW_2			ɡɾɔk	ɡɾɔk	ɡɾɔk	ɡɾɔk	ɡɾɔk	ɡɾɔk																																					ɡɛlk	ɡrˈoɣu	ɡrˈoɡu											
YELLOW_3																				ɡjəl																																						
YELLOW_4	ɡˈalbinŭ																											ɡˈalbin													ɡˈalben	mˈɛlən	mˈɛlən	mˈɛlən														
YELLOW_5		amaɾˈiʎo														amaɾˈɛlo																							ɐmɐɾˈɛlu													amaɾˈiʎo						
YELLOW_6										zaːl	ʒal	ʒaːl			ʤaːl			ʤallo	zal				ʤˈanu	ʤˈallu	ʤˈaːnu	zalt	ʤaːlt		ʤˈallə~ʤʤˈallə	ʤˈawne	ʤˈawnə	ʤallo		ʤawŋ	ʤawŋ	ʤawŋ	ʤawŋ	ʤalt		ʒal								ʤˈallu	ʤˈallu	ʤˈaɾnu	ɟɟˈaɾnu		ʤallo	ɟˈallu	ʤal	ʤal		
YELLOW_7																																																									zˈae̯o	
YELLOW_8																	ʒut																																									
YELLOW_9																						fˈʊɫvʊs																																				
