	Aichi	Akita	Aomori	Chiba	Ehime	Fukui	Fukuoka	Fukushima	Gifu	Gunma	Hachijō	Hateruma	Hirara	Hiroshima	Hokkaidō	Hyōgo	Ibaraki	Ikema	Irafu	Ishigaki	Ishikawa	Iwate	Kagawa	Kagoshima	Kanagawa	Kumamoto	Kyōtō	Kōchi	Mie	Miyagi	Miyazaki	Nagano	Nagasaki	Nara	Naze	Niigata	Okayama	Okinawa	Old Japanese	Saga	Saitama	Shiga	Shimane	Shizuoka	Taketomi	Tarama	Tochigi	Tokushima	Tottori	Toyama	Tōkyō	Wakayama	Yamagata	Yamaguchi	Yamanashi	Yonaguni	Ōita	Ōsaka
ASH_1		aɡu	aɡu					aɡu							aku							aɡu								aɡu						aku																	aɡu					
ASH_2																																																								çiɡuɴ		
ASH_3													karapaɨ					karapai	karapaɨ																											karapaɨ												
ASH_4	βɛː			hɛː	hai	hai	hai			hai	heː	peː		hai		hai	hae			hai	hai		hai	heː	heː		hai	hai	hai		fe	heː	hai	hai	hə		hai		haçi		hai	hae	hae	heː	pai		hai	hai	hai	hai	hai	hai		hɛː	heː		heː	hai
ASH_5									çɛː																	çaː												heː		çaː																		
BE DEAD OR DIE_1											marubu	maːrasuɴ								maːrasuɴ																		maːsuɴ							maːrasuɴ											maisuɴ		
BE DEAD OR DIE_2	ʃinu	ʃinu	sunu	ʃinu	ʃinuru	ʃinu	ʃinu	ʃinu	ʃinu	ʃinu			sɨɴ	ʃinuru	ʃinu	ʃinu	ʃinu	sɨɴ	sɨɴ		ʃiɴ	sunu	ʃinu	keʃiɴ	ʃinu	ʃinuru	ʃinu	ʃinuru	ʃinu		keʃinuru	ʃimu	ʃinu	ʃinu	sɨɲuɴ	ʃiɡu	ʃinuru		ʃinu	ʃiɴ	ʃinu	ʃinu	ʃinoː	ʃinu		sɨɴ	ʃinu	ʃinu	ʃinuru	ʃinu	ʃinu	ʃinu	ʃinu	ʃinuru	ʃinu		ʃinuru	ʃinu
BELLY_1															onaka																																							onaka				
BELLY_2	hara	hara	hara	hara	hara	hara	hara	hara	hara	hara	hara	bata	bata	hara		hara	hara	bata	bata	bada	hara	hara	hara	hara	hara	hara	hara	hara	hara	hara	hara	hara	hara	hara	wata	hara	hara	wataː	wata	hara	hara	hara	hara	hara	bata	bata	hara	hara	hara	hara	hara	hara	hara		hara	bata	hara	hara
BIG_1																				maiʃaːɴ															daibaɴ			maːɡiʃeɴ							maijaɴ											maisa		
BIG_2																								βute		βutoka		βutoi			βuti									βutoka																	βutiː	
BIG_3												busahaɴ																																														
BIG_4								ʣuɴnɛ																																																		
BIG_5													upukaiː						ukukal																											upʃaːl												
BIG_6	oːkiː	oʔki	oʔki	oʔkiː	oːkiː	ikɛ	oːʔka		ikɛ		boːkja			oːkeː	oːkiː	oːkeː						oʔki	oːkiː		dʔkɛ		oːkiː		oʔkiː	oʔkiː		dʔkɛ	oːkina	oːkiː			oːkeː				dʔkɛ	ikɛː	oːkina				oːkiː	oːkiː	oːkiː		oːkiː	okiː	oʔki	oːkina	oːkiː			oːkiː
BIG_7										deʔkai							ekae	βuikai			dekai															deʔkae								ikai						deʔkai								
BIG_8																																							øβø																			
BIRD_1	tori	tori	tori	tori	tori	tori	tori	tori	tori	tori	torime	turɨ	tuɨ	tori	tori	tori	tori	tui	tul	turɨ	tori	tori	tori	toi	tori	tori	tori	tori	tori	tori	tori	tori	tori	tori	turi	tori	tori	tui	tøri	toi	tori	tori	toː	tori	tul	tul	tori	tori	tori	tori	tori	tori	tori	tori	tori		tori	tori
BIRD_2																																																								hatu		
BITE_1													βuː					βuː	βuː																			kuːjuɴ																				
BITE_2																																																								puiʦuɴ		
BITE_3																				kamuɴ	kamu																		kamu											kamu								
BITE_4		kamiʤiɡu	kuʔʦuɡu		kamiʦuku	kuwaʦuku		kuiʦuku				kamisɨkuɴ		kuiʦuku	kamiʦuku									kaɴʦuʔ			kamiʦuku							kuiʦuku										kuʔʦuku							kamiʦuku							
BITE_5																																														βaɴksɨ												
BITE_6																						kuʔʧaɡaru																																				
BLACK_1	kurøː	kure	kure	kureː	kuroi	kuroi	kuroka	maʔkureː	kurøː	kuroi	kurokja			kuroi	kuroi	kuroi	kuroe				kuroi	kure	kuroi	kure	kureː	kuroka	kuroi	kuroi	kuroi	kuroe	maʔkuri	kureː	kuroka	kuroi	kʔuruʃaɴ	kuːre	kureː	kuruʃeɴ	kuroʃi	kuroka	kuroi	kurøe	kuroe	kuroi			kuroi	kuroi	kuroi	kuroi	kuroi	kuroi	kuroe	kurøː	kuroi	βuru	kureː	kuroi
BLACK_2													ʔfukaɨ					ʔfukai	ʔfukam																											ʔβuʃaːru												
BLACK_3																																													ʔfoːɴ													
BLACK_4												βuːhahaɴ																																														
BLACK_5																				βuβuːsaɴ																																						
BLOOD_1													akaʦɨ					akaʦɨ	akaʦɨ																											akaʦɨ												
BLOOD_2	ʧi	ʧi	ʧi	ʧi	ʧi	ʧiː	ʧi	ʧi	ʧi	ʧi	ʧi	ʣɨː		ʧi	ʧi	ʧiː	ʧi			ʦɨː	ʧiː	ʦu	ʧiː	ʧiː	ʧi	ʧiː	ʧiː	ʧi	ʧiː	ʦuː	ʧi	ʧi	ʧi	ʧi	ʦɨ	ʧi	ʧi	ʧiː	ti	ʧi	ʧi	ʧiː	ʧi	ʧi	ʃiː		ʧiː	ʧiː	ʧi	ʧiː	ʧi	ʧiː	ʧiː	ʧi	ʧi	ʧi	ʧi	ʧiː
BONE_1	hone	hone	hone	hone	hone	hone	hone	hone	hone	hone	hone	puni	puni	hone	hone	hone	hone	βuni	puni	βuni	hone	hone	hone	hone	hone	hone	hone	hone	hone	hone	hone	hone	hone	hone	βunɨ	hone	hone	βuni	høne	hone	hone	hone	hone	hone	puni	puni	hone	hone	hone	hone	hone	hone	hone	hone	hone	βuni	hone	hone
BREAST_1													ɴmivu̥ʦɨ					ɴmiuʦɨ	ɴmivu̥ʦɨ																																							
BREAST_2																																																								ʧimumuti		
BREAST_3												niʦɨ																																														
BREAST_4	mune	mune	mune	mune	mune	mune	mune	mune	mune	mune	mune			mune	mune	mune	mune			ɴni	mune	mune	mune	mune	mune	mune	mune	mune	mune	mune	mune		mune	mune	monə	mune	mune		mune	mune	mune	mune	mine	mune	ɴːni	mni	mune	mune	mune	mune	mune	mune	mune	mune	mune		mune	mune
BREAST_5																																munaŋara						niːβara																				
BURN_1	jaku	jaɡu	jaɡu	jaku	jaku	jaku	jaku	jaɡu	jaku	jaɡu	jaku	jaɡuɴ	jaksɨ	jaku	jaku	jaku	jaɡu	jaβu	jaβu	jakuɴ	jaku	jaɡu	jaku	jaʔ	jaku	jaku	taku	jaku	jaku	jaɡu	jaku	jaku	jaku	jaku	jakjuɴ	jaku	jaku	jakuɴ		jaku	jaku	taku	jaku	jaku	jakuɴ	jaksɨ	jaɡu	jaku	jaku	jaku	jaku	jaku	jaɡu	jaku	jaku	daɡuɴ	jaku	jaku
BURN_2																																							moju																			
CLOUD_1	kumo	kumo	kumo	kumo	kumo	kumo	kumo	kumo	kumo	kumo	kumo	βumoɴ	βumu	kumo	kumo	kumo	kumo	ɴmu	βumu	kumu	kumo	kumo	kumo	kumo	kumo	kumo	kumo	kumo	kumo	kumo	kumo	kumo	kumo	kumo	kʔumu	kumo	kumo	kumuː	kumo	kumo	kumo	kumo	kumo	kumo	βumu	βumu	kumo	kumo	kumo	kumo	kumo	kumo	kumo	kumo	kumo	ɴmu	kumo	kumo
COLD_1			suɴbareru												ʃibareru							suɴbareru								subareru																												
COLD_2											koɡeiru																																															
COLD_3	sabjuː	samue		sabiː		sabui	samuka	sameː	sabjuː	samiː				sabui		sabui	samue				sabui		sabui		samiː	saɴka	samui		samui		sami	sabiː	samuka	sabui		saːme	samiː		samuʃi		samiː	samui	samiː	sabiː			samui	samui	samui	sabui	samui	sabui	saɴbu	samiː	samui		samiː	sabui
COLD_4					çijai							piʃahaɴ								piːʃaɴ								çijai										çiːʃeɴ		çijka					piːjaɴ	piːʃaːl										çisaɴ		
COLD_5													psɨʃikaɨ					ʔʃikai	psɨʃikam																																							
COLD_6																								çijuʔ																																		
COLD_7																																			çiɡuruʃaɴ																							
COME_1	kuru	kuru	kuru	kuru	kuru	kuru	kuru	kuru	kuru	kuru	kuru		ksɨsɨ	kuru	kuru	kuru	kuru				kuru	kuru	kuru			kuru	kuru	kuru	kuru		kuru	kuru	kuru	kuru		kuru	kuru				kuru	kuru		kuru			kuru	kuru	kuru	kuru	kuru	kuru	kuru		kuru		kuru	kuru
COME_2												kuɴ						βuː	βuː	ksɨːɴ				kuʔ	iku										kjuɴ				ku	kuː			kuː		kuːɴ	ksɨː										kuɴ		
DOG_1	inu	enu	enu	inu	inu	inu	iɴ	inu	inu	inu	inume	inu	iɴ	inu	inu	inu	enu	iɴ	iɴ	iɴ	iɴ	enu	inu	iɴ	inu	iɴ	inu	inu	inu	enu	iɴ	eno	inu	inu	iɴ		inu		inu	iɴ	inu	inu	eno	inu	iɴ	ina	inu	inu	inu	iɴ	inu	inu	enu	inu	inu	inu	iɴ	inu
DOG_2																																				eɴɡa		iɴɡwaː																				
DRINK_1	nomu	nomu	nomu	nomu	nomu	nomu	nomu	nomu	nomu	nomu	nomu	numuɴ	num	nomu	nomu	nomu	nomu	num	num	numuɴ	nomu	nomu	nomu	noɴ	nomu	nomu	nomu	nomu	nomu	nomu	nomu	nomu	nomu	nomu	numjuɴ	nomu	nomu	numuɴ	nømu	nomu	nomu	nomu	noɴ	nomu	numuɴ	num	nomu	nomu	nomu	nomu	nomu	nomu	nomu	nomu	nomu	numuɴ	nomu	nomu
DRY_1	kawaku	kawaɡu	kawaɡu	kaːku	kawaku	kawaku		kʷaɡu	kawaku	kawaku	kawaku	karuɡuɴ	kaːksɨ		kawaku	kawaku			kaːraʦɨ	kaːraɡuɴ	kawaku	kawaɡu	kawaku		kawaku		kawaku	kaːku	kawaku	kawaɡu			kawaku	kawaku	korakjuɴ	kawaku	kawaku	haːrakuɴ	kawaku	kawaku	kawaku	kawaku	kawaku		kaːrakuɴ	kaːrakɨ	kawaɡu	kawaku	kawaku		kawaku	kawaku		kawaku	kawaku	karaɡuɴ	kawaku	kawaku
DRY_2							çiaɡaru							çiru			çiru							çiaɡaʔ		çiaɡaru					çiaɡaru	ʃiru												çiru									βiru					
DRY_3																		sari																																								
DRY_4																																																		hoseru								
EAR_1	mimi	mimi	mimi	mimi	mimi	mimi	mimi	mimi	mimi	mimi	mimi		mim	mimi	mimi	mimi	mimi	miɴ	mim	miɴ	mimi	mimi	mimi	miɴ	mimi	mimi	mimi	mimi	mimi	mimi	mimi	mimi	mimi	mimi	miɴ	mimi	mimi	mimiː	mimi	mimi	mimi	mimi	mimi	mimi	miɴ	mim	mimi	mimi	mimi	mimi	mimi	mimi	mimi	mimi	mimi		mimi	mimi
EAR_2																																																								miɴtaβu		
EAR_3												miʃukurumiɴ																																														
EARTH (SOIL)_1	ʦuʃi	ʧiʤi	ʦuʣu	ʦuʃi	ʦuʃi			ʦuʃi	ʦuʃi	ʦuʃi	ʦuʃi			ʦuʃi	ʦuʃi	ʦuʃi	ʦuʃi					ʦuʣu	ʦuʃi	ʦuʔ	ʦuʃi	ʦuʃi	ʦuʃi	tuʧi	ʦuʃi	ʦuʣu	ʦuʃi		ʦuʃi	ʦuʃi			ʦuʃi		tuti		ʦuʃi	ʦuʃi	ʧiʧi	ʦuʃi			ʦuʃi	ʦuʃi	ʦuʃi		ʦuʃi	ʦuʃi	ʧiʤi		ʦuʃi		tuʧi	ʦuʃi
EARTH (SOIL)_2																																													ʤiː													
EARTH (SOIL)_3							doro														doro																			doro										doro				doro				
EARTH (SOIL)_4						beto																										beto				beto																						
EARTH (SOIL)_5												ɴta	mta					ɴta	mta	ɴta																		ɴʧaː								mta												
EARTH (SOIL)_6																																			niʃa																							
EARTH (SOIL)_7																																																								dinaɡa		
EAT_1	kuː	ku	ku	kuː	kuː	kuː	kuː	kuː	kuː	kuː		hoɴ	βoː	kuː	kuː	kuː	kuː			hoːɴ	kuː	ku	kuː		kuː	kuː	kuː	kuː	kuː	kuː	kuː	kuː	kuː	kuː		kuː	kuː	keːɴ		kuː	kuː	kuː	kuː	kuː		βuː	kuː		kuː	kuː	kuː	kuː	kuː	kuː	kuː		kuː	kuː
EAT_2											kamu							βau	βau					tamoʔ											kamjuɴ																							
EAT_3																																							kuβu						ʔβuɴ											βuɴ		
EAT_4																																																taberu										
EGG_1																																			kʔuɡa			βuɡa							koːma	kuɡa												
EGG_2												keː																											ko																			
EGG_3																																																								kaiŋu		
EGG_4													tunaka					tunuka	tunuka	tunaɡa																																						
EGG_5	tamaɡo	tamaŋo	tamaŋo	tamaɡo	tamaɡo	tamaŋo	tamaɡo	tamaŋo	tamaŋo	tamaɡo	tamaɡo			tamaɡo	tamaŋo	tamaŋo	tamaŋo				tamaŋo	tamaŋo	tamaɡo	tamaɡo	tamaŋo	tamaɡo	tamaŋo	tamaɴɡo	tamaɡo	tamaŋo	tamaɡo	tamaŋo	tamaɡo	tama		tamaɡo	tamaɡo			tamaɡo	tamaɡo	tamaŋo	tamaɡo	tamaŋo			tamaŋo	tamaɡo	tamaɡo	tamamo	tamaɡo	tamaɴɡo	tamaŋo	tamaɡo	tamaŋo		tamaɡo	tamaŋo
EYE_1		anaɡu	anaɡu							anako	manako											anaɡu								anaɡu											anako												anaɡu					
EYE_2	me				meː	meː	me	me	me			miɴ	miː	me	me	meː	me	miː	miː	miː	meː		meː	me	me	me	meː	meː	meː		me	me	me	me	mɨ	me	me	miː	mə	me		meː	me	me	miː	miː	me	meː	me	meː	me	meː		me	me	mi	me	meː
EYE_3				medama																																																						
FAR_1													kamaːkaɨ					kaːmakai																												kadaːʃaːl												
FAR_2	toøː	toːe	toːe	toːkiː	towai	toːi	toːka	toːi	toøː	towai	toːkja			toːiː	toːi	toːi	toːe		tuːkal	tuːsaːɴ	toːi	toːe	toːi	toe	toeː	toːka	toːi	toːi	toːi	toːe	towi	toːe	toːka	toːiː	tuːʃaɴ	toːwe	toeː	tuːʃeɴ		toːka	toːi	toːi	toe	toːi	tuːwaɴ		toːi	toːi	toːiː	toːi	toːi	tobai		toiː	toːi	tuɴ	towiː	toːi
FAR_3																																							tøhøʃi																			
FAR_4												tuːsahaɴ																																														
FAR_5																																																					toʔɡu					
FAT (ORGANIC SUBSTANCE)_1	abura	aɴbura	aɴbura	abura	abura	abura	abura	abura	abura	abura	abura	aba	aʔva	abura	abura	abura	abura	aʔva	aʔva	aba	abura	aɴbura	abura	abura	abura	abura	abura	abura	abura	aɴbura	abura	abura	abura	abura	abura	abura	abira	ʔaɴra	abura	abura	abura	abura	abura	abura	aba	aʔva	abura	abura	taneabura	abura	abura	abura	aɴbura	abura	abura	aɴda	abura	abura
FEATHER_1	hane			hane	hane	hane	hane		hane	hane	hane			haneɡe		hane	hane				hane	hane	hane	haneɡe		hane	hane	hane	hane	hane	hane	hane	hane		hanə	hane	hane	βaniɡeː	hane	hane		hane	hane	hane	pani		hane	hane	hane	hane	hane	hane	hane	hane	hane		hane	hane
FEATHER_2													paninupsɨɡi																																													
FEATHER_3																																		tornoke																								
FEATHER_4		ke	ke					keː				kiː						kiː		kiː					keba																															ki		
FEATHER_5																			psɨɡi																											psɨɡi												
FEATHER_6															umoː																																											
FEATHER_7																																									tojasu																	
FEMALE PERSON_1	onaɡo	onaŋo	onaŋo	oɴna	oɴna		onaɡo	oɴna	onaŋo	oɴna	oɴnaɡo			onaɡo	oɴna	onaŋo	oɴna					onaŋo	onaɡo	onaɡo	oɴna	onaɡo	oɴna	oɴna	oɴna	onaŋo	onaɡo	oɴna	oɴna	oɴna	unaɡu	onaɡo	onaɡo	inaːɡu		onaɡo	oɴna	oɴna	onaɡo	oɴna			oɴna	onaɡo	onaɡo	oɴna	oɴna	oɴna	onaŋo	oɴna	oɴna		onaɡo	oɴna
FEMALE PERSON_2						mero						midumu	midum					midu̥ɴ	midum	miduɴ	mero																								midumu	midum										minuŋa		
FEMALE PERSON_3																																							me																			
FIRE_1													umaʦɨ					umaʦɨ	umaʦɨ																mʔaʦɨ											umuʦɨ												
FIRE_2	çi	ʃu	su	çi	çiː	çiː	çi	çi	çi	çi	çi	psɨ		çi	çi	çiː	çi			psɨː	çiː	çi	çiː	çi	çi	çiː	çiː	çiː	çiː	çi	çi	ʃi	çi	çiː		çi	çi	piː	çɨ	çi	çi	çiː	βu	çi	piː		çiː	çiː	çi	çiː	çi	çiː	βi	çi	çi	ʧʔi	çi	çiː
FISH_1	sakana	saɡana	sakana	sakana	sakana	sakana		saɡana	sakana	sakana					sakana	sakana	sakana				sakana	sakana	sakana		sakana		osakana		sakana	saɡana		sakana		sakana		sakana	sakana				sakana	sakana	sakana	sakana			saɡana	sakana	sakana		sakana	sakana	saɡana	sakana	sakana			sakana
FISH_2							io				jo	juː	ɨʣu	io				ɨʣu	ɨʣu					ijo		juoː		io			ioː		uo		ʔju			ʔjuː	uwo	ioː					iʣu	ɨʣu				io						iu		
FISH_3																				ʔiʤɨ																																						
FISH_4																																																									buijeɴ	
FLESH OR MEAT_1													mɨ													mi					mi			miː	mɨː							miː															mi	miː
FLESH OR MEAT_2	niku	niɡu	niɡu	niku	niku	niku	niku	niɡu	niku	niku	niku	niku		niku	niku	niku	niku			niku	niku	niɡu	niku	niʔ	niku		niku	niku	niku	niku		niku	niku			niku	niku			niku	niku		neku	niku			niɡu	niku	niku	niku	niku	niku	niɡu	niku	niku	niku		
FLESH OR MEAT_3																		sɨːsɨ	sɨːsɨ																			ʃiʃiː	ʃiʃi						ʃiːʃi	sɨːsɨ												
FLY (MOVE THROUGH AIR)_1																		tunuʤiɨ																				tuʔtuɴnuɡuɴ																				
FLY (MOVE THROUGH AIR)_2	tobu	toɴbu	toɴbu	tobu	tobu	tobu	tobu	tobu	tobu	tobu	tobu	buɴʦuɴ		tobu	tobu	tobu	tobu		budul		tobu	toɴbu	tobu	toʔ	tobu	tobu	tobu	tobu	tobu	toɴbu	tobu	tobu	tobu	tobu		tobu	tobu		tøbu	tobu	tobu	tobu	tobu	tobu	tubuɴ	budul	tobu	tobu	tobi	tobu	tobu	tobu	toɴbu	tobu	tobu	tubuɴ	tobu	tobu
FLY (MOVE THROUGH AIR)_3													tubiːpiɨ																																													
FLY (MOVE THROUGH AIR)_4																				majaːruɴ																																						
FLY (MOVE THROUGH AIR)_5																																			udeɨʔkjuɴ																							
FOOT OR LEG_1												paɴ	paɡzɨ					haʤɨ	paɡzɨ	haɴ															haɡi										paɴ	paɡzɨ												
FOOT OR LEG_2	aʃi	asu	asu	aʃi	aʃi	aʃi	aʃi	asu	aʃi	aʃi	aʃi			aʃi	aʃi	aʃi	aʃi				aʃi	asu	aʃi	aʃ	aʃi	aʃi	aʃi	aʃi	aʃi	asu	aʃi	aʃi	aʃi			aʃi	aʃi		aʃi	aʃi	aʃi	aʃi	aʃi	aʃi			aʃi	aʃi	aʃi	aʃi	aʃi	aʃi	asu	aʃi	aʃi		aʃi	aʃi
FOOT OR LEG_3																																						çisa																				
FOOT OR LEG_4																																		hoʔda																								
FOOT OR LEG_5																																																								sanda		
GOOD_1													ʤoːtuː					ʤautu	ʤau̥tuː	ʤoːtoː																		ʤoːtoː																				
GOOD_2	eː	e	e	iː	eː	iː		iː	eː	iː				eː		eː	eː				iː	e	eː		iː		eː	ei	eː	eː	iː	eː		iː		eː	eː				iː	eː	e	eː			iː	eː	eː	iː		eː	eː	eː			iː	eː
GOOD_3							joka				joʔkja				joi									joka		joka							joka						jøʃi	joka											joi				joi			
GOOD_4																																														ʤauʃaːl												
GOOD_5																																			iʔʧaɴ										misaɴ											ɴsaɴ		
GOOD_6												miʃahaɴ																																														
GREEN_1	awøː	aoe	aoe	awɛ	aoi	aoi	aoka	aoi	awøː	aoi	aokja			aoi	aoi	aoi	aoe	aukai	aukal	ausaːɴ	aoi	ae	aoi	aoka	awɛ	aoka	aoi	aoi	aoi	aoe	awi	aweː	aoi	aoi		aːwe	awøː		awoʃi	aoka	aoe	aoi	aoe	aɛː	aoːɴ		aoi	aoi	aoi	aoi	aoi	aoi	aoe	awøː	aoi		awiː	aoi
GREEN_2												ohaɴmi	oːkaɨ																						oːʃaɴ			oːʃeɴ								oːʃaːl												
GREEN_3																																																								dirumidiru		
HAIR_1	ke	ke	ke	ke	ke	keː	ke	ke	ke	ke		kiː		ke	ke	keː	ke	kiː		kiː	keː	ke	ke	ke	keba	ke	keː	ke	keː	ke	ke	ke	ke	ke	ksɨ	ke	ke	kiː	kə	ke	ke	keː	ke	ke	kiː		ke	keː	ke	keː	ke	keː	ke	ke	ke	ki	ke	keː
HAIR_2													psɨɡi						psɨɡi																											psɨɡi												
HAIR_3											kebuʃo																																															
HAND_1	te	te	te	te	teː	teː	te	te	te	te	te		tiː	te	te	teː	te	tiː	tiː	tiː	teː	te	teː	tɨ	te	ʧe	teː	te	teː	te	te	te	te	te	tiː	te	te	tiː	tə	te	te	teː	te	te	tiː	tiː	te	teː	te	teː	te	teː	te	te	te	ti	te	teː
HAND_2												sɨː																																														
HEAD_1																											oʦumu																															oʦumo
HEAD_2	suko						ʣuku																	ʣu																		dosuko																
HEAD_3																																		omuʦuri																				omuʦu				
HEAD_4											ʦuburi									ʦɨːburɨ															ʦʔɨːburu			ʧibuːru							suburu													
HEAD_5												amasukuru																																														
HEAD_6		adama	adama	atama	atama	atama		adama	atama	atama			kanamaɨ	atama	atama	atama	atama	kanamai	kanamal		atama	adama	atana		atama	atama		atama	atama	adama		atama	atama			atama	atama			atama	atama		atama	atama		kanamal	atama	atama	atama	atama	atama	atama	adama		atama			
HEAD_7																																							kaʃira																		kaʃira	
HEAD_8																															biɴta																									ɴɡʔusa		
HEAR_1	kiku	kiɡu	kiɡu	kiku	kiku	kiku	kiku	kiɡu	kiku	kiku	kiku	sɨkuɴ	ʦɨksɨ	kiku	kiku	kiku	kiku	ʧiːβu	ʦɨʦɨ	sɨkuɴ	kiku	kiɡu	kiku	kiʔ	kiku	kiku	kiku	kiku	kiku	kiɡu	kiku	kiku	kiku	kiku	kikjuɴ	kiku	kiku	kikuɴ	kiku	kiku	kiku	kiku	kiku	kiku	sɨkuɴ	ksɨksɨ	kiku	kiku	kiku	kiku	kiku	kiku	kiku	kiku	kiku	kʔuɴ	kiku	kiku
HEAVY_1	omøː	obodɛ		ɴtɛː	omotai	omoi	omotaka	omoi	omøː	omoteː	omokja			omotaː	omoi	omotai	omoe				obotai	omodɛ	omoi	obi	omoteː		omotai	omotai	omoi	omodɛ	oɴte	jomoteː	omoka	omotaː		omotɛː	omeː		omoʃi		omoteː	omoi	motae	omoi			omoi	omoi	omotao	omoi	omoi	omotao	obodɛː	omotɛː	omoi		omutɛː	omoi
HEAVY_2													ivḁkaɨ						juvḁkal																											i̥vu̥ʃaːl												
HEAVY_3																		ɴbukai		ɴbusaɴ						omuka									ʔuɴbuʃaɴ			ʔuɴbuʃeɴ																		ʔiɴsaɴ		
HEAVY_4																																								oβutaka					ɡuʔβaɴ													
HEAVY_5			modɛomodɛ																																																							
HEAVY_6												sɨtaɡiʃihaɴ																																														
I_1		ore						ore									ore					ora																															ore					
I_2	waʃi			wataʃi	wataʃi		ataʃi		waʔʧi	wataʃi	wai			waʃi	wataʃi	wataʃi							otaʃi	atai	wataʃi	wataʃi	wataʃi	wataʃi	waʃi	wadasu	waʃi	waʃi	wataʃi	waʃi		wataʃi	wataʃi			wataʃi	waʃi	wataʃi	wataʃi	waʃi			wataʃi	wataʃi	waʃi	waʃi	wataʃi	wataʃi		wataʃi	wataʃi		waʃi	wataʃi
I_3			wa			ura							baɴ					baɴ	baɴ		wate														waɴ			waɴ	ware						baɴ	baɴ												
KILL_1	korosu	koroʃi	korosu	korosu	korosu	korosu	korosu	korosu	korosu	korosu	korosu	kurasuɴ	kurusɨ	konosu	korosu	korosu	korosu	kurasɨ	kurusɨ	kurasuɴ	korosu	korosu	korosu	korosu̥	korosu	korosu	korosu	korosu	korosu	korosu	korosu	korosu	korosu	korosu	kuʔʧuɴ	korosu	korosu	kurusuɴ	kørøsu	korosu	korosu	korosu	koroʃi	korosu	kurasuɴ	kurusɨ	korosu	korosu	korosu	korosu	korosu	korosu	koroʃi	korosu	korosu	kuruɴ	korosu	korosu
KNOW (SOMETHING)_1												baɡaruɴ																										wakaiɴ																				
KNOW (SOMETHING)_2																																																								ʔatiʔaɴ		
KNOW (SOMETHING)_3		oɴberu	oɴberu																			oɴberu																															oberu					
KNOW (SOMETHING)_4	ʃiru			ʃiru	ʃiru	ʃiru	ʃiru	ʃiru	ʃiru	ʃiru			ʔsɨ	ʃiru	ʃiru	ʃiru	ʃiru	sɨː	sɨː	ʃiɴ	ʃiru		ʃiru	ʃiʔ	ʃiru	ʃiru	ʃiru	ʃiru	ʃiru	suru	ʃiru	ʃiru	ʃiru	ʃiru		ʃiru	ʃiru		ʃiru	ʃiʔ	ʃiru	ʃiru	ʃiː	ʃiru	ʔʃeːɴ	sɨː	ʃiru	ʃiru	ʃiru	ʃiru	ʃiru	ʃiru		ʃiru	ʃiru		ʃiru	ʃiru
KNOW (SOMETHING)_5																																			sɨʔʧuri																							
KNOW (SOMETHING)_6											ʃokja																																															
LEAF_1	ha	fa	ha	ha	ha	haː	ha		ha			paː	paː	ha	ha	haː		haː	paː	paː	haː		ha	ha		ha	haː	ha	haː		ha	ha	ha	ha	haː			faː	ha	ha		haː	ha		paː	paː	ha	haː		haː	ha	haː	fa	ha	ha	ha	ha	haː
LEAF_2								haʔpa		haʔpa	haʔpa						haoːa					haʔpa			haʔpa					haʔpa						haʔpa	haʔpa				haʔpa			haʔpa					haʔpa									
LIE DOWN_1																																							køjaru																			
LIE DOWN_2																																																					joɡorobu					
LIE DOWN_3	neru	neru	neru	neru	neru	neru	neru	neru	neru	neru	neru		nivu̥	neru	neru	neru	nemuru	ɲuː	nivu̥	nibuɴ	neru	neru	neru	neʔ	neru	nuru	neru	neru	neru	neru	ɲeru	neru	nuru	neru	nɨburjuɴ	neru	neru	niɴbuɴ		nuʔ	neru	neru	neː	neru	nibuɴ		neru	neru	neru	neru	neru	neru		neru	neru	niɴduɴ	neru	neru
LIE DOWN_4												nuʔβuɴ																																														
LIE DOWN_5																																														ninil												
LONG_1	naŋɛː	naŋɛ	naŋɛ	naɡɛː	naɡai	naŋeː	naɴka	naŋɛ	naŋɛː	naɡai	naɴɡakja	naːhaɴ	naɡakaɨ	naɡaː	naŋai	naŋai	naŋae	naɡakai	naɡakal	naːsaːɴ	naŋai	naŋɛ	naɡai	naɡe	naŋeː	naɴka	naŋai	naɴɡai	naɡai	naŋɛː	naɡe	naŋeː	naɡaka	naɴɡaː	naɡasaɴ	naːɡɛː	naŋɛː	naɡaʃeɴ	naɡaʃi	naɴka	naɡeː	naŋai	naɡae	naŋeː		naɡaʃaːl	naŋai	naɡai	naɡai	naŋai	naŋai	naɴɡai	naɴŋɛ	naŋɛː	naŋai	nasaɴ	naɡeː	naŋai
LONG_2																																													naːɴ													
LOUSE_1	ʃirami	ʃirami	surame	ʃirami	ʃirami	ʃirami	ʃirami	ʃirami	ʃirami	ʃirami	ʃaɴme	saːɴ	ʔsam	ʃirame	ʃirami	ʃirame	ʃirami	ʔsam	ʔsam	ʔsaɴ	ʃirami	surame	ʃirami	ʃirame	ʃirami	ʃirame	ʃirame	ʃirami	ʃirami	surame	ʃirame	ʃirami	ʃirami	ʃirame	sɨraɴ	ʃirami	ʃirami	ʃiraɴ	ʃirami	ʃirami	ʃirami	ʃirame	ʃirami	ʃirami	ʔsaɴ	ʔsam	ʃirami	ʃirame	ʃirami	ʃirami	ʃirami	ʃirame	ʃirami	ʃirami	ʃirami	ʦaɴ	ʃirame	ʃirame
MALE PERSON_1	otoko	odoko	odoko	otoː	otoko	otoko	otoko	odoɡo	otoko	otoko	onokoɡo			otoko	otoko	otoko	otoko				otoko	odoɡo	otoko	otoko	otoko	otoko	otoko	otoko	otoko	odoɡo	otoko	otoko	otoko	otoko		otoko	otoko			otoko	otoko	otoko	otoko	otoko			otoko	otoko	otoko	otoko	otoko	otoko	odoɡo	otoko	otoko		otoko	otoko
MALE PERSON_2												bidumu	bikidum					bikidul	bikidum	biɡiduɴ																									bikidumu	bikidum												
MALE PERSON_3																																			iɴɡa			ikiːɡa																		biɴɡa		
MALE PERSON_4																																							wo																			
MOON_1	ʦuki	ʧiki	ʦuki	oʦukisama	ʦuki	ʦuki	ʦuki	ʦuki	ʦuki	ʦuki	ʦuki	sɨkəɴ	ʦɨkiɨ	oʔʦukisaɴ	ʦuki	oʦukisaɴ	oʦukisama	ʦɨʔʧu	ʦɨʔʧu	ʦɨksɨ	oʦukisaɴ	ʦuɡi	oʦukisaɴ	oʦuʔsama	oʦukisaɴ	ʦuki	oʦukisaɴ	tuki	oʦukisaɴ	ʦuɡi		oʦukisaɴ	ʦuki	ʦuki	ʦɨki	ʦuki	oʦukisama		tukɨ	ʦuki	oʦukisama	oʦukisaɴ	ʧiki	ʦuki	ʃiki	ʦɨksɨ	oʦukisaɴ	ʦuki	ʦuki	ʦuki	ʦuki	oʦukisaɴ	ʧiɡi	ʦuki	ʦuki		otukisaɴ	oʔʦukisaɴ
MOON_2																																																								ubuta		
MOON_3																															ɡwaʔteɴsama																											
MOON_4																																						tiʔʧoː																				
MOUTH_1	kuʧi	kuʤi	kuʣu	kuʧi	kuʧi	kuʧi	kuʧi	kuʤi	kuʧi	kuʧi	kuʧi	βuʦɨ	kuʦɨ	kuʧi	kuʧi	kuʧi	kuʧi	kuʦɨ	kuʦɨ	βuʧi	kuʧi	kuʣu	kuʧi	kuʔ	kuʧi	kuʧi	kuʧi	kuʧi	kuʧi	kuʦu	kuʧi	kuʧi	kuʧi	kuʧi	kuʧi	kuʧi	kuʧi	kuʧi	kuti	kuʧi	kuʧi	kuʧi	kuʧi	kuʧi	βuʧi	kuʦɨ	kuʧi	kuʧi	kuʧi	kuʧi	kuʧi	kuʧi	kuʧi	kuʧi	kuʧi		kuʧi	kuʧi
MOUTH_2																																																								tʔi		
NAME_1												naɴ	naː					naː	naː	naː						na			naː		na				naː			naː	na	na					naː	naː				naː		naː				na	na	
NAME_2	namɛː	namae	namɛː	namɛː	namae	namae	namae	namae	namae	namae	nameː			namae	namae	namae	namae				namae	namɛ	namae	namae	nameː		namae	namae		namɛː		namae	namaje	namae		namae	nameː				nameː	namae	namae	namae			name	namae	namae		namae		namɛ	namɛː	namae			namae
NECK_1													nubui					nudu	nubui	nubi																									nubi											nubi		
NECK_2	kubi	kuɴbi	kuɴpita	kubi	kubi	kubi	kubi	kubi	kubi	kubi	kubi			kubi	kubi	kubi	kubi				kubi	kubi	kubi	kuʔ	kubi	kubi	kubi	kubi	kubi	kuɴpita	kubi	kubi	kubi	kubi	kʔubi	kubi	kubi	kubi	kubi	kubi	kubi	kubi	kubi	kubi			kubi	kubi	kubi	kubi	kubi	kubi	kuɴbi	kubi	kubi		kubi	kubi
NECK_3																																														βuʤɨbuni												
NECK_4												mansɨɴ																																														
NEW_1	ataraʃiː	ataraʃi	atarasu	ataraʃiː	ataraʃiː	ataraʃiː	ataraʃika	adaraʃiː	ataraʃiː	ataraʃiː	adaraʃikja				ataraʃiː		adaraʃie				ataraʃiː	adarasu	ataraʃiː		ataraʃiː	ataraʃika			ataraʃiː	atarasuː		ataraʃiː	ataraʃika			ataraʃi	ataraʃiː		ataraʃi	ataraʃika	ataraʃiː			ataraʃiː			ataraʃiː		ataraʃiː	aʔtaraʃiː	ataraʃiː		aʔdaraʃie	ataraʃiː	ataraʃiː	atarasaɴ	ataraʃiː	
NEW_2																sara											sara	sara						saraː								sara	sarana					sara				sara						sara
NEW_3														ɲiːna																	ɲiɴtona																											
NEW_4												meːsahaɴ	miɨkaɨ					miːkai	mɨːkal	miːʃaɴ															miːʃaɴ			miːʃeɴ							miːsaɴ	mɨːʃaːl												
NEW_5																								ɲike																																		
NIGHT_1			baɴŋe								baɴ					baɴ																baɴ					baɴ				baɴɡe	baɴ						baɴ				baɴ		baɴ				baɴ
NIGHT_2	joru			joru	joru			joru		joru		juru	juɨ	joru	joru		joru	jui		juːrɨ	joru		joru	joi	joru		joru	joru	joru		joru		joru	joru	juru	joru		juruː	jo	joru			joː		juːru		joru				joru					duru	joru	
NIGHT_3		joma				joːsa	josari		josari										junai			joma				josari				joma														josari					joːsari	juːsa			joɴma		joːsare			
NIGHT_4																																														junaɡatu												
NO OR NOT_1	nɛː	nɛ	nɛ	nɛː	nai	neː	naka	nai	nɛː	nai	naʔkja	nu	ɲaːɴ	naː	nai		nae	ɲaːɴ	ɲaːɴ	nu	nai	nɛ	nai	ne	neː	naka	nai	nai	nai	nɛ	ne	neː	naka	naː	nəɴ	nɛː	nɛː	neːɴ	nu	naka	neː	nai	ne	ne	naːnu	neːɴ	neː	nai	nai	nai	nai	nai	nɛ	nɛː	nai	nuɴ	neː	nai
NO OR NOT_2																araheɴ																																										
NOSE_1	hana	hana	hana	hana	hana	hana	hana	hana	hana	hana	hana	pana	pana	hana	hana	hana	hana	hana	pana	pana	hana	hana	hana	hana	hana	hana	hana	hana	hana	hana	hana	hana	hana	hana	hana	hana	hana	βana	hana	hana	hana	hana	hana	hana	pana	pana	hana	hana	hana	hana	hana	hana	hana	hana	hana		hana	hana
NOSE_2																																																								hanaburu		
ONE_1											teʦu																								tʔɨːʦɨ			tiːʧi							piːʧi											tuʧi		
ONE_2	çitoʦu	ʃitoʔʧi	sutoʔʦu	çitoʦu	çitoʦu	çitoʦu	çitoʦu	çitoʦu	çitoʦu	çitoʦu		psɨʦɨʦɨ	psɨtiːʦɨ	çitoʦu	çitoʦu	çitoʦu	çitoʦu	psɨtiːʦɨ	psɨtiːʦɨ	psɨtiːʣɨ	çitoʦu	çitoʔʦu	çitoʦu	çitoʔ	ʃitoʦu	çitoʦu	ʃitoʦu	çitotu	çitoʦu	çitoʦu	ʃitoʦu	ʃitoʦu	çitoʦu	çitoʦu		çioʦu	çitoʦu		çitø	çitoʦu	ʃitoʦu	çitoʦu	βutoʧi	çitoʦu		psɨtiːʦɨ	çitoʦu	çitoʦu	çitoʦu	çitoʦu	çitoʦu	çitoʦu	çitoʧi	çitoʦu	çitoʦu		çitotu	ʃitoʦu
PATH OR ROAD_1	miʧi	miʤi		miʧi	miʧi	miʧi	miʧi	miʧi	miʧi	miʧi	miʧi	mɨʦɨ	mʦɨ	miʧi	miʧi	miʧi	miʧi	ɴʦɨ	mʦɨ	mɨʦɨ	miʧi	miʣu	miʧi	miʔ	miʧi	miʧi	miʧi	miʧi	miʧi		miʧi	miʧi	miʧi	miʧi	mɨʦɨ	miʧi	miʧi	miʧi	miti	miʧi	miʧi	miʧi	meʧi	miʧi	miʧi	mʦɨ	miʤi	miʧi	miʧi	miʧi	miʧi	miʧi	miʤi	miʧi	miʧi	amiti	miʧi	miʧi
PATH OR ROAD_2			kɛɴdo																																																							
PATH OR ROAD_3																														doːro																												
PERSON_1																																			ʧʔu			ʧuː																		tʔu		
PERSON_2	çito	βuto	suto	çito	çito	çito	çito	ʃito	çito	ʃito	ʃito	psɨtu	psɨtu	çito	çito	çito	çito	sɨtu	psɨtu	psɨtu	çito	çito	çito	çito	çito	çito	ʃito	çito	çito	çito		ʃito	çito	çito		ʃito	çito		çitø	çito	ʃito	çito	βuto	çito	pusu	psɨtu	çito	çito	çito	ʃito	çito	çito	çito	çito	çito		çito	çito
RAIN (PRECIPITATION)_1	ame	ame	ame	ame	ame	ame	ame	ame	ame	ame	ame	ami	ami	ame	ame	ame	ame	ami	ami	aːmi	ame	ame	ame	ame	ame	ame	ame	ame	ame	ame	ame	ame	ame	ame	ʔamɨ	ame	ame	ʔamiː	amə	ameame	ame	ame	ame	ame	ami	ami	ame	ame	ame	ame	ame	ame	ame	ame	ame	ami	ame	ame
RED_1	akɛː	aɡɛ	aɡɛ	akɛː	akai	akeː	akaka	aɡɛ	akɛː	akai	akakja	aɡahaɴ	akakaɨ	akaː	akai	akai	akae	akakai	akakam	akasaːɴ	akai	aɡɛ	akai	ake	akɛ	aʔka	akai	akai	akai	aɡɛː	ake	akeː	akaka	akaː		akɛː	akɛː	akaʃeɴ	akaʃi	aʔka	akeː	akai	akae	akai	aɡaːɴ	akaʃaːl	aɡai	akai	akai	akai	akai	akai	aɡɛ	akɛː	akai	aɡaɴtai	akeː	akai
RED_2																																			haːʃaɴ																							
ROOT_1	ne	ne	ne		ne	neː	ne		ne			niɴ	niː	ne	ne	neː		niː	niː	niː	neː		ne	ne		ne	neː	neː	neː		ɲe	ne	ne	ne		ne	ne	niː	ne	ne		neː	ne		niː		ne	neː	ne	neː	ne	neː		ne	ne	ni	ne	neː
ROOT_2				neboʔka				neʔko		neʔko	neʔko						neʔko					neʔko			neʔko					neʔko					nɨɡuri						neʔko			neʔko		nivul							neʔko					
SALT_1	ʃio	ʃo	suo	ʃio	ʃio	ʃio	ʃiwo	ʃio	ʃio	ʃio	ʃio			ʃijo	ʃio	ʃio	ʃio				ʃoː	suo	ʃio	ʃio	ʃiwo	ʃio	oʃio	ʃio	ʃio	suo	ʃio	ʃoː	ʃio	ʃio		ʃoː	ʃio		ʃihø	ʃio	ʃoː	ʃiwo	so	ʃio			ʃio	ʃio	ʃio	ʔʃo	ʃio	ʃio	ʃo	oʃijo	ʃio		ʃijo	ʃio
SALT_2												maːsu	maːsu					maːsu	maːsu	maːsu															maʃu			masu							maːsu	maːʃu										maʃi		
SAND_1													mnaɡu					mnaɡu	mnaɡu												masaɡo								isaɡo							mnaɡu												
SAND_2	suna	ʃina	suna	suna	suna	suna	suna	suna	suna	suna	suna			suna	suna	suna	suna				suna	suna	suna	ʣuna	suna	suna	suna	suna	suna	suna		suna	suna	suna	sɨna	suna	suna	ʃina		ʣuna	suna	suna	ʃina	suna			suna	suna	suna	suna	suna	suna	ʃina	suna	suna	ʧinaɴ	suna	suna
SAND_3												iʃoɴ								inoː																									inoɴ													
SAY_1																														ʃaɴberu																							ʃaberu					
SAY_2			heru																													seu																										
SAY_3	juː	ju		juː	juː	juː	juː	ju	juː	ɲuː	juː			juː	juː	juː	juː				juː	juː	juː	ju	juː	juː	juː	juː	juː		juː		juː	juː	ʔjuɴ	juː	juː	ʔjuɴ		juː	juː	juː	iː	juː		ɨː	ɲuː	juː	juː	juː	juː	juː		juː	juː	ɴduɴ	juː	juː
SAY_4													aɨ					ai	aɨ																																							
SAY_5												enuɴ								aɴkuɴ																			iβu						aʣuɴ													
SEE_1																																			njuɴ																					ɴnuɴ		
SEE_2	miru	miru	miru	miru	miru	miru	miru	miru	miru	miru	miru	miruɴ	miːɨ	miru	miru	miru	miru	miː	miːl	miruɴ	miru	miru	miru	miʔ	miru	miru	miru	miru	miru	miru	miru	miru	miʔ	miru		miru	miː	miːɴ	miru	miː	miru	miru	miru	miru	miruɴ	miːl	miru	miru	miru	miru	miru	miru	miru	miru	miru		miru	miru
SIT_1													bzɨː					biː	bzɨː																											bzɨːl												
SIT_2												bzɨruɴ								biruɴ															irjuɴ				wiru						biruɴ													
SIT_3																																						iɴ																				
SIT_4	suwaru	nemaru	nemaru	suwaru	suwaru	nimaru	idoru	suwaru	suwaru	suwaru	suwaru			suwaru	suwaru	suwaru	suwaru				nemaru	nemaru	suwaru	suwaʔ	suwaru	suwaru	suwaru	iʣaru	suwaru	nemaru	suwaru	suwaru	suwaʔ	suwaru		nemaru	suwaru			suwaː	suwaru	suwaru		suwaru			suwaru	suwaru	suwaru	nemaru	suwaru		nemaru	suwaru	suwaru	ɴturuɴ	suwaru	suwaru
SIT_5																																																				betaʣuwari						
SIT_6																																											ʃiwaːʧaɴkoʃiru															
SKIN_1	kawa	kawa	kawa	kawa	kawa	kawa	kawa	kawa	kawa	kawa	kawa	kaː	kaː	kawa	kawa	kawa	kawa	kaː	kaː	kaː	kawa	kawa	kawa	kaː	kawa	kawa	kawa	kaː	kawa	kawa	kawa	kawa	kawa	kawa	koː	kawa	kawa	haː	kaha	kawa	kawa	kawa	kawa	kawa	kaː	kaː	kawa	kawa	kawa	kawa	kawa	kawa	kawa	kawa	kawa	ka	kawa	kawa
SLEEP_1	nemuru	neru	neru	neburu	neru	neburu	nemuru	nemuru	nemuru	neburu	nemuru		nivu̥	neburu	nemuru	neru	neru		nivu̥	nibuɴ	neru	neru	neru	nemuʔ	nemuru	neburu	neru	nemuru	neru	nemuru	ɲemuru	neru	nemuʔ	neru	nɨburjuɴ	nemuru	neru	niɴbuɴ	inu	nuʔ	neburu	neru	neː	neburu	nibuɴ	ninil	nemuru	nemuru	neru	neburu	nemuru	neru	neburu	neru	nemuru	niɴduɴ	neru	neru
SLEEP_2																		ɲuː																																								
SLEEP_3												nuʔβuɴ																																														
SMALL_1	ʧiːsɛ	ʧiʔʧɛ	ʦuʔʧea	ʧiːsɛː		ʧai		ʧiʔʧɛ		ʧiʔʧai					ʧiːsai						ʧiʔʧai				ʧiʔʧeː		ʧiʔʧai		ʧiʔsai			ʧiːseː	ʧiːsaka	ʧisaː		ʧiʔʧe			tiçisaʃi		ʧiʔʧeː	ʧiʔsai					ʧiːsai				ʧiːsai	ʧiʔsai	ʧiʔʧa		ʧiːsai			ʧiʔʧai
SMALL_2									ʧiːkøː								ʧiʔkoe					pɛʔko								ʦaʔkoe																				ʧiɴkoi								
SMALL_3											neʔkokja																																															
SMALL_4													imikaɨ					imikai	imikal																											imiʃsaːl												
SMALL_5																																						βuːʃeɴ					hoʃe															
SMALL_6					komai		komaka							komaː		komai				ɡumasaːɴ			koɴmai	kome		komaɴka		koɴmai			koɴme						komɛː			komaka				kosui	ɡumaːɴ			komai	komai					komɛː		ɡumatati	koɴmeː	
SMALL_7												ʔiʃsaɡahan																																														
SMALL_8																																			ʦɨbimuɴ																							
SMOKE (EXHAUST)_1	keburi	kemuri	kemu	kebu	kemuri	keburi	kemuri	kemuri	keburi	kemuri	kemu	kipusɨː	kivu̥sɨ	keburi	kemuri	keburi	kemuri	kjuːsɨ	kivu̥sɨ	kifuː	kemuri	kemuri	kemuri	kemui	kebu	keburi	kemuri	kemuri	keburi	kemuri	kemuri	kebu	kemuri	kemuri	ksɨbuʃi	kemu	kemuri	kibui	keburi	kebui	kebu	kemuri	kemoː	kebu	kiboːʃi	kiβusɨ	kemuri	kemuri	kemuri	keburi	kemuri	keburi	kemuri	kemuri	kemuri	kibuɴʧi	kemuri	keburi
SNAKE_1		βeɴbi	heɴbi	hebi	hebi	heːbu		hebi	heɴbi	hebi	hebime				hebi		hebi				hebi	çeɴbi	hebi	heʔ	hebi	hebi	hebi	hebi		hebi	hebi	hebi		hebi		hebi			həmi		hebi	heːbi		heːbi			hebi			heːbi	hebi		βeɴbi	hebi	hebi		hebi	hebi
SNAKE_2												paku	pau					hau	pavu̥	habu															habu			βabu							pabu	poː												
SNAKE_3	kuʧinawa						kuʧinawa							kuʧinawa		kuʦuna													kuʧinawa				kuʧinawa				kuʧinawa			kuʧinawa			kuʧinawa					ɡuʧinawa	kuʧinawa			kuʧinaː						
SNAKE_4																																																								tuɡara		
STAND_1	taʦu	taʤi	taʣu	taʦu	taʦu	taʦu	taʦu	taʧi	taʦu	taʦu	taʦu	taʦɨɴ	taʦɨ	taʦu	taʦu	taʦu	taʦu	taʦɨ	taβu	taʦuɴ	taʦu	taʣu	tateru	taʔ	taʦu	taʦu	taʦu	tateru	taʦu	taʣu	taʦu	taʦu	taʦu	taʦu	taʧuɴ	taʦu	tateru	taʔtuɴ	tatu	taʦu	taʦu	taʦu	taʧi	taʦu	tatuɴ	taʦɨ	taʣu	taʦu	taʦu	taʦu	taʦu	taʦu	taʤi	taʦu	taʦu	tatʔuɴ	tatu	taʦu
STAR_1	hoʃi	hoʃi	hosu	hoʃi	hoʃi		hoʃi	hoʃi		hoʃi	hoʃi	puʦɨ	pusɨ	hoʃi	hoʃi			βusɨ	pusɨ	pusɨ	hoʃi			hoʃi̥		hoʃi	hoʃi	hoʃi	hoʃi				hoʃi	hoʃi	βusɨ	hoʃi	hoʃi	βuʃiː	høʃi	hoʃi	hoʃi		hoʃi	hoʃi	puʃi	pusɨ	hoʃi	hoʃi	hoʃi		hoʃi		hoʃi	hoʃi	hoʃi	βuʧi	hoʃi	
STAR_2						ohoʃisaɴ			ohoʔsama							hoʔsaɴ	ohoʔsama					ohosusama	ohoʔsaɴ		hoːʃisaɴ					ohosusama	hoʔsama	ohoʃisaɴ										hoʔsaɴ								hoʔsaɴ		hoʔsaɴ						hoʔsaɴ
STONE_1	iʃina	eʃi	esu	iʃi	iʃi	iʃi	iʃi	iʃi	iʃina	iʃi	iʃi	ʔiʃi	isɨ	iʃi	iʃi	iʃi	eʃi	isɨ	isɨ	ʔiʃi	iʃi	esu	iʃi	iʃ	iʃi	iʃi	iʃi	iʃi	iʃi	esu	iʃi	eʃi	iʃi	iʃi	isɨ	eʃi	iʃi	iʃi	iʃi	iʃi	iʃi	iʃi	eʃi	iʃi	iʃi	iʃi	iʃi	iʃi	iʃi	iʃi	iʃi	iʃi	eʃi	iʃi	iʃi	iʧi	iʃi	iʃi
SWIM_1								miʣuabiʃiru									miʣuabisuru															miʣoabiru															miʣuabisuru						miʤiaburu					
SWIM_2																																												miʣuabe														
SWIM_3																		uːʣɨ	uːʣɨ																																							
SWIM_4	abiru								abiru												aberu															abiru														abiru								
SWIM_5												ʔuɴ																																	uːɴ													
SWIM_6		ojoŋu	ojoɡu	ojuɡu	ojoɡu	ojoŋu	ojoɡu			ojoɡu	ojoɡu		ujuɡzɨ	ojoɡu	ojoɡu	ojoŋu				ʔumuɴ		ojoɡu	ojoɡu	ojoʔ	ojoɡu	ojeɡu	ojoŋu	ojoɴɡu	ojoɡu	ojoɡu	oeɡu		ojoɡu	ojoɴɡu	ʔuɡjuɴ		ojoɡu	ʔuiɡuɴ	øjøɡu	ojoɡu	ojoɡu	ojoŋu	ojoɡu					ojoɡu	ojoɡu		ojoɡu	ojoɴɡu		ojoɡu	ojoŋu	ʔuɡuɴ	ojoɡu	ojoŋu
SWIM_7																																														uiɡzɨ												
TAIL_1													ʣuː		o	oː		ʤuː	ʣuː	ʣuː	oː		oː				oː						o	o				ʤuː	wo	o		oː			ʣuː	ʤuː	o	oː				oː					o	oː
TAIL_2																																			ʤuːbu																							
TAIL_3	oʔpo		oʔpa	oʔpo					oɴbo		oʔpo											oʔpa			oʔpo							oʔpo																					oʔpa					
TAIL_4					obaʧi									oɴbaʧi														obaʔta																														
TAIL_5		ʃiʔpo				ʃiriʔpo	ʃiʔpo	ʃiʔpo		ʃiʔpo							ʃiriʔpo							ʃiːbo		ʃiribo				suʔpo	ʃiriʔpo					ʃiʔpo	ʃiʔpo				çiʔpo		ʃiːbo	ʃiʔpo					ʃiʔpo	ʃiriʔpo	ʃiʔpo			ʃiʔpo	ʃiʔpo			
TAIL_6												busupu																																														
TAIL_7																																																								duɴpani		
THAT_1																														aeʣu																											aitu	
THAT_2	are	are	ae	are	are	are	are	are	are	are			kai	are	are	ae	are	kai	kari		are	are	are	ai	are	aru	are	are	are		are	are	ai	are	arɨ	are		ari	kare	ai	are	are		are	kari	kal	are	are	are	aru	are	are	are	are	are			are
THAT_3																																					eː						aː															
THAT_4											ui																																															
THIS_1	køːʦu								køːʦu																					koeʣu																											koitu	
THIS_2		kore	koe	kore	kore	kore	kore	kore		kore	koi		kui	kore	kore	koe	kore	kui	kuri		kore	kore	kore	koi	kore	koru	kore	kore	kore		kore	kore	koi	kore	kurɨ	kore	kore	βuri	køre	koi	kore	kore	keː	kore	kuri	kul	kore	kore	kore	koru	kore	kore	kore	kore	kore			kore
TONGUE_1	ʃita	ʃita	suta	ʃita		heta	ʃita				ʃita	sɨta	sɨda			ʃita		tʔa	sɨta	sɨta	heta	suda	ʃita	ʃita	ʃita	ʃita	ʃita	ʃita	ʃita			hera			sɨba	ʃiʔta		ʃiʧaː	ʃita	ʃita		ʃita	ʃita		ʃita	sɨta			ʃita		ʃita	çita	ʃita	ʃita	ʃita	tʔa	ʃita	ʃita
TONGUE_2					bero			bero	bero	bero				bero	bero		bero													bero	bero		bero	ʃitabero			bero				bero			bero			bero	bero		bero								
TOOTH_1	ha	ha	ha	ha	haː	haː	ha	ha	ha	ha			paː	ha	ha	haː	ha	haː	paː	haː	haː	ha	haː	ha	ha	ha	haː	ha	haː	ha	ha	ha	ha	ha	ha	ha	ha	βaː	ha	ha	ha	haː	ha	ha	paː	paː	ha	haː	ha	haː	ha	haː	ha	ha	ha	ha	ha	haː
TOOTH_2											nukaba																																															
TOOTH_3												βuʦɨnupaɴ																																														
TWO_1	βutaʦu	βutaʔʧi	βutaʔʦu	βutaʔʦu	βutaːʦu	βutaʦu	βutaʦu	βutaʦu	βutaʦu	βutaʔʦu	βutaʦu	βutaːʦɨ	βutaːʦɨ	βutaʦu	βutaʦu	βutaʦu	βutaʦu	βutaːʦɨ	βutaːʦɨ	βutaːʣɨ	βutaʦu	βutaʔʦu	βutaʦu	βutaʔ	βutaːʦu	βutaʦu	βutaʦu	βutaːtu	βutaʦu	βutaʦu	βutaʦu	βutaʦu	βutaʦu	βutaʦu	tʔaːʦɨ	βutaʔʦu	βutaʦu	taːʧi	βuta	βutaʦu	βutaʦu	βutaʦu	βutaʧi	βutaʦu	βutaːʧi	βutaːʦɨ	βutaʔʦu	βutaːʦu	βutaʦu	βutaʦu	βutaʦu	βutaʦu	βutaʔʧi	βutaːʦu	βutaʔʦu	taʧi	βutaʦu	βutaʦuː
WALK_1											eːmu							aiʦɨ														eːbu				aebu								eːku														
WALK_2	aruku	ariɡu	ariɡu	aruɡu	aruku	aruku	ajumu	aruku	aruku	aruɡu		aruɡuɴ	aɨksɨ	aruku	aruku	aruku	aruku		aruβu	araɡuɴ	aruku	aruɡu	aruku	ajuɴ	aruku	ajubu	aruku	aruku	aruku	aruɡu	ajumu		aruku	aruku	ʔaʔkjuɴ		aruku	ʔaʔkuɴ	ajume	ajubu	aruku	aruku	ariku		arakuɴ	alksɨ	aruku	aruku	aruku	araku	aruɡu	aruku	ariɡu	aruku	aruku	aiɡuɴ	ajumu	aruku
WARM_1			aʔtaɡɛ					aʔtaɡe		aʔtakeː					aʔtakai		aʔtaɡɛː					aʔtaɡɛ			aʔtakeː		aʔtakai			aʔtaɡɛː		aʔtakeː	atataka			aʔtakɛ			atatakeʃi		aʔtakeː			aʔtakɛː			aʔtaɡai				atatakai		aʔtako		aʔtakai			
WARM_2				aʔʦuː																																																						
WARM_3	nukuʧeː	nuɡue			nukui	ɲikutɛ	nuʔka		nukutø		nukuokja		nufukaɨ	nukui		nukui		nufukai	nufukam	nuβusaɴ	nukui		nukui	nuki		nuʔka		nukui	nukutai		nukuiː			nukui	nukuʃaɴ		nukiː	nukuʃeɴ		nuʔka		nukui	nokui		nuʔsaɴ	nufuʃaːl		nukui	nukui	nukui		nukui		nukui		nukusaɴ	nukui	nukui
WARM_4												noːsahaɴ																																														
WATER_1	miʣu	miɴʤi	miɴʣu	miʣu	miʣu	miʣu	miʣu	miʣu	miʣu	miʣu	miʣu	miʣɨ	miʣɨ	miʣu	miʣu	miʣu	miʣu	miʣɨ	miʣɨ	miʣɨ	miʣu	miɴʣu	miʣu	miʔ	miʣu	miʣu	miʣu	miɴdu	miʣu	miɴʣu	miʣu	miʣu	miʣu	miʣu	mɨʣɨ	miʣu	miʣu	miʤi	midu	miʣu	miʣu	miʣu	meʤi	miʣu	miʤi	miʣɨ	miʣu	miʣu	miʣu	miʣu	miʣu	miʣu	miɴʤi	miʣu	miʣu	miɴ	miʣu	miʣu
WE_1				wataʃidomo											wataʃidomo											wataʃidoɴ						waʃidomo	wataʃidomo							wataʃidomo			wataʃidomo												wataʃidomo			
WE_2	waʃiraː				wataʃira		ataʃidaʧi		waʃira	wataʃitaʧi	waira			waʃira		wataʃira					watera		otaʃira	ataitaʔ			wataʃira	wataʃiraː	wataʃira	wadasudaʦu	waʃitaʧi			waʃira			wataʃiraː				waʃira	wataʃira		waʃira			wataʃira	wataʃira	waʃiraː	waʃitaʧi	wataʃitaʧi	wataʃira	wadaʃida	wataʃitaʧi			waʃidoː	watera
WE_3						urara																																	ware																			
WE_4			waɴdo										baɴta					baɴti	baɴti																			waʔtaː							baɴtaː	aɴta												
WE_5																																			wakja																							
WE_6		oreadaʤi						oredaʧi									oretaʧi					oredaʣu			oretaʧi																																	
WE_7																																				ʤibuɴtaʧi																						
WHAT_1												nuːjabaɴ																																														
WHAT_2																																							nani																			
WHAT_3													ɴʤi																						dɨɴ																							
WHAT_4																				noː																																				nuɴ		
WHAT_5	dono	dono	dono	dono	dono	dono	dono	dono	dono	dono	dono			dono	dono	dono	dono	inu	iʤinu		dono	dono	dono	doɴ	dono	doɴ	dono	ɴdono	dono	dono	doɴ	dono	doɴ	dono		dono	deːno	nuːnu		dono	dono	dono	dono	dono	nuːnu	ɴdənu	dono	dono	dono	doɴ	dono	dono	dono	dono	dono		doɴ	dono
WHITE_1	ʃirøː	ʃire	sure	ʃireː	ʃiroi	ʃiroi	ʃiroka	maʔʃiro	ʃirøː	ʃiroi	ʃirokja			ʃiroi	ʃiroi	ʃiroi	ʃiroe				ʃiroi	sure	ʃiroi	ʃire	ʃireː	ʃiroka	ʃiroi	ʃiroi	ʃiroi		maʔʃiri		ʃiroka	ʃiroi	sɨruʃaɴ	ʃireː	ʃireː	ʃiruʃeɴ	ʃiroʃi	ʃiroka	ʃire	ʃirøe	ʃiroe	ʃiroi			ʃiroi	ʃiroi	ʃiroi	ʃiroi	ʃiroi	ʃiroi	ʃiroe	ʃirøː	ʃiroi		ʃiriː	ʃiroi
WHITE_2																														ʔʃoe																												
WHITE_3													ʔsukaɨ					ʔsukai	ʔsukam																											ʔsuʃaːl										ʦudari		
WHITE_4																																													ʔsoːɴ													
WHITE_5																				sɨsɨsaːɴ																																						
WHITE_6												ʔsoːʃahaɴ																																														
WHITE_7																																ʃireːnamaʔʧireː																										
WHO_1							dai				dai																												ta																			
WHO_2																																						tanʧuː							taʔtaː													
WHO_3		donoβutp	donoβuto	doɴçito	donoʃito	donoçito		donoʃito		donoʃito			ɴʤipsɨtu		donoçito	donoʃito	donoçito	inusɨtu	talnupsɨtu		donoçito	donoçito			donoçito	donoçito	donoçito	ɴdonoçito	donoçito	donoçito	doɴʃito	donoʃito	donoçito	donoçito		donoʃito				donoçito	donoʃito	donoçito	donofuto	donoçito		ɴdinupsɨtu		donoçito	donomoɴ	donoçito	donoçito	donoçito		donoçito	donoçito			donoçito
WHO_4	døːʦu								døːʦu														doiʦu												duɴʦʔu		deːʦu																doeʤi				doitu	
WHO_5														dore										doɴʃi																																		
WIND_1	kaʣe	kaɴje	kaɴʣe	kade	kaʣe	kaje	kaje	kaʣe	kaʣe	kaʣe	kaʣe	kaʤi	kaʤi	kade	kaʣe	kaʣe	kaʣe	kadi	kaʤi	kaʤi	kaʣe	kaɴʣe	kaʣe	kaʣe	kaʣe	kaje	kaʣe	kaʣe	kaʣe	kaɴje	kaje	kaʣe	kaje	kaʣe	kaʤə	kaʣe	kaʣe	haʤi	kaʣe	kaje	kaʣe	kaʣe	kaʣe	kaʣe	kaʤi	kadi	kaʣe	kaʣe	kaʣe	kaʣe	kaʣe	kaʣe	kaɴʣe	kaje	kaʣe	kadi	kaje	kaʣe
YEAR_1	toʃi	toʃi	tosu	toʃi	toʃi	toʃi	toʃi	toʃi	toʃi	toʃi	toʃi	tusɨ	tusɨ	toʃi	toʃi	toʃi	toʃi	tusɨ	tusɨ	tusɨ	toʃi	tosu	toʃi	toʃi̥	toʃi	toʃi	toʃi	toʃi	toʃi	tosu	toʃi	toʃi	toʃi	toʃi	tuʃi	toʃi	toʃi	tuʃiː	tøʃi	toʃi	toʃi	toʃi	toʃi	toʃi	tuʃi	tusɨ	toʃi	toʃi	toʃi	toʃi	toʃi	toʃi	toʃi	toʃi	toʃi	tuʧi	toʃi	toʃi
YELLOW_1												ksɨɴksɨʃahaɴ								ksɨɴksɨɴ																																						
YELLOW_2							kina																			kina														kiɴnaka																	kina	
YELLOW_3																								kinairo											kʔiʔiro																							
YELLOW_4	kiː	kiːro	kiːro	kiːro	kiːro	ukoɴ		kjuːro	kiːro	kiːro	kiːro		ksɨːru	kiː	kiːro	kiː	kiːro	ʦɨːru	kiːru		kiːro	ukoɴero	kiː		kiːro		kiːro	kiː	kiːro	kiːro	kiːro	kiːro	kiːro	kiːro		kiero	kiːro	kiːru	ki		kiːro	kiːro	kiːro	kiːro	kiːru	kiːru	kiːro	kiːro	kiːro	okoɴiro	kiːro	kiːro	ukoɴ	kiː	kiːro	kirui		kiː
