Concept	BaseConcept	N_Languages	N_Families	Families
EAR	EAR	228	9	Arabic; Balto-Slavic; Dravidian; Hokan; Italic; Polynesian; Sinitic; Turkic; Uralic
EYE	EYE	228	9	Arabic; Balto-Slavic; Dravidian; Hokan; Italic; Polynesian; Sinitic; Turkic; Uralic
I	I	228	9	Arabic; Balto-Slavic; Dravidian; Hokan; Italic; Polynesian; Sinitic; Turkic; Uralic
ONE	ONE	228	9	Arabic; Balto-Slavic; Dravidian; Hokan; Italic; Polynesian; Sinitic; Turkic; Uralic
THOU	THOU	228	9	Arabic; Balto-Slavic; Dravidian; Hokan; Italic; Polynesian; Sinitic; Turkic; Uralic
TWO	TWO	228	9	Arabic; Balto-Slavic; Dravidian; Hokan; Italic; Polynesian; Sinitic; Turkic; Uralic
WATER	WATER	228	9	Arabic; Balto-Slavic; Dravidian; Hokan; Italic; Polynesian; Sinitic; Turkic; Uralic
BLOOD	BLOOD	227	9	Arabic; Balto-Slavic; Dravidian; Hokan; Italic; Polynesian; Sinitic; Turkic; Uralic
EAT	EAT	227	9	Arabic; Balto-Slavic; Dravidian; Hokan; Italic; Polynesian; Sinitic; Turkic; Uralic
MOUTH	MOUTH	227	9	Arabic; Balto-Slavic; Dravidian; Hokan; Italic; Polynesian; Sinitic; Turkic; Uralic
TONGUE	TONGUE	227	9	Arabic; Balto-Slavic; Dravidian; Hokan; Italic; Polynesian; Sinitic; Turkic; Uralic
WHAT	WHAT	227	9	Arabic; Balto-Slavic; Dravidian; Hokan; Italic; Polynesian; Sinitic; Turkic; Uralic
BELLY	BELLY	226	9	Arabic; Balto-Slavic; Dravidian; Hokan; Italic; Polynesian; Sinitic; Turkic; Uralic
DOG	DOG	226	9	Arabic; Balto-Slavic; Dravidian; Hokan; Italic; Polynesian; Sinitic; Turkic; Uralic
HEAR	HEAR	226	9	Arabic; Balto-Slavic; Dravidian; Hokan; Italic; Polynesian; Sinitic; Turkic; Uralic
SLEEP	SLEEP	226	9	Arabic; Balto-Slavic; Dravidian; Hokan; Italic; Polynesian; Sinitic; Turkic; Uralic
BLACK	BLACK	225	9	Arabic; Balto-Slavic; Dravidian; Hokan; Italic; Polynesian; Sinitic; Turkic; Uralic
COME	COME	225	9	Arabic; Balto-Slavic; Dravidian; Hokan; Italic; Polynesian; Sinitic; Turkic; Uralic
DRY	DRY	225	9	Arabic; Balto-Slavic; Dravidian; Hokan; Italic; Polynesian; Sinitic; Turkic; Uralic
HEAD	HEAD	225	9	Arabic; Balto-Slavic; Dravidian; Hokan; Italic; Polynesian; Sinitic; Turkic; Uralic
MOON	MOON	225	9	Arabic; Balto-Slavic; Dravidian; Hokan; Italic; Polynesian; Sinitic; Turkic; Uralic
NECK	NECK	225	9	Arabic; Balto-Slavic; Dravidian; Hokan; Italic; Polynesian; Sinitic; Turkic; Uralic
NIGHT	NIGHT	225	9	Arabic; Balto-Slavic; Dravidian; Hokan; Italic; Polynesian; Sinitic; Turkic; Uralic
NOSE	NOSE	225	9	Arabic; Balto-Slavic; Dravidian; Hokan; Italic; Polynesian; Sinitic; Turkic; Uralic
SEE	SEE	225	9	Arabic; Balto-Slavic; Dravidian; Hokan; Italic; Polynesian; Sinitic; Turkic; Uralic
SIT	SIT	225	9	Arabic; Balto-Slavic; Dravidian; Hokan; Italic; Polynesian; Sinitic; Turkic; Uralic
STAR	STAR	225	9	Arabic; Balto-Slavic; Dravidian; Hokan; Italic; Polynesian; Sinitic; Turkic; Uralic
WHITE	WHITE	225	9	Arabic; Balto-Slavic; Dravidian; Hokan; Italic; Polynesian; Sinitic; Turkic; Uralic
WHO	WHO	225	9	Arabic; Balto-Slavic; Dravidian; Hokan; Italic; Polynesian; Sinitic; Turkic; Uralic
BONE	BONE	224	9	Arabic; Balto-Slavic; Dravidian; Hokan; Italic; Polynesian; Sinitic; Turkic; Uralic
CLOUD	CLOUD	224	9	Arabic; Balto-Slavic; Dravidian; Hokan; Italic; Polynesian; Sinitic; Turkic; Uralic
DRINK	DRINK	224	9	Arabic; Balto-Slavic; Dravidian; Hokan; Italic; Polynesian; Sinitic; Turkic; Uralic
GOOD	GOOD	224	9	Arabic; Balto-Slavic; Dravidian; Hokan; Italic; Polynesian; Sinitic; Turkic; Uralic
KILL	KILL	224	9	Arabic; Balto-Slavic; Dravidian; Hokan; Italic; Polynesian; Sinitic; Turkic; Uralic
LONG	LONG	224	9	Arabic; Balto-Slavic; Dravidian; Hokan; Italic; Polynesian; Sinitic; Turkic; Uralic
NAME	NAME	224	9	Arabic; Balto-Slavic; Dravidian; Hokan; Italic; Polynesian; Sinitic; Turkic; Uralic
TOOTH	TOOTH	224	9	Arabic; Balto-Slavic; Dravidian; Hokan; Italic; Polynesian; Sinitic; Turkic; Uralic
WE	WE	224	9	Arabic; Balto-Slavic; Dravidian; Hokan; Italic; Polynesian; Sinitic; Turkic; Uralic
RED	RED	223	9	Arabic; Balto-Slavic; Dravidian; Hokan; Italic; Polynesian; Sinitic; Turkic; Uralic
SAY	SAY	223	9	Arabic; Balto-Slavic; Dravidian; Hokan; Italic; Polynesian; Sinitic; Turkic; Uralic
SMALL	SMALL	223	9	Arabic; Balto-Slavic; Dravidian; Hokan; Italic; Polynesian; Sinitic; Turkic; Uralic
STAND	STAND	223	9	Arabic; Balto-Slavic; Dravidian; Hokan; Italic; Polynesian; Sinitic; Turkic; Uralic
SWIM	SWIM	223	9	Arabic; Balto-Slavic; Dravidian; Hokan; Italic; Polynesian; Sinitic; Turkic; Uralic
BIRD	BIRD	222	9	Arabic; Balto-Slavic; Dravidian; Hokan; Italic; Polynesian; Sinitic; Turkic; Uralic
FIRE	FIRE	222	9	Arabic; Balto-Slavic; Dravidian; Hokan; Italic; Polynesian; Sinitic; Turkic; Uralic
TAIL	TAIL	222	9	Arabic; Balto-Slavic; Dravidian; Hokan; Italic; Polynesian; Sinitic; Turkic; Uralic
THIS	THIS	222	9	Arabic; Balto-Slavic; Dravidian; Hokan; Italic; Polynesian; Sinitic; Turkic; Uralic
YELLOW	YELLOW	222	9	Arabic; Balto-Slavic; Dravidian; Hokan; Italic; Polynesian; Sinitic; Turkic; Uralic
ASH	ASH	221	9	Arabic; Balto-Slavic; Dravidian; Hokan; Italic; Polynesian; Sinitic; Turkic; Uralic
GREEN	GREEN	221	9	Arabic; Balto-Slavic; Dravidian; Hokan; Italic; Polynesian; Sinitic; Turkic; Uralic
BIG	BIG	220	9	Arabic; Balto-Slavic; Dravidian; Hokan; Italic; Polynesian; Sinitic; Turkic; Uralic
LEAF	LEAF	220	9	Arabic; Balto-Slavic; Dravidian; Hokan; Italic; Polynesian; Sinitic; Turkic; Uralic
NEW	NEW	220	9	Arabic; Balto-Slavic; Dravidian; Hokan; Italic; Polynesian; Sinitic; Turkic; Uralic
ROOT	ROOT	220	9	Arabic; Balto-Slavic; Dravidian; Hokan; Italic; Polynesian; Sinitic; Turkic; Uralic
THAT	THAT	220	9	Arabic; Balto-Slavic; Dravidian; Hokan; Italic; Polynesian; Sinitic; Turkic; Uralic
BITE	BITE	219	9	Arabic; Balto-Slavic; Dravidian; Hokan; Italic; Polynesian; Sinitic; Turkic; Uralic
FISH	FISH	219	9	Arabic; Balto-Slavic; Dravidian; Hokan; Italic; Polynesian; Sinitic; Turkic; Uralic
LIVER	LIVER	219	9	Arabic; Balto-Slavic; Dravidian; Hokan; Italic; Polynesian; Sinitic; Turkic; Uralic
SAND	SAND	219	9	Arabic; Balto-Slavic; Dravidian; Hokan; Italic; Polynesian; Sinitic; Turkic; Uralic
WALK	WALK	219	9	Arabic; Balto-Slavic; Dravidian; Hokan; Italic; Polynesian; Sinitic; Turkic; Uralic
BREAST	BREAST	217	9	Arabic; Balto-Slavic; Dravidian; Hokan; Italic; Polynesian; Sinitic; Turkic; Uralic
EARTH (SOIL)	EARTH	217	9	Arabic; Balto-Slavic; Dravidian; Hokan; Italic; Polynesian; Sinitic; Turkic; Uralic
PERSON	PERSON	217	9	Arabic; Balto-Slavic; Dravidian; Hokan; Italic; Polynesian; Sinitic; Turkic; Uralic
EGG	EGG	215	9	Arabic; Balto-Slavic; Dravidian; Hokan; Italic; Polynesian; Sinitic; Turkic; Uralic
FLY (MOVE THROUGH AIR)	FLY	215	9	Arabic; Balto-Slavic; Dravidian; Hokan; Italic; Polynesian; Sinitic; Turkic; Uralic
SMOKE (EXHAUST)	SMOKE	215	9	Arabic; Balto-Slavic; Dravidian; Hokan; Italic; Polynesian; Sinitic; Turkic; Uralic
FEATHER	FEATHER	206	9	Arabic; Balto-Slavic; Dravidian; Hokan; Italic; Polynesian; Sinitic; Turkic; Uralic
STONE	STONE	210	8	Arabic; Dravidian; Hokan; Italic; Polynesian; Sinitic; Turkic; Uralic
HEAVY	HEAVY	202	8	Arabic; Balto-Slavic; Hokan; Italic; Polynesian; Sinitic; Turkic; Uralic
LOUSE	LOUSE	199	8	Arabic; Balto-Slavic; Hokan; Italic; Polynesian; Sinitic; Turkic; Uralic
KNOW (SOMETHING)	KNOW	198	8	Arabic; Balto-Slavic; Hokan; Italic; Polynesian; Sinitic; Turkic; Uralic
FAR	FAR	197	8	Arabic; Balto-Slavic; Hokan; Italic; Polynesian; Sinitic; Turkic; Uralic
HAND	HAND	197	8	Arabic; Balto-Slavic; Dravidian; Hokan; Italic; Polynesian; Sinitic; Uralic
NEAR	NEAR	197	8	Arabic; Balto-Slavic; Hokan; Italic; Polynesian; Sinitic; Turkic; Uralic
SHORT	SHORT	197	8	Arabic; Balto-Slavic; Hokan; Italic; Polynesian; Sinitic; Turkic; Uralic
WIND	WIND	197	8	Arabic; Balto-Slavic; Hokan; Italic; Polynesian; Sinitic; Turkic; Uralic
YEAR	YEAR	197	8	Arabic; Balto-Slavic; Hokan; Italic; Polynesian; Sinitic; Turkic; Uralic
SALT	SALT	195	8	Arabic; Balto-Slavic; Hokan; Italic; Polynesian; Sinitic; Turkic; Uralic
SUN	SUN	195	8	Arabic; Balto-Slavic; Dravidian; Hokan; Italic; Sinitic; Turkic; Uralic
KNEE	KNEE	194	8	Arabic; Balto-Slavic; Dravidian; Hokan; Italic; Sinitic; Turkic; Uralic
ALL	ALL	193	8	Arabic; Balto-Slavic; Dravidian; Hokan; Italic; Polynesian; Sinitic; Uralic
DIE	DIE	193	8	Arabic; Balto-Slavic; Dravidian; Hokan; Italic; Sinitic; Turkic; Uralic
FULL	FULL	193	8	Arabic; Balto-Slavic; Dravidian; Hokan; Italic; Sinitic; Turkic; Uralic
GIVE	GIVE	193	8	Arabic; Balto-Slavic; Dravidian; Hokan; Italic; Sinitic; Turkic; Uralic
NOT	NOT	193	8	Arabic; Balto-Slavic; Dravidian; Hokan; Italic; Sinitic; Turkic; Uralic
TREE	TREE	193	8	Arabic; Balto-Slavic; Dravidian; Hokan; Italic; Sinitic; Turkic; Uralic
WOMAN	WOMAN	190	8	Arabic; Balto-Slavic; Dravidian; Hokan; Italic; Sinitic; Turkic; Uralic
HEART	HEART	189	8	Arabic; Balto-Slavic; Dravidian; Hokan; Italic; Sinitic; Turkic; Uralic
WORM	WORM	189	8	Arabic; Balto-Slavic; Hokan; Italic; Polynesian; Sinitic; Turkic; Uralic
SNAKE	SNAKE	185	8	Arabic; Balto-Slavic; Hokan; Italic; Polynesian; Sinitic; Turkic; Uralic
BARK	BARK	183	8	Arabic; Balto-Slavic; Dravidian; Hokan; Italic; Sinitic; Turkic; Uralic
HORN (ANATOMY)	HORN	180	8	Arabic; Balto-Slavic; Dravidian; Hokan; Italic; Sinitic; Turkic; Uralic
ROUND	ROUND	172	8	Arabic; Balto-Slavic; Dravidian; Hokan; Italic; Sinitic; Turkic; Uralic
SEED	SEED	170	8	Arabic; Balto-Slavic; Dravidian; Hokan; Italic; Sinitic; Turkic; Uralic
COLD	COLD	164	8	Arabic; Balto-Slavic; Dravidian; Hokan; Polynesian; Sinitic; Turkic; Uralic
FAT (ORGANIC SUBSTANCE)	FAT	178	7	Arabic; Balto-Slavic; Italic; Polynesian; Sinitic; Turkic; Uralic
MANY	MANY	172	7	Arabic; Dravidian; Hokan; Italic; Sinitic; Turkic; Uralic
FOOT	FOOT	164	7	Arabic; Balto-Slavic; Dravidian; Hokan; Italic; Sinitic; Uralic
MOUNTAIN	MOUNTAIN	164	7	Arabic; Balto-Slavic; Dravidian; Hokan; Italic; Sinitic; Uralic
SKIN	SKIN	147	7	Balto-Slavic; Dravidian; Hokan; Polynesian; Sinitic; Turkic; Uralic
RAIN (PRECIPITATION)	RAIN	146	7	Arabic; Balto-Slavic; Dravidian; Hokan; Polynesian; Sinitic; Turkic
WARM	WARM	145	7	Arabic; Balto-Slavic; Dravidian; Hokan; Polynesian; Turkic; Uralic
MAN	MAN	136	7	Arabic; Balto-Slavic; Dravidian; Hokan; Sinitic; Turkic; Uralic
HAIR	HAIR	158	6	Arabic; Balto-Slavic; Hokan; Italic; Polynesian; Uralic
ROAD	ROAD	144	6	Arabic; Balto-Slavic; Dravidian; Hokan; Italic; Uralic
LIE (REST)	LIE	137	6	Arabic; Balto-Slavic; Dravidian; Hokan; Italic; Sinitic
DIG	DIG	130	6	Arabic; Balto-Slavic; Polynesian; Sinitic; Turkic; Uralic
FIVE	FIVE	130	6	Arabic; Balto-Slavic; Polynesian; Sinitic; Turkic; Uralic
THREE	THREE	130	6	Arabic; Balto-Slavic; Polynesian; Sinitic; Turkic; Uralic
WHERE	WHERE	130	6	Arabic; Balto-Slavic; Polynesian; Sinitic; Turkic; Uralic
BACK	BACK	129	6	Arabic; Balto-Slavic; Polynesian; Sinitic; Turkic; Uralic
FALL	FALL	129	6	Arabic; Balto-Slavic; Polynesian; Sinitic; Turkic; Uralic
FATHER	FATHER	129	6	Arabic; Balto-Slavic; Polynesian; Sinitic; Turkic; Uralic
FOUR	FOUR	129	6	Arabic; Balto-Slavic; Polynesian; Sinitic; Turkic; Uralic
LAUGH	LAUGH	129	6	Arabic; Balto-Slavic; Polynesian; Sinitic; Turkic; Uralic
HOW	HOW	128	6	Arabic; Balto-Slavic; Polynesian; Sinitic; Turkic; Uralic
RIGHT	RIGHT	128	6	Arabic; Balto-Slavic; Polynesian; Sinitic; Turkic; Uralic
SEW	SEW	128	6	Arabic; Balto-Slavic; Polynesian; Sinitic; Turkic; Uralic
DUST	DUST	127	6	Arabic; Balto-Slavic; Polynesian; Sinitic; Turkic; Uralic
MOTHER	MOTHER	127	6	Arabic; Balto-Slavic; Polynesian; Sinitic; Turkic; Uralic
WING	WING	127	6	Arabic; Balto-Slavic; Polynesian; Sinitic; Turkic; Uralic
FLOW	FLOW	126	6	Arabic; Balto-Slavic; Polynesian; Sinitic; Turkic; Uralic
STICK	STICK	125	6	Arabic; Balto-Slavic; Polynesian; Sinitic; Turkic; Uralic
THEY	THEY	125	6	Arabic; Balto-Slavic; Polynesian; Sinitic; Turkic; Uralic
THROW	THROW	125	6	Arabic; Balto-Slavic; Polynesian; Sinitic; Turkic; Uralic
WET	WET	125	6	Arabic; Balto-Slavic; Polynesian; Sinitic; Turkic; Uralic
THICK	THICK	124	6	Arabic; Balto-Slavic; Polynesian; Sinitic; Turkic; Uralic
BLOW (OF WIND)	BLOW (OF WIND)	123	6	Arabic; Balto-Slavic; Polynesian; Sinitic; Turkic; Uralic
COUNT	COUNT	123	6	Arabic; Balto-Slavic; Polynesian; Sinitic; Turkic; Uralic
DAY (NOT NIGHT)	DAY	123	6	Arabic; Balto-Slavic; Polynesian; Sinitic; Turkic; Uralic
NARROW	NARROW	123	6	Arabic; Balto-Slavic; Polynesian; Sinitic; Turkic; Uralic
SHARP	SHARP	123	6	Arabic; Balto-Slavic; Polynesian; Sinitic; Turkic; Uralic
WIDE	WIDE	123	6	Arabic; Balto-Slavic; Polynesian; Sinitic; Turkic; Uralic
BREATHE	BREATHE	122	6	Arabic; Balto-Slavic; Polynesian; Sinitic; Turkic; Uralic
FEAR (BE AFRAID)	FEAR	122	6	Arabic; Balto-Slavic; Polynesian; Sinitic; Turkic; Uralic
LEFT	LEFT	122	6	Arabic; Balto-Slavic; Polynesian; Sinitic; Turkic; Uralic
SKY	SKY	122	6	Arabic; Balto-Slavic; Polynesian; Sinitic; Turkic; Uralic
DIRTY	DIRTY	121	6	Arabic; Balto-Slavic; Polynesian; Sinitic; Turkic; Uralic
FLOWER	FLOWER	121	6	Arabic; Balto-Slavic; Polynesian; Sinitic; Turkic; Uralic
FOG	FOG	121	6	Arabic; Balto-Slavic; Polynesian; Sinitic; Turkic; Uralic
FOREST	FOREST	121	6	Arabic; Balto-Slavic; Polynesian; Sinitic; Turkic; Uralic
GRASS	GRASS	121	6	Arabic; Balto-Slavic; Polynesian; Sinitic; Turkic; Uralic
HUNT	HUNT	120	6	Arabic; Balto-Slavic; Polynesian; Sinitic; Turkic; Uralic
LAKE	LAKE	119	6	Arabic; Balto-Slavic; Polynesian; Sinitic; Turkic; Uralic
BE ALIVE	LIVE	118	6	Arabic; Balto-Slavic; Polynesian; Sinitic; Turkic; Uralic
SEA	SEA	118	6	Arabic; Balto-Slavic; Polynesian; Sinitic; Turkic; Uralic
THIN	THIN	145	5	Arabic; Italic; Polynesian; Turkic; Uralic
BURN	BURN	112	5	Dravidian; Polynesian; Sinitic; Turkic; Uralic
ROPE	ROPE	109	5	Arabic; Polynesian; Sinitic; Turkic; Uralic
ROTTEN	ROTTEN	108	5	Arabic; Polynesian; Sinitic; Turkic; Uralic
SUCK	SUCK	108	5	Arabic; Polynesian; Sinitic; Turkic; Uralic
IN	IN	107	5	Arabic; Polynesian; Sinitic; Turkic; Uralic
SPIT	SPIT	107	5	Arabic; Polynesian; Sinitic; Turkic; Uralic
YOU	YOU	107	5	Arabic; Balto-Slavic; Polynesian; Turkic; Uralic
VOMIT	VOMIT	106	5	Arabic; Polynesian; Sinitic; Turkic; Uralic
SCRATCH	SCRATCH	104	5	Arabic; Polynesian; Sinitic; Turkic; Uralic
SWELL	SWELL	104	5	Arabic; Polynesian; Sinitic; Turkic; Uralic
OTHER	OTHER	101	5	Arabic; Balto-Slavic; Polynesian; Turkic; Uralic
HERE	HERE	99	5	Arabic; Balto-Slavic; Sinitic; Turkic; Uralic
WASH	WASH	99	5	Arabic; Balto-Slavic; Sinitic; Turkic; Uralic
CLAW	FINGERNAIL	98	5	Balto-Slavic; Dravidian; Sinitic; Turkic; Uralic
CUT	CUT	98	5	Arabic; Balto-Slavic; Sinitic; Turkic; Uralic
PULL	PULL	98	5	Arabic; Balto-Slavic; Sinitic; Turkic; Uralic
ICE	ICE	97	5	Arabic; Balto-Slavic; Sinitic; Turkic; Uralic
PLAY	PLAY	97	5	Arabic; Balto-Slavic; Sinitic; Turkic; Uralic
SING	SING	97	5	Arabic; Balto-Slavic; Sinitic; Turkic; Uralic
TIE	TIE	97	5	Arabic; Balto-Slavic; Sinitic; Turkic; Uralic
RIVER	RIVER	96	5	Arabic; Balto-Slavic; Sinitic; Turkic; Uralic
SNOW	SNOW	96	5	Arabic; Balto-Slavic; Sinitic; Turkic; Uralic
FREEZE	FREEZE	95	5	Arabic; Balto-Slavic; Sinitic; Turkic; Uralic
THERE	THERE	95	5	Arabic; Balto-Slavic; Sinitic; Turkic; Uralic
BAD	BAD	94	5	Arabic; Balto-Slavic; Sinitic; Turkic; Uralic
AND	AND	93	5	Arabic; Balto-Slavic; Polynesian; Sinitic; Uralic
FIGHT	FIGHT	93	5	Arabic; Balto-Slavic; Sinitic; Turkic; Uralic
WIFE	WIFE	93	5	Arabic; Balto-Slavic; Polynesian; Sinitic; Uralic
HUSBAND	HUSBAND	91	5	Arabic; Balto-Slavic; Polynesian; Sinitic; Uralic
MEAT	MEAT	90	5	Arabic; Balto-Slavic; Dravidian; Hokan; Turkic
CORRECT (RIGHT)	CORRECT	89	5	Arabic; Balto-Slavic; Polynesian; Sinitic; Uralic
PUSH	PUSH	89	5	Arabic; Balto-Slavic; Sinitic; Turkic; Uralic
SMOOTH	SMOOTH	89	5	Arabic; Balto-Slavic; Sinitic; Turkic; Uralic
BLUNT	BLUNT	86	5	Arabic; Balto-Slavic; Polynesian; Sinitic; Uralic
FINGERNAIL	FINGERNAIL	115	4	Arabic; Balto-Slavic; Italic; Turkic
CRY	CRY	93	4	Balto-Slavic; Polynesian; Turkic; Uralic
WHEN	WHEN	91	4	Arabic; Polynesian; Turkic; Uralic
THINK	THINK	90	4	Arabic; Polynesian; Turkic; Uralic
HOUSE	HOUSE	89	4	Balto-Slavic; Polynesian; Turkic; Uralic
AT	AT	83	4	Arabic; Polynesian; Turkic; Uralic
FRUIT	FRUIT	83	4	Arabic; Polynesian; Sinitic; Turkic
SPLIT	SPLIT	81	4	Arabic; Polynesian; Sinitic; Uralic
HOLD	HOLD	79	4	Arabic; Balto-Slavic; Polynesian; Uralic
SQUEEZE	SQUEEZE	79	4	Arabic; Polynesian; Sinitic; Uralic
STAB	STAB	79	4	Arabic; Polynesian; Sinitic; Uralic
STRAIGHT	STRAIGHT	79	4	Arabic; Sinitic; Turkic; Uralic
GUTS	GUTS	77	4	Arabic; Sinitic; Turkic; Uralic
SMELL (PERCEIVE)	SMELL	76	4	Arabic; Balto-Slavic; Polynesian; Sinitic
HIT	HIT	75	4	Arabic; Balto-Slavic; Polynesian; Uralic
IF	IF	72	4	Arabic; Polynesian; Sinitic; Uralic
ANIMAL	ANIMAL	68	4	Arabic; Balto-Slavic; Sinitic; Uralic
LEG	LEG	67	4	Arabic; Balto-Slavic; Sinitic; Uralic
RUB	RUB	66	4	Arabic; Balto-Slavic; Sinitic; Uralic
FLESH OR MEAT	MEAT	104	3	Italic; Polynesian; Uralic
BURN (SOMETHING)	BURN	81	3	Balto-Slavic; Hokan; Italic
LIE DOWN	LIE DOWN	76	3	Polynesian; Turkic; Uralic
HAIR (HEAD)	HAIR	69	3	Dravidian; Sinitic; Turkic
ABOVE	ABOVE	68	3	Balto-Slavic; Polynesian; Turkic
GROW	GROW	68	3	Balto-Slavic; Polynesian; Turkic
OPEN	OPEN	67	3	Balto-Slavic; Polynesian; Turkic
SHOULDER	SHOULDER	66	3	Balto-Slavic; Polynesian; Turkic
BRANCH	BRANCH	65	3	Balto-Slavic; Polynesian; Turkic
GO	GO	64	3	Balto-Slavic; Turkic; Uralic
TAKE	TAKE	64	3	Balto-Slavic; Turkic; Uralic
RUN	RUN	63	3	Balto-Slavic; Turkic; Uralic
MOSQUITO	MOSQUITO	62	3	Balto-Slavic; Polynesian; Uralic
OLD	OLD	62	3	Arabic; Polynesian; Uralic
TEN	TEN	62	3	Balto-Slavic; Polynesian; Uralic
CARRY	CARRY	61	3	Balto-Slavic; Turkic; Uralic
HARD	HARD	61	3	Balto-Slavic; Turkic; Uralic
NAVEL	NAVEL	61	3	Balto-Slavic; Turkic; Uralic
NINE	NINE	61	3	Balto-Slavic; Polynesian; Uralic
YESTERDAY	YESTERDAY	61	3	Balto-Slavic; Turkic; Uralic
HOT	WARM	60	3	Balto-Slavic; Sinitic; Turkic
BITTER	BITTER	59	3	Balto-Slavic; Turkic; Uralic
SHADE	SHADE	59	3	Balto-Slavic; Turkic; Uralic
SPIDER	SPIDER	59	3	Balto-Slavic; Polynesian; Uralic
WITH	WITH	59	3	Arabic; Turkic; Uralic
ANT	ANT	58	3	Balto-Slavic; Turkic; Uralic
SWEET	SWEET	56	3	Balto-Slavic; Turkic; Uralic
FLY (INSECT)	FLY (INSECT)	53	3	Balto-Slavic; Turkic; Uralic
FEW	FEW	50	3	Arabic; Sinitic; Uralic
BECAUSE	BECAUSE	48	3	Arabic; Sinitic; Uralic
CHILD (YOUNG HUMAN)	CHILD	46	3	Arabic; Balto-Slavic; Sinitic
FLOAT	FLOAT	45	3	Arabic; Sinitic; Uralic
WIPE	WIPE	45	3	Arabic; Balto-Slavic; Uralic
MALE PERSON	MAN	89	2	Italic; Polynesian
SKIN (HUMAN)	SKIN	73	2	Arabic; Italic
RAIN (RAINING)	RAIN	69	2	Balto-Slavic; Italic
FOOT OR LEG	FOOT	62	2	Polynesian; Turkic
CHEW	CHEW	56	2	Polynesian; Turkic
HE OR SHE	3SG	46	2	Polynesian; Uralic
CHILD	CHILD	46	2	Polynesian; Uralic
DO OR MAKE	DO OR MAKE	46	2	Turkic; Uralic
CHILD (DESCENDANT)	CHILD	45	2	Turkic; Uralic
TURN	TURN	45	2	Polynesian; Uralic
DREAM (SOMETHING)	DREAM	43	2	Polynesian; Uralic
HE OR SHE OR IT	3SG	42	2	Balto-Slavic; Turkic
BEAT	BEAT	42	2	Balto-Slavic; Turkic
COOK (SOMETHING)	COOK	42	2	Balto-Slavic; Polynesian
FIND	FIND	42	2	Balto-Slavic; Turkic
GRASP	GRASP	42	2	Balto-Slavic; Turkic
HIDE (CONCEAL)	HIDE (CONCEAL)	42	2	Balto-Slavic; Turkic
LOOK	LOOK	42	2	Balto-Slavic; Turkic
MONTH	MONTH	42	2	Balto-Slavic; Turkic
PUT ON	PUT ON	42	2	Balto-Slavic; Turkic
REMAIN	REMAIN	42	2	Balto-Slavic; Turkic
THUNDER	THUNDER	42	2	Balto-Slavic; Polynesian
WOOD	WOOD	42	2	Balto-Slavic; Turkic
BREAK (CLEAVE)	BREAK (CLEAVE)	41	2	Balto-Slavic; Turkic
COVER	COVER	41	2	Balto-Slavic; Turkic
GRIND	GRIND	41	2	Turkic; Uralic
HIDE	HIDE	41	2	Polynesian; Uralic
JUMP	JUMP	41	2	Balto-Slavic; Turkic
LICK	LICK	41	2	Balto-Slavic; Turkic
LOOK FOR	LOOK FOR	41	2	Balto-Slavic; Turkic
THROAT	THROAT	41	2	Balto-Slavic; Turkic
WORK (ACTIVITY)	WORK (ACTIVITY)	41	2	Balto-Slavic; Polynesian
ASK (REQUEST)	ASK (REQUEST)	40	2	Balto-Slavic; Turkic
EIGHT	EIGHT	40	2	Balto-Slavic; Polynesian
HOLE	HOLE	40	2	Balto-Slavic; Turkic
RIPE	RIPE	40	2	Balto-Slavic; Turkic
RISE (MOVE UPWARDS)	RISE (MOVE UPWARDS)	40	2	Balto-Slavic; Turkic
SEVEN	SEVEN	40	2	Balto-Slavic; Polynesian
SWALLOW	SWALLOW	40	2	Balto-Slavic; Turkic
TEAR (SHRED)	TEAR (SHRED)	40	2	Balto-Slavic; Turkic
TOMORROW	TOMORROW	40	2	Balto-Slavic; Turkic
TRUE	TRUE	40	2	Balto-Slavic; Turkic
BELOW OR UNDER	BELOW OR UNDER	39	2	Balto-Slavic; Polynesian
BRAIN	BRAIN	39	2	Balto-Slavic; Turkic
CLIMB	CLIMB	39	2	Balto-Slavic; Polynesian
EDGE	EDGE	39	2	Balto-Slavic; Turkic
NEEDLE (FOR SEWING)	NEEDLE	39	2	Balto-Slavic; Polynesian
OLD (USED)	OLD	39	2	Balto-Slavic; Turkic
SOFT	SOFT	39	2	Balto-Slavic; Turkic
SIX	SIX	38	2	Balto-Slavic; Polynesian
STEAL	STEAL	38	2	Balto-Slavic; Polynesian
CHEEK	CHEEK	37	2	Balto-Slavic; Turkic
CHOOSE	CHOOSE	37	2	Balto-Slavic; Polynesian
COUGH	COUGH	37	2	Balto-Slavic; Turkic
HUNDRED	HUNDRED	37	2	Balto-Slavic; Polynesian
SMELL	SMELL	37	2	Turkic; Uralic
BUY	BUY	36	2	Balto-Slavic; Polynesian
FAT (FROM ANIMALS)	FAT	36	2	Dravidian; Hokan
FOAM	FOAM	36	2	Balto-Slavic; Turkic
RAW	RAW	36	2	Balto-Slavic; Turkic
HE	3SG	35	2	Arabic; Sinitic
CHIN	CHIN	35	2	Balto-Slavic; Turkic
THOUSAND	THOUSAND	35	2	Balto-Slavic; Polynesian
TURN (SOMETHING)	TURN (SOMETHING)	35	2	Balto-Slavic; Turkic
TURN AROUND	TURN AROUND	35	2	Arabic; Sinitic
SHOOT	SHOOT	34	2	Balto-Slavic; Polynesian
BEHIND	BEHIND	33	2	Balto-Slavic; Uralic
CHARCOAL	CHARCOAL	33	2	Balto-Slavic; Uralic
FACE	FACE	33	2	Balto-Slavic; Uralic
FOX	FOX	33	2	Balto-Slavic; Uralic
PIECE	PIECE	33	2	Balto-Slavic; Uralic
SOUR	SOUR	33	2	Balto-Slavic; Turkic
SUMMER	SUMMER	33	2	Balto-Slavic; Uralic
UNCLE	UNCLE	33	2	Balto-Slavic; Uralic
WORD	WORD	33	2	Balto-Slavic; Uralic
BECOME	BECOME	32	2	Balto-Slavic; Uralic
COMB	COMB	32	2	Balto-Slavic; Uralic
DIVIDE	DIVIDE	32	2	Balto-Slavic; Uralic
GATHER	GATHER	32	2	Balto-Slavic; Uralic
GIRL	GIRL	32	2	Balto-Slavic; Uralic
HEEL	HEEL	32	2	Balto-Slavic; Uralic
MORNING	MORNING	32	2	Balto-Slavic; Uralic
SONG	SONG	32	2	Balto-Slavic; Uralic
TEACH	TEACH	32	2	Balto-Slavic; Uralic
WHISTLE	WHISTLE	32	2	Balto-Slavic; Uralic
BEGIN	BEGIN	31	2	Balto-Slavic; Uralic
BERRY	BERRY	31	2	Balto-Slavic; Uralic
DEAF	DEAF	31	2	Balto-Slavic; Uralic
LIFT	LIFT	31	2	Balto-Slavic; Uralic
ONLY	ONLY	31	2	Balto-Slavic; Uralic
SOME	SOME	31	2	Arabic; Uralic
TOUCH	TOUCH	31	2	Balto-Slavic; Uralic
CLEAN	CLEAN	30	2	Balto-Slavic; Uralic
OLD (AGED)	OLD	30	2	Balto-Slavic; Sinitic
PATH	PATH	30	2	Balto-Slavic; Sinitic
RAINBOW	RAINBOW	30	2	Balto-Slavic; Uralic
SHAKE	SHAKE	30	2	Balto-Slavic; Uralic
SISTER	SISTER	30	2	Balto-Slavic; Uralic
SOON	SOON	30	2	Balto-Slavic; Uralic
THINK (REFLECT)	THINK	30	2	Balto-Slavic; Sinitic
DISAPPEAR	DISAPPEAR	29	2	Balto-Slavic; Uralic
FOREHEAD	FOREHEAD	29	2	Balto-Slavic; Turkic
THIGH	THIGH	29	2	Balto-Slavic; Uralic
BATHE	BATHE	28	2	Balto-Slavic; Uralic
GROAN	GROAN	28	2	Balto-Slavic; Uralic
SHUT	SHUT	28	2	Balto-Slavic; Uralic
BAKE	BAKE	27	2	Balto-Slavic; Uralic
BURNING	BURN	27	2	Arabic; Balto-Slavic
MIND	MIND	27	2	Balto-Slavic; Uralic
TWENTY	TWENTY	27	2	Balto-Slavic; Polynesian
BE HUNGRY	BE HUNGRY	26	2	Balto-Slavic; Uralic
LEAVE	LEAVE	26	2	Balto-Slavic; Uralic
LIGHT (IGNITE)	LIGHT (IGNITE)	26	2	Balto-Slavic; Uralic
SOUND OR NOISE	SOUND OR NOISE	26	2	Balto-Slavic; Uralic
KEEP	KEEP	25	2	Balto-Slavic; Uralic
ARRIVE	ARRIVE	24	2	Balto-Slavic; Uralic
FIFTY	FIFTY	24	2	Balto-Slavic; Polynesian
PICK UP	PICK UP	22	2	Balto-Slavic; Uralic
THIN (OF LEAF AND CLOTH)	THIN	21	2	Hokan; Sinitic
THIN (OF SHAPE OF OBJECT)	THIN (OF SHAPE OF OBJECT)	19	2	Balto-Slavic; Hokan
COLD (OF WEATHER)	COLD	58	1	Italic
WARM (OF WEATHER)	WARM	58	1	Italic
BE DEAD OR DIE	DIE	31	1	Polynesian
FASTEN	FASTEN	31	1	Polynesian
ARM OR HAND	HAND	31	1	Turkic
LIGHTNING	LIGHTNING	31	1	Polynesian
MOUNTAIN OR HILL	MOUNTAIN	31	1	Turkic
NO OR NOT	NOT	31	1	Polynesian
PATH OR ROAD	PATH OR ROAD	31	1	Polynesian
FEMALE PERSON	WOMAN	31	1	Polynesian
BAD OR EVIL	BAD OR EVIL	30	1	Polynesian
BOTTOM	BOTTOM	30	1	Turkic
CUT OR HACK	CUT	30	1	Polynesian
FEMALE (OF AN ANIMAL) (N.)	FEMALE ANIMAL	30	1	Turkic
FIREWOOD	FIREWOOD	30	1	Turkic
INTESTINES	INTESTINES	30	1	Polynesian
PAINFUL OR SICK	PAINFUL OR SICK	30	1	Polynesian
DEEP	DEEP	29	1	Turkic
RAT	RAT	29	1	Polynesian
UPPER LEG (THIGH)	UPPER LEG (THIGH)	29	1	Turkic
WHICH	WHICH	29	1	Turkic
TALL	TALL	28	1	Turkic
POUND	POUND	26	1	Polynesian
THATCH OR ROOF	ROOF	26	1	Polynesian
PLANT (SOMETHING)	PLANT (SOMETHING)	25	1	Polynesian
PUS	PUS	25	1	Turkic
SHY OR ASHAMED	SHY OR ASHAMED	25	1	Polynesian
SPIN	SPIN	24	1	Turkic
WEAVE	WEAVE	24	1	Turkic
NASAL MUCUS (SNOT)	SNOT	23	1	Turkic
YAWN	YAWN	23	1	Polynesian
CLAW OR NAIL	FINGERNAIL	19	1	Hokan
FLOWING BODY OF WATER	FLOWING BODY OF WATER	19	1	Sinitic
HOLD OR TAKE	HOLD OR TAKE	19	1	Sinitic
KNOW	KNOW	19	1	Dravidian
FLESH	MEAT	19	1	Sinitic
NUMBER	NUMBER	19	1	Sinitic
STRIKE	STRIKE	19	1	Sinitic
HEAD LOUSE	LOUSE	17	1	Dravidian
EXTINGUISH	EXTINGUISH	15	1	Uralic
RAINING OR RAIN	RAIN	15	1	Uralic
TIRED	TIRED	15	1	Uralic
TOP	TOP	15	1	Uralic
TWIST (AROUND)	TWIST (AROUND)	15	1	Uralic
ARMPIT	ARMPIT	14	1	Uralic
BESIDE	BESIDE	14	1	Uralic
COOKED	COOKED	14	1	Uralic
CUT DOWN	CUT DOWN	14	1	Uralic
HEN	HEN	14	1	Uralic
LOSE	LOSE	14	1	Uralic
LUNG	LUNG	14	1	Uralic
NIT	NIT	14	1	Uralic
ROAST OR FRY	ROAST OR FRY	14	1	Uralic
SHALLOW	SHALLOW	14	1	Uralic
SON-IN-LAW	SON-IN-LAW	14	1	Uralic
STRETCH	STRETCH	14	1	Uralic
TESTICLES	TESTICLES	14	1	Uralic
TREE STUMP	TREE STUMP	14	1	Uralic
BAT	BAT	13	1	Uralic
BORE	BORE	13	1	Uralic
BORROW	BORROW	13	1	Uralic
EARLY	EARLY	13	1	Uralic
SALTY	SALTY	13	1	Uralic
SHIT (DEFECATE)	SHIT	13	1	Uralic
STINKING	STINKING	13	1	Uralic
TRAP (CATCH)	TRAP (CATCH)	13	1	Uralic
MOLAR TOOTH	MOLAR TOOTH	12	1	Uralic
SNIFF	SNIFF	12	1	Uralic
ACHE	ACHE	11	1	Balto-Slavic
AFTERWARDS	AFTERWARDS	11	1	Balto-Slavic
AGAIN	AGAIN	11	1	Balto-Slavic
AGE	AGE	11	1	Balto-Slavic
AIR	AIR	11	1	Balto-Slavic
ALONE	ALONE	11	1	Balto-Slavic
ALREADY	ALREADY	11	1	Balto-Slavic
ALWAYS	ALWAYS	11	1	Balto-Slavic
APPLE	APPLE	11	1	Balto-Slavic
ARM	ARM	11	1	Balto-Slavic
ARROW	ARROW	11	1	Balto-Slavic
ASK (INQUIRE)	ASK (INQUIRE)	11	1	Balto-Slavic
AUNT	AUNT	11	1	Balto-Slavic
AUTUMN	AUTUMN	11	1	Balto-Slavic
BAD LUCK	BAD LUCK	11	1	Balto-Slavic
BAG	BAG	11	1	Balto-Slavic
BARKING	BARKING	11	1	Balto-Slavic
BAY	BAY	11	1	Balto-Slavic
BE ABLE	BE ABLE	11	1	Balto-Slavic
BE BORN	BE BORN	11	1	Balto-Slavic
BEAR	BEAR	11	1	Balto-Slavic
BEARD	BEARD	11	1	Balto-Slavic
BEAUTIFUL	BEAUTIFUL	11	1	Balto-Slavic
BECOME SICK	BECOME SICK	11	1	Balto-Slavic
BED	BED	11	1	Balto-Slavic
BEFORE	BEFORE	11	1	Balto-Slavic
BELIEVE	BELIEVE	11	1	Balto-Slavic
BELT	BELT	11	1	Balto-Slavic
BEND	BEND	11	1	Balto-Slavic
BEND (SOMETHING)	BEND (SOMETHING)	11	1	Balto-Slavic
BETRAY	BETRAY	11	1	Balto-Slavic
BETWEEN	BETWEEN	11	1	Balto-Slavic
BIRCH	BIRCH	11	1	Balto-Slavic
BLANKET	BLANKET	11	1	Balto-Slavic
BLIND	BLIND	11	1	Balto-Slavic
BLOW (WITH MOUTH)	BLOW (WITH MOUTH)	11	1	Balto-Slavic
BLUE	BLUE	11	1	Balto-Slavic
BOARD	BOARD	11	1	Balto-Slavic
BOAST	BOAST	11	1	Balto-Slavic
BOAT	BOAT	11	1	Balto-Slavic
BODY	BODY	11	1	Balto-Slavic
BOIL (OF LIQUID)	BOIL (OF LIQUID)	11	1	Balto-Slavic
BOIL (SOMETHING)	BOIL (SOMETHING)	11	1	Balto-Slavic
BOOK	BOOK	11	1	Balto-Slavic
BOOT	BOOT	11	1	Balto-Slavic
BORDER	BORDER	11	1	Balto-Slavic
BOW	BOW	11	1	Balto-Slavic
BOX	BOX	11	1	Balto-Slavic
BOY	BOY	11	1	Balto-Slavic
BREAD	BREAD	11	1	Balto-Slavic
BREAK (DESTROY OR GET DESTROYED)	BREAK (DESTROY OR GET DESTROYED)	11	1	Balto-Slavic
BREATH	BREATH	11	1	Balto-Slavic
BRIDGE	BRIDGE	11	1	Balto-Slavic
BRIGHT	BRIGHT	11	1	Balto-Slavic
BRING	BRING	11	1	Balto-Slavic
BROOM	BROOM	11	1	Balto-Slavic
BROTHER	BROTHER	11	1	Balto-Slavic
BUCKET	BUCKET	11	1	Balto-Slavic
BUILD	BUILD	11	1	Balto-Slavic
BULL	BULL	11	1	Balto-Slavic
BUTTER	BUTTER	11	1	Balto-Slavic
BUTTERFLY	BUTTERFLY	11	1	Balto-Slavic
BUTTON	BUTTON	11	1	Balto-Slavic
CALL	CALL	11	1	Balto-Slavic
CALL BY NAME	CALL BY NAME	11	1	Balto-Slavic
CAP	CAP	11	1	Balto-Slavic
CAT	CAT	11	1	Balto-Slavic
CATCH	CATCH	11	1	Balto-Slavic
CAVE	CAVE	11	1	Balto-Slavic
CEASE	CEASE	11	1	Balto-Slavic
CHAIR	CHAIR	11	1	Balto-Slavic
CHANGE	CHANGE	11	1	Balto-Slavic
CHARACTER	CHARACTER	11	1	Balto-Slavic
CHEAP	CHEAP	11	1	Balto-Slavic
CHEST	CHEST	11	1	Balto-Slavic
CHICKEN	CHICKEN	11	1	Balto-Slavic
CHOP	CHOP	11	1	Balto-Slavic
CHURCH	CHURCH	11	1	Balto-Slavic
CIRCLE	CIRCLE	11	1	Balto-Slavic
CLAY	CLAY	11	1	Balto-Slavic
CLEAN (SOMETHING)	CLEAN (SOMETHING)	11	1	Balto-Slavic
CLEVER	CLEVER	11	1	Balto-Slavic
CLOSED	CLOSED	11	1	Balto-Slavic
CLOTH	CLOTH	11	1	Balto-Slavic
CLOTHES	CLOTHES	11	1	Balto-Slavic
COAST	COAST	11	1	Balto-Slavic
COLLAR	COLLAR	11	1	Balto-Slavic
COMB (VERB)	COMB (VERB)	11	1	Balto-Slavic
COME BACK	COME BACK	11	1	Balto-Slavic
CORNER	CORNER	11	1	Balto-Slavic
COUNTRY	COUNTRY	11	1	Balto-Slavic
COW	COW	11	1	Balto-Slavic
CRANE	CRANE	11	1	Balto-Slavic
CRAWL	CRAWL	11	1	Balto-Slavic
CROSS	CROSS	11	1	Balto-Slavic
CROW	CROW	11	1	Balto-Slavic
CUP	CUP	11	1	Balto-Slavic
DAMAGE	DAMAGE	11	1	Balto-Slavic
DANCE	DANCE	11	1	Balto-Slavic
DARK	DARK	11	1	Balto-Slavic
DAUGHTER	DAUGHTER	11	1	Balto-Slavic
DEAR	DEAR	11	1	Balto-Slavic
DEATH	DEATH	11	1	Balto-Slavic
DECORATE	DECORATE	11	1	Balto-Slavic
DEFEND	DEFEND	11	1	Balto-Slavic
DESIRE	DESIRE	11	1	Balto-Slavic
DESTROY	DESTROY	11	1	Balto-Slavic
DEXTEROUS	DEXTEROUS	11	1	Balto-Slavic
DIFFERENT	DIFFERENT	11	1	Balto-Slavic
DILIGENT	DILIGENT	11	1	Balto-Slavic
DIRT	DIRT	11	1	Balto-Slavic
DISEASE	DISEASE	11	1	Balto-Slavic
DIVE	DIVE	11	1	Balto-Slavic
DO	DO	11	1	Balto-Slavic
DOLL	DOLL	11	1	Balto-Slavic
DONATE	DONATE	11	1	Balto-Slavic
DOOR	DOOR	11	1	Balto-Slavic
DOWN	DOWN	11	1	Balto-Slavic
DOWN OR BELOW	DOWN OR BELOW	11	1	Balto-Slavic
DRAG	DRAG	11	1	Balto-Slavic
DRAW MILK	DRAW MILK	11	1	Balto-Slavic
DREAM	DREAM	11	1	Balto-Slavic
DRESS UP	DRESS UP	11	1	Balto-Slavic
DRIVE	DRIVE	11	1	Balto-Slavic
DRY UP	DRY UP	11	1	Balto-Slavic
DUCK	DUCK	11	1	Balto-Slavic
DWELL (LIVE, RESIDE)	DWELL	11	1	Balto-Slavic
DYE	DYE	11	1	Balto-Slavic
EAGLE	EAGLE	11	1	Balto-Slavic
EAST	EAST	11	1	Balto-Slavic
EIGHTY	EIGHTY	11	1	Balto-Slavic
ELBOW	ELBOW	11	1	Balto-Slavic
ELEVEN	ELEVEN	11	1	Balto-Slavic
ELK	ELK	11	1	Balto-Slavic
EMPTY	EMPTY	11	1	Balto-Slavic
END (OF SPACE)	END (OF SPACE)	11	1	Balto-Slavic
END (OF TIME)	END (OF TIME)	11	1	Balto-Slavic
ENDURE	ENDURE	11	1	Balto-Slavic
ENEMY	ENEMY	11	1	Balto-Slavic
ENTER	ENTER	11	1	Balto-Slavic
ESCAPE	ESCAPE	11	1	Balto-Slavic
EVENING	EVENING	11	1	Balto-Slavic
EVIL	EVIL	11	1	Balto-Slavic
EXPENSIVE	EXPENSIVE	11	1	Balto-Slavic
FALL ASLEEP	FALL ASLEEP	11	1	Balto-Slavic
FAME	FAME	11	1	Balto-Slavic
FAMILY	FAMILY	11	1	Balto-Slavic
FAT (OBESE)	FAT (OBESE)	11	1	Balto-Slavic
FAULT	FAULT	11	1	Balto-Slavic
FEBRUARY	FEBRUARY	11	1	Balto-Slavic
FEED	FEED	11	1	Balto-Slavic
FEEL (TACTUALLY)	FEEL (TACTUALLY)	11	1	Balto-Slavic
FENCE	FENCE	11	1	Balto-Slavic
FEVER	FEVER	11	1	Balto-Slavic
FILL	FILL	11	1	Balto-Slavic
FINGER	FINGER	11	1	Balto-Slavic
FINGERNAIL OR TOENAIL	FINGERNAIL	11	1	Balto-Slavic
FINISH	FINISH	11	1	Balto-Slavic
FIR	FIR	11	1	Balto-Slavic
FIRST	FIRST	11	1	Balto-Slavic
FLAT	FLAT	11	1	Balto-Slavic
FLEE	FLEE	11	1	Balto-Slavic
FLOOR	FLOOR	11	1	Balto-Slavic
FOOD	FOOD	11	1	Balto-Slavic
FOR A LONG TIME	FOR A LONG TIME	11	1	Balto-Slavic
FOREIGN	FOREIGN	11	1	Balto-Slavic
FORGET	FORGET	11	1	Balto-Slavic
FORK	FORK	11	1	Balto-Slavic
FORTY	FORTY	11	1	Balto-Slavic
FRESH	FRESH	11	1	Balto-Slavic
FRIDAY	FRIDAY	11	1	Balto-Slavic
FRIEND	FRIEND	11	1	Balto-Slavic
FROST	FROST	11	1	Balto-Slavic
FRY	FRY	11	1	Balto-Slavic
FUR	FUR	11	1	Balto-Slavic
GAME	GAME	11	1	Balto-Slavic
GENTLE	GENTLE	11	1	Balto-Slavic
GET	GET	11	1	Balto-Slavic
GET TIRED	GET TIRED	11	1	Balto-Slavic
GLASS	GLASS	11	1	Balto-Slavic
GOD	GOD	11	1	Balto-Slavic
GOLD	GOLD	11	1	Balto-Slavic
GOOD-LOOKING	GOOD-LOOKING	11	1	Balto-Slavic
GOOSE	GOOSE	11	1	Balto-Slavic
GRAIN	GRAIN	11	1	Balto-Slavic
GRANDFATHER	GRANDFATHER	11	1	Balto-Slavic
GRANDMOTHER	GRANDMOTHER	11	1	Balto-Slavic
GRAVE	GRAVE	11	1	Balto-Slavic
GREY	GREY	11	1	Balto-Slavic
GRIEF	GRIEF	11	1	Balto-Slavic
GROUND	GROUND	11	1	Balto-Slavic
GUEST	GUEST	11	1	Balto-Slavic
GUN	GUN	11	1	Balto-Slavic
HALF	HALF	11	1	Balto-Slavic
HANDLE	HANDLE	11	1	Balto-Slavic
HANG UP	HANG UP	11	1	Balto-Slavic
HAPPEN	HAPPEN	11	1	Balto-Slavic
HARE	HARE	11	1	Balto-Slavic
HAY	HAY	11	1	Balto-Slavic
HEALTHY	HEALTHY	11	1	Balto-Slavic
HEAT	HEAT	11	1	Balto-Slavic
HELP	HELP	11	1	Balto-Slavic
HILL	HILL	11	1	Balto-Slavic
HINDER	HINDER	11	1	Balto-Slavic
HOME	HOME	11	1	Balto-Slavic
HONEY	HONEY	11	1	Balto-Slavic
HOOK	HOOK	11	1	Balto-Slavic
HORSE	HORSE	11	1	Balto-Slavic
HOW MUCH	HOW MUCH	11	1	Balto-Slavic
HOWL	HOWL	11	1	Balto-Slavic
HUNGER	HUNGER	11	1	Balto-Slavic
IDOL	IDOL	11	1	Balto-Slavic
IN FRONT OF	IN FRONT OF	11	1	Balto-Slavic
IN VAIN	IN VAIN	11	1	Balto-Slavic
INCREASE	INCREASE	11	1	Balto-Slavic
INVITE	INVITE	11	1	Balto-Slavic
IRON	IRON	11	1	Balto-Slavic
ISLAND	ISLAND	11	1	Balto-Slavic
JANUARY	JANUARY	11	1	Balto-Slavic
JAW	JAW	11	1	Balto-Slavic
JOIN	JOIN	11	1	Balto-Slavic
JOY	JOY	11	1	Balto-Slavic
KETTLE	KETTLE	11	1	Balto-Slavic
KICK	KICK	11	1	Balto-Slavic
KIND (THING)	KIND (THING)	11	1	Balto-Slavic
KING	KING	11	1	Balto-Slavic
KISS	KISS	11	1	Balto-Slavic
KNIFE	KNIFE	11	1	Balto-Slavic
KNOCK	KNOCK	11	1	Balto-Slavic
KNOT	KNOT	11	1	Balto-Slavic
LADDER	LADDER	11	1	Balto-Slavic
LANGUAGE	LANGUAGE	11	1	Balto-Slavic
LAST (FINAL)	LAST (FINAL)	11	1	Balto-Slavic
LAY (VERB)	LAY (VERB)	11	1	Balto-Slavic
LAZY	LAZY	11	1	Balto-Slavic
LEAD (GUIDE)	LEAD	11	1	Balto-Slavic
LEARN	LEARN	11	1	Balto-Slavic
LEATHER	LEATHER	11	1	Balto-Slavic
LENGTH	LENGTH	11	1	Balto-Slavic
LETTER	LETTER	11	1	Balto-Slavic
LID (COVER, CAP)	LID	11	1	Balto-Slavic
LIFE	LIFE	11	1	Balto-Slavic
LIGHT (RADIATION)	LIGHT	11	1	Balto-Slavic
LIKE	LIKE	11	1	Balto-Slavic
LINE	LINE	11	1	Balto-Slavic
LIP	LIP	11	1	Balto-Slavic
LISTEN	LISTEN	11	1	Balto-Slavic
LOAD	LOAD	11	1	Balto-Slavic
LOCK	LOCK	11	1	Balto-Slavic
LOUD	LOUD	11	1	Uralic
LOVE	LOVE	11	1	Balto-Slavic
MAINLAND	MAINLAND	11	1	Balto-Slavic
MAKE	MAKE	11	1	Balto-Slavic
MEAL	MEAL	11	1	Balto-Slavic
MEASURE	MEASURE	11	1	Balto-Slavic
MEDICINE	MEDICINE	11	1	Balto-Slavic
MEET	MEET	11	1	Balto-Slavic
MELT	MELT	11	1	Balto-Slavic
MEMORY	MEMORY	11	1	Balto-Slavic
MERRY	MERRY	11	1	Balto-Slavic
MIDDAY	MIDDAY	11	1	Balto-Slavic
MIDDLE	MIDDLE	11	1	Balto-Slavic
MILK	MILK	11	1	Balto-Slavic
MIRROR	MIRROR	11	1	Balto-Slavic
MISTAKE	MISTAKE	11	1	Balto-Slavic
MONDAY	MONDAY	11	1	Balto-Slavic
MONEY	MONEY	11	1	Balto-Slavic
MOUSE	MOUSE	11	1	Balto-Slavic
MOUSTACHE	MOUSTACHE	11	1	Balto-Slavic
MUSHROOM	MUSHROOM	11	1	Balto-Slavic
NAIL (TOOL)	NAIL (TOOL)	11	1	Balto-Slavic
NAKED	NAKED	11	1	Balto-Slavic
NAPE (OF NECK)	NECK	11	1	Balto-Slavic
NEST	NEST	11	1	Balto-Slavic
NEVER	NEVER	11	1	Balto-Slavic
NEWSPAPER	NEWSPAPER	11	1	Balto-Slavic
NINETY	NINETY	11	1	Balto-Slavic
NOISE	NOISE	11	1	Balto-Slavic
NOOSE	NOOSE	11	1	Balto-Slavic
NORTH	NORTH	11	1	Balto-Slavic
NOW	NOW	11	1	Balto-Slavic
OFTEN	OFTEN	11	1	Balto-Slavic
OIL (ORGANIC SUBSTANCE)	OIL (ORGANIC SUBSTANCE)	11	1	Balto-Slavic
ONE TIME	ONE TIME	11	1	Balto-Slavic
ONION	ONION	11	1	Balto-Slavic
OR	OR	11	1	Balto-Slavic
OWL	OWL	11	1	Balto-Slavic
OWN	OWN	11	1	Balto-Slavic
PADDLE	PADDLE	11	1	Balto-Slavic
PAIN	PAIN	11	1	Balto-Slavic
PAINT (PIGMENTS)	PAINT (PIGMENTS)	11	1	Balto-Slavic
PAINTING	PAINTING	11	1	Balto-Slavic
PALM OF HAND	PALM OF HAND	11	1	Balto-Slavic
PARENTS	PARENTS	11	1	Balto-Slavic
PART	PART	11	1	Balto-Slavic
PASS	PASS	11	1	Balto-Slavic
PASTURE	PASTURE	11	1	Balto-Slavic
PAY	PAY	11	1	Balto-Slavic
PEOPLE	PEOPLE	11	1	Balto-Slavic
PHYSICIAN	PHYSICIAN	11	1	Balto-Slavic
PICK	PICK	11	1	Balto-Slavic
PICTURE	PICTURE	11	1	Balto-Slavic
PIG	PIG	11	1	Balto-Slavic
PILLOW	PILLOW	11	1	Balto-Slavic
PINE	PINE	11	1	Balto-Slavic
PIT (POTHOLE)	PIT	11	1	Balto-Slavic
PLACE (POSITION)	PLACE (POSITION)	11	1	Balto-Slavic
POINTED	POINTED	11	1	Balto-Slavic
POOR	POOR	11	1	Balto-Slavic
POT	POT	11	1	Balto-Slavic
POUR	POUR	11	1	Balto-Slavic
POWER	POWER	11	1	Balto-Slavic
PRAISE	PRAISE	11	1	Balto-Slavic
PRECIPICE	PRECIPICE	11	1	Balto-Slavic
PRESERVE	PRESERVE	11	1	Balto-Slavic
PRESS	PRESS	11	1	Balto-Slavic
PRICE	PRICE	11	1	Balto-Slavic
PROMISE	PROMISE	11	1	Balto-Slavic
PUT	PUT	11	1	Balto-Slavic
QUIET	QUIET	11	1	Balto-Slavic
RAISE	RAISE	11	1	Balto-Slavic
RAISE (A CHILD)	RAISE (A CHILD)	11	1	Balto-Slavic
READ	READ	11	1	Balto-Slavic
RECOVER	RECOVER	11	1	Balto-Slavic
REMEMBER	REMEMBER	11	1	Balto-Slavic
REPAIR	REPAIR	11	1	Balto-Slavic
RESCUE	RESCUE	11	1	Balto-Slavic
REST	REST	11	1	Balto-Slavic
RESULT IN	RESULT IN	11	1	Balto-Slavic
RICH	RICH	11	1	Balto-Slavic
RING	RING	11	1	Balto-Slavic
RIPEN	RIPEN	11	1	Balto-Slavic
ROCK	ROCK	11	1	Balto-Slavic
ROOF	ROOF	11	1	Balto-Slavic
ROOSTER	ROOSTER	11	1	Balto-Slavic
ROUGH	ROUGH	11	1	Uralic
ROW	ROW	11	1	Balto-Slavic
RULE	RULE	11	1	Balto-Slavic
SAD	SAD	11	1	Balto-Slavic
SATURDAY	SATURDAY	11	1	Balto-Slavic
SCRAPE	SCRAPE	11	1	Balto-Slavic
SECOND	SECOND	11	1	Balto-Slavic
SEEM	SEEM	11	1	Balto-Slavic
SELL	SELL	11	1	Balto-Slavic
SEND	SEND	11	1	Balto-Slavic
SET (HEAVENLY BODIES)	SET (HEAVENLY BODIES)	11	1	Balto-Slavic
SEVENTY	SEVENTY	11	1	Balto-Slavic
SEVERE	SEVERE	11	1	Balto-Slavic
SHARE	SHARE	11	1	Uralic
SHARPEN (SOMETHING)	SHARPEN (SOMETHING)	11	1	Balto-Slavic
SHEEP	SHEEP	11	1	Balto-Slavic
SHELF	SHELF	11	1	Balto-Slavic
SHELL	SHELL	11	1	Uralic
SHINE	SHINE	11	1	Balto-Slavic
SHIRT	SHIRT	11	1	Balto-Slavic
SHIVER	SHIVER	11	1	Balto-Slavic
SHOE	SHOE	11	1	Balto-Slavic
SHOP	SHOP	11	1	Balto-Slavic
SHORE	SHORE	11	1	Balto-Slavic
SHOUT	SHOUT	11	1	Balto-Slavic
SHOVEL	SHOVEL	11	1	Balto-Slavic
SHOW	SHOW	11	1	Balto-Slavic
SICK	SICK	11	1	Balto-Slavic
SILVER	SILVER	11	1	Balto-Slavic
SIT DOWN	SIT DOWN	11	1	Balto-Slavic
SIXTY	SIXTY	11	1	Balto-Slavic
SKIN (OF FRUIT)	SKIN (OF FRUIT)	11	1	Balto-Slavic
SLEDGE	SLEDGE	11	1	Balto-Slavic
SOMETIMES	SOMETIMES	11	1	Balto-Slavic
SON	SON	11	1	Balto-Slavic
SOUP	SOUP	11	1	Balto-Slavic
SOUTH	SOUTH	11	1	Balto-Slavic
SPADE	SPADE	11	1	Balto-Slavic
SPARK	SPARK	11	1	Balto-Slavic
SPEAK	SPEAK	11	1	Balto-Slavic
SPEECH	SPEECH	11	1	Balto-Slavic
SPIRIT	SPIRIT	11	1	Balto-Slavic
SPOIL (BECOME SPOILED)	SPOIL (BECOME SPOILED)	11	1	Balto-Slavic
SPOIL (SOMEBODY OR SOMETHING)	SPOIL (SOMEBODY OR SOMETHING)	11	1	Balto-Slavic
SPOON	SPOON	11	1	Balto-Slavic
SPRING (OF WATER)	SPRING (OF WATER)	11	1	Balto-Slavic
SPRINGTIME	SPRINGTIME	11	1	Balto-Slavic
SQUIRREL	SQUIRREL	11	1	Balto-Slavic
STAND UP	STAND UP	11	1	Balto-Slavic
STEP (VERB)	STEP (VERB)	11	1	Balto-Slavic
STING	STING	11	1	Balto-Slavic
STINGY	STINGY	11	1	Balto-Slavic
STOMACH	STOMACH	11	1	Balto-Slavic
STORY	STORY	11	1	Balto-Slavic
STOVE	STOVE	11	1	Balto-Slavic
STRENGTH	STRENGTH	11	1	Balto-Slavic
STRING	STRING	11	1	Balto-Slavic
STRONG	STRONG	11	1	Balto-Slavic
STUPID	STUPID	11	1	Balto-Slavic
SUCCEED	SUCCEED	11	1	Balto-Slavic
SUMMIT	SUMMIT	11	1	Balto-Slavic
SUNDAY	SUNDAY	11	1	Balto-Slavic
SWAMP	SWAMP	11	1	Balto-Slavic
SWAY	SWAY	11	1	Balto-Slavic
SWEEP	SWEEP	11	1	Balto-Slavic
TABLE	TABLE	11	1	Balto-Slavic
TASTE	TASTE	11	1	Balto-Slavic
TASTE (SOMETHING)	TASTE (SOMETHING)	11	1	Balto-Slavic
TASTY	TASTY	11	1	Balto-Slavic
TEA	TEA	11	1	Balto-Slavic
TEACHER	TEACHER	11	1	Balto-Slavic
TEAR (OF EYE)	TEAR	11	1	Balto-Slavic
TELL	TELL	11	1	Balto-Slavic
TENDON	TENDON	11	1	Balto-Slavic
FINE OR THIN	THIN	11	1	Balto-Slavic
THIN (SLIM)	THIN (SLIM)	11	1	Balto-Slavic
THING	THING	11	1	Balto-Slavic
THIRD	THIRD	11	1	Balto-Slavic
THIRTY	THIRTY	11	1	Balto-Slavic
THREAD	THREAD	11	1	Balto-Slavic
THROUGH	THROUGH	11	1	Balto-Slavic
THUNDER (VERB)	THUNDER (VERB)	11	1	Balto-Slavic
THURSDAY	THURSDAY	11	1	Balto-Slavic
TIME	TIME	11	1	Balto-Slavic
TODAY	TODAY	11	1	Balto-Slavic
TOE	TOE	11	1	Balto-Slavic
TOGETHER	TOGETHER	11	1	Balto-Slavic
TOWEL	TOWEL	11	1	Balto-Slavic
TOWN	TOWN	11	1	Balto-Slavic
TRAP (PITFALL)	TRAP (PITFALL)	11	1	Balto-Slavic
TREE TRUNK	TREE TRUNK	11	1	Balto-Slavic
TROUSERS	TROUSERS	11	1	Balto-Slavic
TRUTH	TRUTH	11	1	Balto-Slavic
TRY	TRY	11	1	Balto-Slavic
TUESDAY	TUESDAY	11	1	Balto-Slavic
TWELVE	TWELVE	11	1	Balto-Slavic
UNDERSTAND	UNDERSTAND	11	1	Balto-Slavic
UNTIE	UNTIE	11	1	Uralic
UNTRUTH	UNTRUTH	11	1	Balto-Slavic
UP	UP	11	1	Balto-Slavic
VEIN	VEIN	11	1	Balto-Slavic
VERY	VERY	11	1	Balto-Slavic
VILLAGE	VILLAGE	11	1	Balto-Slavic
VISIBLE	VISIBLE	11	1	Balto-Slavic
VISIT	VISIT	11	1	Balto-Slavic
VOICE	VOICE	11	1	Balto-Slavic
WAIT (FOR)	WAIT (FOR)	11	1	Balto-Slavic
WAKE UP	WAKE UP	11	1	Balto-Slavic
WANT	WANT	11	1	Balto-Slavic
WAR	WAR	11	1	Balto-Slavic
WATCH	WATCH	11	1	Balto-Slavic
WAVE	WAVE	11	1	Balto-Slavic
WEAK	WEAK	11	1	Balto-Slavic
WEATHER	WEATHER	11	1	Balto-Slavic
WEDNESDAY	WEDNESDAY	11	1	Balto-Slavic
WEEK	WEEK	11	1	Balto-Slavic
WEIGHT	WEIGHT	11	1	Balto-Slavic
WELL	WELL	11	1	Balto-Slavic
WEST	WEST	11	1	Balto-Slavic
WHY	WHY	11	1	Balto-Slavic
WILLOW	WILLOW	11	1	Balto-Slavic
WIN	WIN	11	1	Balto-Slavic
WINDOW	WINDOW	11	1	Balto-Slavic
WINTER	WINTER	11	1	Balto-Slavic
WOLF	WOLF	11	1	Balto-Slavic
WOOL	WOOL	11	1	Balto-Slavic
WORK (LABOUR)	WORK (LABOUR)	11	1	Balto-Slavic
WORLD	WORLD	11	1	Balto-Slavic
WOUND	WOUND	11	1	Balto-Slavic
WRAP	WRAP	11	1	Balto-Slavic
WRITE	WRITE	11	1	Balto-Slavic
YOUNG	YOUNG	11	1	Balto-Slavic
MILLET	MILLET	10	1	Uralic
LEND	LEND	9	1	Uralic
MUMBLE	MUMBLE	9	1	Uralic
YOUNGER BROTHER	BROTHER	8	1	Uralic
GRANDCHILD	GRANDCHILD	8	1	Uralic
TURTLE	TURTLE	6	1	Uralic
VULTURE	VULTURE	6	1	Uralic
SPHERICAL (ROUND IN THREE DIMENSIONS)	ROUND	5	1	Hokan
GRANDSON	GRANDSON	4	1	Uralic
CIRCULAR (ROUND IN TWO DIMENSIONS)	ROUND	4	1	Hokan
THIN (OF HAIR AND THREAD)	THIN	2	1	Hokan
