	Erzya	Estonian	Finnish	Hungarian	Ingrian	Karelian	Khanty	Kildin Saami	Komi-Permyak	Komi-Zyrian	Livonian	Mansi	Meadow Mari	Nganasan	North Saami	Selkup	Skolt Saami	South Saami	Tundra Nenets	Udmurt	Veps	Votic	Võro
ALL_1		kɤik	kɑikːi		kɑi	kɑikːi															kɑik	kɤik	kˑɤikʲˑ
ALL_2								puɡː							pʊ̯ɔh		pukɐ						
ALL_3												soːχ											
ALL_4														bənsə									
ALL_5																		kɑːjhkɛ					
ALL_6							əjsɑ̆ɣɯt																
ALL_7										stɑv													
ALL_8													ʧə̠lɑ										
ALL_9				mind															mɑlʔ	vɑɲmɯz			
ALL_10																muntə							
ALL_11									bɯdɤs	bɯd													
ALL_12	veɕe			øsːɛʃ																			
ASH_1		tuhk	tuxkɑ			tʊxkɑ															tʊxk	tuhk	tˑuhkˑ
ASH_2											tuːˀɡɨd												
ASH_3								kunː							kʊtnɑ		kunːɐ	kuβnɛ					
ASH_4	kulov			hɒmu																			
ASH_5																ɕiːmə							
ASH_6					poro		pær													peɲ			
ASH_7													lomə̠ʒ	tuːdʲoəʔ									
ASH_8							kɑjəm		pɤjim	pɤjim		χuːʎəm							tunzʲibʲɑ				
BARK_1								paːr̥ːk							paːrɑhkʊ			pɑːrhkuʌ					
BARK_2	sud												ʃym										
BARK_3				keːrɛɡ						kɯrɕ									sʲɑbt				kˑosˑkʲˑ
BARK_4														kɑsu		qɑːsə							
BARK_5								peːsʲː												sul			
BARK_6	kerʲ	puːkoːr~korp			koːri	kʊɔri	kær	keːrː	kɑʨ		kuːorʲ	keːr	kyr				kərːɐ			kur	kɔrʲ	koːri	kˑuːrʲ
BARK_7			kɑːrnɑ																				
BARK_8												jiwsuːl											
BELLY_1													myʃkə̠r										
BELLY_2																						mɑko	
BELLY_3							poɣlɯ			ruʃku													
BELLY_4			mɑɦɑ																				
BELLY_5		vɑtːs	ʋɑʦɑ		vɑʦɑ						vɑtsɑː										vɑʦ	vɑtːs	
BELLY_6												soːriɣ				perkə							
BELLY_7								ʧuejːv				sim		ʧɑjbə	ʧɔ̯ɑvji		ʧɔuʝːɘ	ʧoæjːiɛ	tʲiw				
BELLY_8	peke																						
BELLY_9		kɤht		hɒʃ			kŏɳ													kɤt	kɔxt		kˑɤtː
BELLY_10									kɯnɤm														
BELLY_11							ont																
BELLY_12				ɟomor																			
BIG_1			iso										kuɣu										
BIG_2							lŏɣɑt																
BIG_3								ʃuːrː									ʃurːɐ						
BIG_4															stʊ̯ɔris			stuʌrɛ					
BIG_5		suːr	suːri		suːr	suːri					suːr										sʊrʲ	suːr	sˑuːrʲ
BIG_6				nɒɟ																			
BIG_7									ɯʤɯt	ɯʤɯd				ɑniʔə									
BIG_8							eɳə					jɑniɣ											
BIG_9																uə̠rqə			ŋɑrkɑ				
BIG_10	pokʃ																						
BIG_11																				bɑʥːɯm			
BIRD_1									kɑj														
BIRD_2										kiʦɑ													
BIRD_3													kɑjə̠k										
BIRD_4	nɑrmuɲ																						
BIRD_5														təibəː									
BIRD_6							wɑjəɣ			lebɑʨ						suːrəm							
BIRD_7		lint	lintu		lind̥u	lintʊ		lɒːnʲːt			lind				lɔdti		lɔdʲːɘ	lɛtːiɛ			lind	lintu	
BIRD_8				mɒdaːr																			
BIRD_9																							ʦirkˑ
BIRD_10																tilʧətisuːrəm			tʲirtʲɑsɑrmʲik				
BIRD_11																				tɯloburdo			
BIRD_12												towəluːj											
BITE_1			purːɑ		purːɑ	pʊrːɑ	pŏr					puri	purɑm			sɑːʧə					pʊrdɑ	purɤmɑ	pˑurɤmɑ
BITE_2								kaːʦʲːke							kaːskih		kaʦʲc͡çːɛd						
BITE_3	rumʃtɑms								kurʨːɑvnɯ	kurtʲʨɯnɯ										kurtʨɯnɯ			
BITE_4		hɑmːustɑtɑ									jɑmstə												
BITE_5	suskoms																					ɑmːɤsːɤmɑ	
BITE_6														sɑkələsɑ									
BLACK_1		must	mustɑ		mustɑ	mʊstɑ					mustɑː										mʊst	mus	musˑtˑ
BLACK_2	rɑuʒo							ʧɒːhpe	ɕɤd	ɕɤd		seːməl			ʧaːhpːes	sæːqə	ʧɒpːɐd	ʧeːhpɛs	pərʲidʲeːɲɑ	ɕɤd			
BLACK_3							pəɣtə						ʃeme										
BLACK_4														tusɑjkɑʔɑ									
BLOOD_1														kɑm		kɤm							
BLOOD_2	verʲ	veri	ʋeri	veːr	veri	vɛri	wər	veːrː	vir	vir	vɛr		βyr		vɑrːɑ		vərːɐ	βɨrːɛ	weːjɑ	vir	vɛri	veri	veri
BLOOD_3												wiɣər											
BLOOD_4												keːlp											
BONE_1		luː	luː		luː	luː			lɯ	lɯ	luː		lu			lɯː			lɨ	lɯ	lʊ	luː	luː
BONE_2		kont																					
BONE_3									koskɑ														
BONE_4	lovɑʒɑ																	moɒruʌ					
BONE_5	pɑkɑrʲ													lɑtəː									
BONE_6							lŏχ					luw											
BONE_7				ʧont				taːxʲːt							taːkti		taxʲtʲːɘ						
BREAST_1									moros	morɤs													
BREAST_2				mɛl			møɣəl					mɑːɣl											
BREAST_3	meʃtʲe~potʲe																						
BREAST_4								ninːʧ						ɕinɕə									
BREAST_5		rint	rintɑ		rind̥ɑ	rintɑ		ranʲːt			riːndɑ											rint	rint
BREAST_6													ʧə̠ze			kɯːlə				ɡɑdʲ			
BREAST_7													oŋ										
BURN_1	pɑloms	pɤletɑ	pɑlɑː		pɑlˑɑː	pɑlʊɑ		puːlʲːe	soʨːɯnɯ	lomɑvnɯ~sotʲʨɯnɯ	pɑlːə				pʊ̯ɔlːih		pualʲdʲːɛd	pʉɛlɛdh		ʤuɑnɯ	pɑlːɑdɑ	pɤlɤmɑ	pˑɑlɑmɑ
BURN_2																			pərɑdɑsʲ				
BURN_3													jylem										
BURN_4				eːɡ								teːɣ				ɑm							
BURN_5							li																
CLOUD_1					tuːtˑsɑ																	tuːʧ	
CLOUD_2												tul											
CLOUD_3	kovol								kɯmɤr	kɯmɤr													
CLOUD_4														ʧiəðu		tiːtːə			tʲir				
CLOUD_5	peʎ	pilv	pilʋi	fɛlɦøː	pilvi	pilvi	pələŋ	peːvːl			piːlɑ		pə̠l		pɑlɑvɑ		pəlvːɐ	palβɛ		piʎem	pilʲv	pilvi	pˑilvʲ
COLD_1														ʧəɕiɕi		tɑɕːu			tʲeːʦʲdɑ				
COLD_2							ətʲəɣ																
COLD_3												ɑɕərmɑ											
COLD_4				hidɛɡ	kuːmɑ				kɤʥɯt	kɤʥɯd										keʑɯt			
COLD_5																						kɑhu	
COLD_6							jøɣli						jyʃtø								vilʊ		
COLD_7								kelmas							kɑlmːɑs		kəːlmɐs						
COLD_8	keʎme	kylm	kylmæ		kylmæ	kylmæ					kiːlmɑ							kalmɛ				ʧyl	kˑylm
COME_1				jøn								jiw											
COME_2							jø̆									tyː							
COME_3							jŏχət	puedʲːe							pɔ̯ɑhtih		puɛtʲːɛd	poætɛdh					
COME_4		tulːɑ	tulːɑ		tulːɑ	tʊlːɑ					tuːldɑ			tujɕɑ							tʊldɑ	tulɤmɑ	tˑulɤmɑ
COME_5									loknɯ	vonɯ~loknɯ			tolɑm							vuɯnɯ			
COME_6																			toːsʲ				
COME_7	sɑms																						
COME_8																				lɯktɯnɯ			
DIE_1							sur																
DIE_2																quː							
DIE_3															jaːpmih		ʝaːmʲːɛd	jæːmɛdh					
DIE_4																						surɤmɑ	
DIE_5														kuədʲɑ					xɑsʲ				
DIE_6							kɑ̆lɑ					χoːli											
DIE_7	kuloms	surːɑ	kuolːɑ		koːlːɑ	kʊɔlːɑ		jɒːmʲːe	kuvnɯ	kuvnɯ	kuːolə		kolem							kulɯnɯ	kɔldɑ	koːlɤmɑ	kˑuːlmɑ
DIE_8				mɛkhɒl																			
DIE_9														dʲɑŋɡumsɑ									
DOG_1	piɲe			kucɒ				pienːe	pon	pon	piɲ		pij		pe̯ænɑ		piɐnːɒi	pɨɛɲɛ		punɯ			pˑini
DOG_2		koer	kojrɑ		koirɑ	kɔirɑ															kɔir	koir	
DOG_3	kiskɑ																						
DOG_4							æmp					ɑːmp											
DOG_5														bɑŋ		kɤnɑŋ							
DOG_6																			wæɲeːkoː				
DRINK_1												ɑji				ytə							
DRINK_2		juːɑ	juo̯dɑ		joːvːɑ	juːvːɑ	jæɲtʲ	juɡːe	junɯ	junɯ	juːodə		jyɑm		jʊhkɑh		ʝuːkːɐd	juβkɛdh		juɯnɯ	jɔdɑ	juːmɑ	juːmɑ
DRINK_3														bɯtɯdʲi									
DRINK_4	ɕimems																						
DRINK_5							li																
DRY_1				saːrɒz			sɑrəm~sosəm					toːsɑm											
DRY_2	koɕke							kɒːʃʲkesʲ						koɕyə	kɔjkːis		kɔːʃc͡çɛs		xɑsuj				
DRY_3																		kɛjhkiɛ					
DRY_4									kɤs	kos										kɤs			
DRY_5		kuiv	kuiʋɑ		kuivɑ	kʊivɑ					kuːjɑ		kukʃo			ʧɤkə					kʊiv	kuiv	kˑuiv
EAR_1	piʎe			fyl			pəl	pieʎː	peʎ	peʎ		pɑʎ	pə̠lə̠ʃ		pe̯æʎːi		pɛʎːɘ			peʎ			
EAR_2																		piɛljiɛ					
EAR_3		kɤrv	korʋɑ		korvɑ	kɔrvɑ					kuːorɑ										kɔrv	kɤrv	kˑɤrv
EAR_4														kou		qoː			xɑ				
EAT_1												teːɣ											
EAT_2																ɑm							
EAT_3							li																
EAT_4	jɑrsɑms																						
EAT_5													koʧkɑm										
EAT_6								poːrːe							pɔrːɑh		poːrːɐd						
EAT_7		syːɑ	syødæ		søːvˑæ	syːvːæ			ɕojnɯ	ɕojnɯ	siːɛdə			ŋəmsɑ					ŋəmzʲ	ɕiɯnɯ	sœdɑ	syːmæ	sˑyːmæ
EAT_8				ɛsik																			
EAT_9	sevems																						
EGG_1									koʎtʲ	koʎk													
EGG_2																eŋ							
EGG_3	ɑl																						
EGG_4		munɑ	munɑ		munɑ	mʊnɑ		manʲː			munɑːd	muːŋi	muno	mənu	mɔnːi		mɐːnʲːɘ	mʉnːiɛ		puz	mʊnɑ	munɑ	munɑ
EGG_5							məɣ																
EGG_6																			sɑrʔɲu				
EYE_1									ɕin	ɕin										ɕin			
EYE_2				sɛm			sem					sɑm				sɑji			sæw				
EYE_3	ɕeʎme	silm	silmæ		silmæ	silmæ		ʧalʲːm			siːlmɑ		ʃiɲʧɑ	ɕejmɯ	ʧɑlɛbmi		ʧɐlʲmʲːɘ	ʧɛlmiɛ			silʲm	silmʲ	sˑilm
FAR_1									ɯlɯn	ɯlɯn													
FAR_2																				kɯdʲokɯn			
FAR_3				mɛsːɛ	etːæːl																		
FAR_4												eːlɑʎ											
FAR_5	vɑsolo																						
FAR_6		kɑukel	kɑwkɑnɑ								kouɡi											kɑukɑlː	
FAR_7																							kˑɑvːɤn
FAR_8														kuntəɡunu		kuntok							
FAR_9						ɛtæhælːini							myndə̠rnø								ɛdɑhɑinɛ		
FAR_10								kuhkʲenʲ									kuc͡çɛs	kahkɛsɛ					
FAR_11				taːvol																			
FAR_12													torɑʃte										
FEATHER_1									ɡɤn	ɡɤn													
FEATHER_2	tolɡɑ	sulk	sulkɑ		sulɡ̊ɑ	sʊlkɑ																sulk	sˑulkʲ
FEATHER_3																				tɯlɯ			
FEATHER_4							tŏɣəl					towəl											
FEATHER_5				tolː												tɑr			tərʔ				
FEATHER_6			høyɦen		høyhen				bordtɯv				pə̠stə̠l										
FEATHER_7							pun	poːnːʦ				pun	pun					paʦːɛ					
FEATHER_8														totə		tuː							
FINGERNAIL_1									ɡɯʒ	ɡɯʒ		kos								ɡiʒɯ			
FINGERNAIL_2	kenʒe	kyːs	kynsi		kynz	kynsi	kø̆ɳʧ	keːnːʦ			kiːɲtʃ		kyʧ	kətu	kɑʣːɑ	qɑtə	kəʣːɐ	kaʦːɛ	xədɑ		kʏnzʲ	ʧyːni	kˑyːʦʲˑ
FINGERNAIL_3				kɒrom																			
FINGERNAIL_4																		kʉɛhpɛrɛ					
FIRE_1												uʎɑ									læmɔi		
FIRE_2	tol	tuli	tuli	tyːz	tuli	tʊli		toːlː			tuˀʎ		tul	tuj	tɔlːɑ		tolːɐ	tɔlːɛ		tɯl		tuli	tˑuli
FIRE_3									bi	bi						tyː			tu				
FIRE_4												nɑːj											
FIRE_5							tø̆ɣət																
FISH_1									ʨeri	ʨeri										ʨorɯɡ			
FISH_2	kɑl	kɑlɑ	kɑlɑ		kɑlɑ	kɑlɑ	kul	kuːlʲː			kɑlɑː	χuːl	kol	kolɯ	kʊ̯ɔlːi	quə̠lə	kuɛlʲːɘ	kʉɛliɛ	xɑʎɑ		kɑlɑ	kɑlɑ	kˑɑlɑ
FOOT_1							kø̆r			kok										kuk			
FOOT_2													jol	ŋoj					ŋæ				
FOOT_3		jɑlk	jɑlkɑ		jɑlɡ̊ɑ	jɑlkɑ		juːlʲːk			jɑːlɡɑ				jʊ̯ɔlɛki		ʝuɛlʲɟ͡ʝːɘ	jʉɛlkiɛ			jɑʊɡ	jɑlk	jɑlk
FOOT_4	piʎɡe											lɑːɣəl											
FOOT_5									kokpɯdɤs														
FOOT_6																				pɯd			
FOOT_7																topə							
FULL_1	peʃkɕe																		pɑntɑ				
FULL_2														myntyɕɑ									
FULL_3															tiɛvːɑ			tɨɛβɛ					
FULL_4												tɑːɣəl				tiːrəʎ							
FULL_5		tæis	tæysi	tɛlɛ	tæyz	tæysi	tel				tæuʒ		tiʧ								tæʊzʲ	tæynø	tˑæysʲˑ
FULL_6								tievːt															
FULL_7									tɯr	tɯr										tɯr			
FULL_8													temʃe										
FULL_9																	tiːudɒs						
FULL_10														dʲulsɯə									
GIVE_1							mə					miɣ		miɕi									
GIVE_2																mi							
GIVE_3	mɑksoms																						
GIVE_4																		βɛtːɛdh					
GIVE_5		ɑntɑ	ɑntɑː		ɑntɑː	ɑntʊɑ		anʲːte			ɑndə				ɑdtih						ɑntːɑ	ɑntɤmɑ	ɑntmɑ
GIVE_6									ɕetnɯ	ɕetnɯ										ɕotɯnɯ			
GIVE_7													puem										
GOOD_1													sɑj							umoj			
GOOD_2															pʊ̯ɔrːe		puɛrʲːɘ	pʉɛriɛ					
GOOD_3	pɑro							puːrʲː	bur	bur			poro										
GOOD_4				joː										ɲɑɡəː									hæː
GOOD_5			hyʋæ		hyvæ	hyvæ	jəm	ʃiɡ		ʃɑɲ	jɨvɑː					somɑ	ʃiəɣːɐ		səwɑ	ʥeʨ	hʏvæ	yvæ~heːkː	
GOOD_6		heɑ																					
GOOD_7												jomɑs											
GREEN_1	piʒe									veʒ		ɲɑːr								voʒ			
GREEN_2			ʋiçreæ			vihɑntɑ																viher	
GREEN_3		roheline			rohˑoin																	rohoin	rohilinɤ
GREEN_4								ruenː							rʊ̯ɔnaː		ruɐnːɐ						
GREEN_5									zeʎonɤj														
GREEN_6																		kʰrɵana					
GREEN_7											oːʎɑz												
GREEN_8							kullø̆j																
GREEN_9														ɲotərəku									
GREEN_10													uʒɑr										
GREEN_11											mɨltsi					noræʎ							
GREEN_12														ŋindiɑʔsɯə									
GREEN_13				zøld																			
HAIR_1		kɑrv	kɑrʋɑ		kɑrvɑ																		kˑɑrv
HAIR_2									ɡɤn	ɡɤn										ɡon			
HAIR_3							ɑwət																
HAIR_4												ɑːt											
HAIR_5				hɒj									yp										
HAIR_6			hius		hiuz	hivʊs															hibʊz	ivuz	hiusˑ
HAIR_7											ibuːkst												
HAIR_8		juːs							jurɕi														
HAIR_9								vuːpːt							vʊ̯ɔktɑ	oːptə	vuəptɐ	βuʌptɛ					
HAIR_10	ponɑ						pun					pun	pun										
HAIR_11																tɑr							
HAIR_12										ɕi										ɕi			
HAIR_13	ʧerʲ			søːr																			
HAIR_14								sefs						ŋɑbtə					ŋæbt				
HAND_1														dʲyty					ŋudɑ				
HAND_2																utə							
HAND_3									ki	ki										ki			
HAND_4	kedʲ	kæsi	kæsi	keːz	kæzi	kæsi	køt	kiːdː			kɛˀʒ	kɑːt	kit		kiɛhtɑ		c͡çiətːɐ	kɨɛtɛ				ʧæsi	kˑæsˑi
HAND_5																					kæzitɛrɑ		
HEAD_1	prʲɑ	peɑ	pæː	fɛj	pæː	piæ					pæː										pæ	pæː	pˑæː
HEAD_2												puŋk	βuj										
HEAD_3							oɣ																
HEAD_4								vuejːv						ŋojbu	ɔ̯ɑivi		vuɛivʲːɘ	oæjːiɛ	ŋæwɑ				
HEAD_5									jur	jur										jɯr			
HEAD_6																olə							
HEAR_1														dʲinsiɕi									
HEAR_2																yntə							
HEAR_3	kuʎems	kuːltɑ	kuːlːɑ	hɒlː	kuːlːɑ	kuːlːɑ	kɔl	kulːe	kɯvnɯ	kɯvnɯ	kuːloː	χuːli	kolɑm		kʊlːɑh		kuːlːɐd	kuβlɛdh		kɯlɯnɯ	kʊldɑ	kuːlɤmɑ	kˑuːltmɑ
HEAR_4	mɑrʲɑms																						
HEAR_5																			nɑmdəsʲ				
HEART_1															vaːjbmʊ			βɑːjmuʌ					
HEART_2								saːrʲːt															
HEART_3			sydæn		syæn								ʃym								sʏdæin	syæ	sˑyæ
HEART_4	ɕedʲej	sydɑ		siːv				kuːtʲːk								siːʨə	ʧɐːðʲɘ		sʲeːj				
HEART_5							səm					sim											
HEART_6									ɕɤlɤm	ɕɤlɤm	sidɑːm									ɕulem			
HEART_7														səː									
HEAVY_1			pɑinɑʋɑ																			pɑinukɤz	
HEAVY_2									ɕɤkɯt	ɕɤkɯd										ɕekɯt			
HEAVY_3				ʃuːjoʃ		jykiɛ															jʏɡɛd		
HEAVY_4				nɛɦeːz				loːsʲːesʲ			læːlɑm		lele		lɔsːɑh	sɤʧːəm	losːɐd	leːβlɛs					
HEAVY_5							læɣərt																
HEAVY_6												tɑːrwitəŋ											
HEAVY_7														səŋkutuo					səŋɡoːwoːtɑ				
HEAVY_8		rɑske	rɑskɑs		rɑskɑz~rɑŋkːɑ																	rɑskɑˑ	rɑsːɤ
HEAVY_9	stɑkɑ																						
HEAVY_10																							kˑɑːlsˑɑ
I_1				eːn								ɑm											
I_2														mənə		mɑn			mɑɲ				
I_3		mɑ					mæ		me	me													
I_4	mon		minæ		miæ	miɛ		munː			minɑː		mə̠j		mʊn		monɐ	manːɛ		mon	minæ	miæ	mɑʔ
KILL_1				øl			wel					ɑli											
KILL_2		tɑpːɑ	tɑpːɑː			tɑpːʊɑ					tɑpːə											tɑpːɤmɑ	tˑɑpˑmɑ
KILL_3														kotudʲɑ					xɑdɑsʲ				
KILL_4	mɑʃtoms~ʧɑvoms									kulɤdnɯ								pʉβːɛdh					
KILL_5								kɒːnʲːte							kɔdtih	quə̠t	kɔdʲːɛd						
KILL_6													puʃtɑm										
KILL_7					surmɑd̥ɑ																	surmɑmɑ	
KILL_8									vijnɯ	vijnɯ										viɯnɯ	riktɑ		
KNEE_1	kumɑʒɑ						ʧæɳʧ					sɑːns											
KNEE_2		pɤlv	polʋi		polvi	pɔlvi		puːvːl			puːolɑ		pulβuj			puːlə	puəlvːɐ	puʌlβɛ	pulɨ		pɔlʲv	pɤlvi	pˑɤlvʲ
KNEE_3									piʥɤs	piʥɤs				həɑɡɑj	ʧibpi					pɯdʲes			
KNEE_4				teːrd																			
KNOW_1										kuʒnɯ		χɑːsi											
KNOW_2	sodɑms						tŏŋəmt																
KNOW_3							onəl						ʃiɲʧem										
KNOW_4								tiːdːe							tiɛhtih		tiɛtʲːɛd	tiɛtɛdh					
KNOW_5		teɑtɑ	tie̯tæː	tud	tiːtæː	tiɛtyæ		tomːte	tɤdnɯ	tɤdnɯ	tiːɛdə										tɛtɑ	tæːtemæ	tˑiːtmæ
KNOW_6														ʧənɯdʲi		tynəmə			tʲeːɲeːwɑsʲ	tosɯnɯ		tuntɤmɑ	
KNOW_7													pɑlem										
KNOW_8												wɑːɣ											
LEAF_1									kor	kor										kuɑr			
LEAF_2														horɑðiɑj									
LEAF_3																ʨɑːpə			weːbɑ				
LEAF_4	lopɑ																						
LEAF_5												luːptɑ											
LEAF_6				lɛveːl			ɭɯwət																
LEAF_7		leht	leçti		lehti	lɛxti					lɛːɟ										lɛxtɛz	lehto	lehtʲˑ
LEAF_8								leːsːt					lə̠ʃtɑʃ		lɑstɑ		ləstːɐ						
LEAF_9										ʎis													
LIVER_1	mɑkso	mɑks	mɑksɑ		mɑksɑ	mɑksɑ					mɑksɑː		mokʃ					mʉɛksiɛ			mɑks	mɑhs	mɑsː
LIVER_2														mitə		mɯːtə			mɨd				
LIVER_3				maːj			muɣəl		mus	mus		mɑːjt								mus			
LIVER_4								vuːjvas							vʊɛjvːɑs		vuəivɐs						
LIVER_5																						peʧoŋk	
LONG_1				hosːuː			koχ	kukʲesʲ	kuʑ	kuʑ		χosɑ	kuʒu		kʊhkːi		kuc͡çːɘ			kuʑ			
LONG_2																		kʉhkiɛs					
LONG_3	kuvɑkɑ																						
LONG_4		pikː	pitkæ		pitki	pitkæ					pitkɑː										pitʲk	pitʧ	pˑikː
LONG_5																ʨumpu			jɑmb				
LONG_6														kuntɡu									
LOUSE_1	eʎi																						
LOUSE_2																unʧu							
LOUSE_3							tøɣtəm					tɑːkəm											
LOUSE_4								tɨhkʲ							tihkːi		tɛc͡çːɘ	tihkiɛ	pənzʲeːʔæ				
LOUSE_5		tæi	tæi		tæi	tæi					tɛi										tæi	tæi	tˑæi
LOUSE_6				tɛtyː					toj	toj			tij							tej			
MAN_1																			xɑsɑwɑ	vorɡoron			
MAN_2				ɛmbɛr				ɒːlmolma							ɔlmːaːj		ɔːlmɐ	ɔlma					
MAN_3							ku					χum											
MAN_4							kɑ̆sɯ																
MAN_5														kuədʲumu									
MAN_6				feːrfi												tipi							
MAN_7													pørjeŋ										
MAN_8	ʨorɑ																						
MAN_9	ɑʎɑ																						
MAN_10										mort										piosmurt			
MAN_11									muʒik	muʒɯk													
MAN_12		meːs	mies		meːz	miɛs					miːɛz										mɛzʲ	meːz	miːsʲˑ
MAN_13													mɑrij										
MAN_14														ŋɑnɑʔsɑ									
MANY_1			moni		moni																	mɤni	
MANY_2												sɑːw								tros			
MANY_3							ær																
MANY_4													jɑtə̠r										
MANY_5				ʃok									ʃuko										
MANY_6			useɑ																				
MANY_7								jeːnːe															
MANY_8									unɑ	unɑ													
MANY_9	lɑmo	mitːu														koʨːə							
MANY_10		pɑljut																					pˑɑllʲo
MANY_11														ŋuŋkəɡə									
MEAT_1								vuenːʧ									vuaʤʲːɘ						
MEAT_2				huːʃ																			
MEAT_3									jɑj	jɑi													
MEAT_4													jør										
MEAT_5													ʃə̠l							siʎ			
MEAT_6	siveʎ																						
MEAT_7		lihɑ	liɦɑ		lihɑ	lihɑ															lihɑ	lihɑ	lihɑ
MEAT_8																uə̠ʨə							
MEAT_9							ɲoɣɯ				vʊzɑː	ɲowəʎ							ŋəmzɑ				
MEAT_10														ɕɑhɯ									
MEAT_11																		peærkuʌ					
MOON_1																iræ			jirɨ				
MOON_2														kiʧəðəː									
MOON_3		kuː	kuː		kuː	kuː	iki				kuː											kuː	kˑuː
MOON_4	kov			hold																			
MOON_5																		askɛ					
MOON_6								maːnː							maːnːʊ		maːnɐ						
MOON_7									tɤliɕ	tɤlɯɕ			tə̠lze							toleʑ			
MOON_8												eːtpos											
MOUNTAIN_1		mæki			mæki						mæɡ										mæɡi	mæʧi	mæki
MOUNTAIN_2	pɑndo						pelæ																
MOUNTAIN_3																		pɨɛrjɛ					
MOUNTAIN_4							jŏɣ																
MOUNTAIN_5								paːhkʲ															
MOUNTAIN_6				hɛɟ						ʨoj		ur~ɲoːr				qɤː							
MOUNTAIN_7									kerɤs				kurə̠k							ɡureʑ			
MOUNTAIN_8			ʋuori			vʊɑrɑ								bəru	vaːrːi		vaːrʲːɘ						
MOUNTAIN_9																			xoːj				
MOUTH_1		suː	suː		suː	suː					suː	suːp~tuːs									sʊ	suː	sˑuː
MOUTH_2				saːj										ŋɑŋ		ɑːŋ			ɲɑʔ				
MOUTH_3									ɤm											ɯm			
MOUTH_4	kurɡo							ɲaːlʲːm							ɲaːlɛbmi		ɲalʲmʲːɘ	ɲæːlmiɛ					
MOUTH_5							lul			vom													
MOUTH_6													umʃɑ										
NAME_1							nem					nɑm											
NAME_2		nimi	nimi		imi	nimi			ɲim	ɲim	niˀm						nəmːɐ			ɲim	nimi	nimi	nimi
NAME_3															nɑmːɑ								
NAME_4																		numːɛ					
NAME_5														ɲim		ɲim			ɲumʔ				
NAME_6				neːv				neːmː															
NAME_7	ʎem												lym										
NEAR_1							wæɳ					wɑːtʲi											
NEAR_2				køzɛl																		juːrɤz	
NEAR_3																						tyven	
NEAR_4									mɑtɯn	mɑtɯn		ʎɑpɑt								mɑtɯn			
NEAR_5	mɑlɑso																						
NEAR_6														kɑdʲɑ									
NEAR_7								alʲːt															
NEAR_8																	ɐldːləs						
NEAR_9		liki			liɡ̊i																	liʧi	
NEAR_10													liʃne			ʧɑʧæ							
NEAR_11																		kiɛʦkiɛs					
NEAR_12																			xɑxəjɑdɑ				
NEAR_13		læhetɑl	læɦelːæ								lɛˀʒɡɨli										læhɛlinɛ		læhikˑsˑel
NEAR_14														noɡɑʔʎuky									
NECK_1		kɑel	kɑwlɑ		kɑɡ̊lɑ	kɑklɑ					kɑˀɡːɨl										kɑɡl	kɑɡl	kˑɑːl
NECK_2	kirʲɡɑ																			ʨɯrtɯ			
NECK_3														bɑkəðə									
NECK_4							sæwəl	ʧaːpex		ɕilɯ					ʧe̯æpeh		ʧɛapːɒt	ʧeæpuhkɛ					
NECK_5												sip											
NECK_6				ɲɒk					ɡoʎɑ	ɡoʎɑ									jik				
NECK_7							tur						ʃyj			soːʎ							
NEW_1	od	uːs	uːsi	uːj	uːz	uːsi		oːdː			uːʒ				ɔðɑs		oːðɐs	urːɛ			ʊzʲ	uːsi	
NEW_2													u										
NEW_3																			jeːdæj				
NEW_4																							vɑhʦɤnɤ
NEW_5							jələw		viʎ	vɯʎ										vɯʎ			
NEW_6												jiʎpi				ɕentə							
NEW_7														meɲdʲɑdʲe									
NIGHT_1												eːt	jyt										
NIGHT_2	ve													hiː		pi			pʲi				
NIGHT_3		øː	yø̯	eːj	øː	yœ		ɨjː	oj	voj										uj	œ	yː	yː
NIGHT_4															icːɑ		inːɐ	jɨjːɛ					
NIGHT_5							əj																
NOSE_1									nɯr	nɯr			ner							nɯr			
NOSE_2		ninɑ	nenæ		nenæ	nɛnæ		ɲunʲː			nɑnɑː				ɲʊnːi		ɲuːnʲːɘ	ɲʉɛniɛ			nɛnɑ	nenæ	nɤnɑ
NOSE_3														ŋyŋkə									
NOSE_4				orː			ɲŏl					ɲol											
NOSE_5	sudo															puʨə			pɨjɑ				
NOT_1	ɑ																						
NOT_2								e															
NOT_3				nɛm					ɲe														
NOT_4													oɣə̠ʃ										
NOT_5														ɲisɯ									
NOT_6																ɑsə							
NOT_7							ənt					ɑt											
NOT_8		ei			ei	ɛi															ɛi	ei	ei
NOT_9			ej							oz	æˀb				ij		iʝɐ	ij		uz			
NOT_10									ɑbu														
ONE_1														ŋuʔəiʔ					ŋoːbʔ				
ONE_2									ɤtʲik	ɤtʲik						okːər				odiɡ			
ONE_3		ykːs	yksi	ɛɟː	yks	yksi		eːxːt			ikʃ	ɑkʷɑ	ikte		ɔktɑ		əxtːɐ	aktɛ			ʏksʲ	yhs	yʦʲ
ONE_4	vejke																						
ONE_5							əjəl																
PATH OR ROAD_1		teː	tie		teː	tiɛ			tuj	tuj											tɛ	teː	tˑiː
PATH OR ROAD_2				uːt			ɭœk					ʎoːχ				uə̠tːə							
PATH OR ROAD_3														ŋutɑ									
PATH OR ROAD_4														sərəː					sʲeːxærɨ				
PATH OR ROAD_5													korno										
PATH OR ROAD_6																				ɕures			
PATH OR ROAD_7								keajːn							kæjdnʊ								
PATH OR ROAD_8																		juʌnɛ					
PATH OR ROAD_9	ki																						
PERSON_1													ɑjðeme										
PERSON_2													jeŋ										
PERSON_3									mort	mort										murt			
PERSON_4								olma									oːumɐʒ						
PERSON_5				ɛmbɛr											ɔlmːɔʃ			almɛʧɛ					
PERSON_6		inimene	içminen		inmiːn	ixmini																inimin	inemine
PERSON_7																				ɑdʲɑmi			
PERSON_8												χum				qum							
PERSON_9							kɑ̆sɯ																
PERSON_10				sɛmeːj	elˑæːjæ																		
PERSON_11														ŋɑnɑʔsɑ									
PERSON_12	lomɑɲ																						
PERSON_13			heŋkilø		henki																	enʧi	
PERSON_14												eːləmχoːlɑs											
PERSON_15											riʃtiːŋɡ								ɲeːnæʦʲ		ristit		
PERSON_16		isik																					
RED_1						rʊskiɛ															rʊskɛd		
RED_2								ruːpːse							rʊ̯ɔksɑh		ruəpsːɐd	røːpsɛs					
RED_3	jɑkstʲerʲe												joʃkɑr										
RED_4		punɑne	punɑinen		punˑɑin						punːi											punɑ	
RED_5																						kɑuniz	
RED_6																ɲɑːrqə			ɲɑrjɑnɑ				
RED_7									ɡɤrd	ɡɤrd		neːrp								ɡord			
RED_8				piroʃ~vørøʃ			wertə					wiɣər											verːev
RED_9														dʲɑbɑʔkuo									
ROOT_1								vuenʲtesʲ									vuɛdʲːɛs						
ROOT_2															rʊ̯ɔhtɑs			ruʌhʦɛ					
ROOT_3	korʲon																						
ROOT_4							ler					tɑːr											
ROOT_5				ɟøkeːr																			
ROOT_6														bəntu		konʧə							
ROOT_7	jur	juːr	juːri		juːri	juːri			vuʒ	vuʒ	juːrʲ		βoʒ						wɑnoː	vɯʒɯ	jʊrʲ	juːri	juːrʲ
ROOT_8	undoks																						
ROUND_1	keverʲ			kɛrɛk			kørək									pyrəʎ							
ROUND_2			pyøreæ		pøːræhæin	pyœriɛ	pøŋɭək																
ROUND_3								jorʲːpesʲ	ɡɤɡrɤsɑ	ɡɤɡrɤs					jɔrbpɑs	koʎɑʎ	ʝoːrbɐs	jurpɛ	sʲurtʲɑw	kotɯres~pitɯres	kɛxkɛr		
ROUND_4				ɡømbøjyː									jə̠rɣeʃke	lɑlujkuə~mɑndɑjku									
ROUND_5												mɑrɑwi	tə̠rtə̠ʃ										
ROUND_6													ʧumə̠rɑʃ										
ROUND_7		ymːɑrkune			ymb̥ærikːoi̯																	ymːerkɤin	ymærikˑ
ROUND_8	kruɡlovoj																						
ROUND_9											imːɨrɡoutlimi												
SALT_1									sov	sov													
SALT_2		soːl	suolɑ		soːlɑ	sʊɔlɑ					suːoʎ										sɔl	soːl	sˑuːl
SALT_3							sɑ̆lnə					solwɑl											
SALT_4													ʃiɲʧɑl										
SALT_5																				sɯlɑl			
SALT_6															saːlti		salʲtʲːɘ	sæːlhtiɛ					
SALT_7	sɑl							suːlʲː															
SALT_8														sɯr					seːrʔ				
SALT_9																ɕɑːq							
SALT_10				ʃoː																			
SAND_1													oʃmɑ	dʲuː									
SAND_2										lɯɑ													
SAND_3												χis											
SAND_4	pesok								pesɤk														
SAND_5				homok																			
SAND_6												seːj							təb				
SAND_7			hie̯kːɑ				sɑ̆ŋkɯ				jɨuɡə												
SAND_8								vuːntas								koːrɑ	vuədːɐs						
SAND_9															saːtːʊ			sæːtːiɛ					
SAND_10		liːv			liːvɑ																	liːv	liːv
SAND_11																				luo			
SAND_12																					lɛtɛ		
SAY_1							ɑt									kɤt							
SAY_2											kiːtə												
SAY_3				mond										munsɑ					mɑnzʲ				
SAY_4			sɑnoɑ		sɑnˑoːɑ	sɑnʊɔ															sɑnʊdɑ		
SAY_5							tŏɭəɣ	ʦiel̥ʲːke							tɑcːɑh		ʦɛalʲc͡çːɛd			verɑnɯ			
SAY_6									ʃunɯ	ʃunɯ										ʃuɯnɯ			
SAY_7					verkːɑː																		
SAY_8												lɑːwi											
SAY_9	merʲems																						
SAY_10													mɑnɑm										
SAY_11		ytːeltɑ																					ytˑlemæ
SAY_12	jovtɑms								viɕtɑvnɯ	viɕtɑvnɯ								jiɛhtɛdh				jutːɤˑmɑ	
SAY_13													ojlem										
SEE_1							wu					wɑːɣ											
SEE_2				laːt																			
SEE_3																	vuɛinʲːɛd	βʉɛjnɛdh					
SEE_4															ɔ̯ɑidniːh								
SEE_5								ujːne															
SEE_6																mɑnʧə							
SEE_7																			mɑɲijeːsʲ				
SEE_8	ɲejems													ɕejmɯʔsɯ									
SEE_9									viʥɤtnɯ					ŋəðyɕɑ									
SEE_10									ɑʥːɯnɯ	ɑʥːɯnɯ			uʒɑm							ɑʥːɯnɯ			
SEE_11		næhɑ	næçdæ		næhːæ	næhæ					næːdə										næxtɑ	næʧemæ	nækemæ
SEED_1									tuɕ	tuɕ										tɯɕ			
SEED_2													tom										
SEED_3							sem~lænsem												sæwkoː				
SEED_4													nøʃmø										
SEED_5		seːme	siemen		seːmen	siɛmɛn					siːɛmɡɨz										sɛmnɛd	seːmen	sˑeːmeʔ
SEED_6								siem							siɛpmɑn		siəmɐ						
SEED_7	vidʲme															mumːol							
SEED_8				mɒɡ																			
SEED_9			jyʋæ																			jyvæ	
SEED_10									kɤʥɯs	kɤidɯs										kidɯs			
SEED_11												uːrlɑχ											
SHORT_1																qɑːmə	vuanʲic͡ç		xæmʔ	vɑkʨi			
SHORT_2				røvid			wæɳ	ɒːnʲxesʲ	ʤeɲɯt	ʤeɲɯd		wɑːtʲi		kəːʎyky	ɔ̯ɑnehɑʃ			oænɛhks					
SHORT_3	nurʲkɑ																						
SHORT_4					mɑd̥ɑlɑin																		
SHORT_5							ɲɑɣəlt																
SHORT_6		lyhikːe	lyɦyt		lyhyd̥	lyhyt					liːti										lʏhʏd	lyhyd̥	lyhkˑene
SHORT_7													kyʧə̠k										
SIT_1												uːnli				ɑːmti							
SIT_2									pukɑvnɯ	pukɑvnɯ			ʃiɲʧem	ŋomtyɕɑ	ʧɔhkːaːh			ʧahkaʃidh	ŋɑmdʲoːsʲ	pukɯnɯ			
SIT_3		istutɑ	istuɑ		istuɑ	istʊɔ					istə										iʃtːɑ	isːumɑ	isˑtˑmɑ
SIT_4								ɨʃːte									iʃtːɐdɔːrːɒd						
SIT_5	ɑʃtʲemsozɑdo																						
SIT_6							ɑməs																
SIT_7				yl																			
SKIN_1		nɑhk									noːɡə												nɑhkˑ
SKIN_2															lijki		lɛʃʲc͡çːɘ						
SKIN_3	kiɕke																						
SKIN_4			iɦo		iho																	iho	iho
SKIN_5																			ŋɑjɑ				
SKIN_6					hibjæ																		
SKIN_7							sŏɣ					sow											
SKIN_8				bøːr				tuːʎː										ɲalʧa					
SKIN_9										ku										ku			
SKIN_10	kedʲ																						
SKIN_11									kuʨik					kuhuo		qopə							
SKIN_12													koβɑʃte										
SKIN_13					teːlɑ																		
SLEEP_1		mɑkɑtɑ			mɑmːɑd̥ɑ	mʊɑtɑ															mɑɡɑtɑ	mɑkːɑmɑ	mɑkɑmɑ
SLEEP_2											mɑˀɡːə												
SLEEP_3				ɒlsik															xoːɲoːsʲ				
SLEEP_4													mɑlem										
SLEEP_5			nukːuɑ		nukːuɑ																		
SLEEP_6	udoms							vuedʲːe	uʑnɯ	uʑnɯ		χoji			ɔ̯ɑðːih		vuɐðʲːɛd	oærɛdh		iʑɯnɯ			
SLEEP_7														kunsuɑsɑ									
SLEEP_8																qonti							
SLEEP_9							ɑ̆lɑ																
SMALL_1							æj					ɑj											
SMALL_2		væikːe																					væikˑu
SMALL_3																		smɑːβɛ					
SMALL_4													tə̠ɣə̠ðe	hiɲiə									
SMALL_5							økəm																
SMALL_6								udʦʲ	uʨɤt	iʨɤt		mɑːɲ	izi		ʊhʦːi~ʊnːi	kɯpɑ	uʦʲːɘ	unːɛ	ɲudʲɑ	piʨi			
SMALL_7	viʃkɑ										piʃki												
SMALL_8														ɕeəlɑku									
SMALL_9			pieni		peːn	piɛni															pɛnʲ	peːn	
SMALL_10				kiʃ																			
SMALL_11										posɲɯd													
SNAKE_1		usː																					
SNAKE_2																							sˑiuk
SNAKE_3					mɑd̥o																mɑdɔ	mɑto	
SNAKE_4			kæːrme			kiærmis																	
SNAKE_5															ke̯ærhpmɑʃ			kɨɛrmɛʃɛ					
SNAKE_6										kɯj										kɯj			
SNAKE_7									zmej														
SNAKE_8	jozne				mɑːhiːn																		
SNAKE_9							møŋkæm																
SNAKE_10	kuj															ɕyː							ʦusʲː
SNAKE_11				kiːɟoː				kuːvʲːt					kiʃke				kuvʲdʲːɘ						
SNAKE_12											uːʃkɑ												
SNAKE_13												ɲoːliɣ											
STAND_1							lɑʎ				piːˀlə	ʎuːʎi				nɯŋki			nusʲ				
STAND_2		seistɑ	sejstæ		seisːæ	sɛisʊɔ															sɛiʃtɑ	seisomɑ	sˑɑisˑmɑ
STAND_3								ʧuenːʧe	sulɑvnɯ	sulɑvnɯ			ʃoɣem		ʧʊ̯ɔʤːʊh		ʧuɐʤːɒd	ʧoɒʧːudh		sɯlɯnɯ			
STAND_4														nənsɯdʲi									
STAND_5	ɑʃtʲemsɕtʲɑdo																						
STAR_1	tʲeʃtʲe	tæht	tæçti	ʧilːɒɡ	tæhti	tæxti		taːsʲːt			tɛːɟ				naːsti		tasʲnʲːɘ	tɑːsta	numɡɨ		tæxtɑz	tæhti	tˑæhtʲˑ
STAR_2									kɤʥɯv	koʥuv						qɯɕəŋqɑ				kiʑiʎi			
STAR_3							kɔs																
STAR_4												sow											
STAR_5													ʃyðə̠r										
STAR_6														hotədʲiə									
STONE_1																pyː			pæ				
STONE_2														huɑlə									
STONE_3									iz	iz										iz			
STONE_4		kivi	kiʋi		kivi	kivi					kiv										kivi	ʧivi	kˑivi
STONE_5	cæv			køː			køχ						ky										
STONE_6								kiedʲːk							ke̯æðɛki		c͡çɛadʲɟ͡ʝːɘ	kiɛrkiɛ					
STONE_7												ɑːχwtɑs											
SUN_1			ɑwriŋko																				
SUN_2																			xɑjeːrdʔ				
SUN_3							syŋk																
SUN_4	ʧi													kou									
SUN_5									ʃondi	ʃondi		χoːtɑl								ʃundɯ			
SUN_6		pæikːe		nɒp	pæivyd̥	pæivæ		piejːv			pæːvɑ				pæjvːaːʃ	ʨeːlə	pɛivʲːɘ	piɛjːiɛ			pæivæinɛ	pæivʲ	pˑæiv
SUN_7													keʧe										
SWIM_1			uidɑ			ʊijɑ	otʲ					uji											
SWIM_2	ujems	ujutɑ			ujˑuːɑ				ujɑvnɯ	ujɑvnɯ			ijɑm							ujɑnɯ	ʊjʊdɑ	ujumɑ	ujomɑ
SWIM_3				uːsik															ŋoːxoːləsʲ				
SWIM_4							ɲorəɣ							hoðɯrsɯ									
SWIM_5								vuːjːe			vʊiɡə				vʊ̯ɔcːɑh		vuəʝːɐd	βuʌjɛdh					
SWIM_6										vɑrtʲʨɯnɯ													
SWIM_7																uː							
TAIL_1		sɑpɑ																				sɑpɑ	
TAIL_2			hæntæ		hænd̥æ	hæntæ															hænd		hɑnt
TAIL_3								siejːp							sæjpi		sɛibʲːɘ	siɛjpiɛ					
TAIL_4																meʨɑ							
TAIL_5							ləɣ					leːɣ											
TAIL_6														təjbu		tɑlʨu							
TAIL_7	pulo			fɒrok																			
TAIL_8									bɤʒ	bɤʒ	tɑbɑːr		poʧ							bɯʒ			
THAT_1				ɒz			tom	tudː															
THAT_2		toː	tuo		toː								tu			toː						to	tˑuː
THAT_3										tɯ					tɑh								
THAT_4								ʃto															
THAT_5	ɕe	seː									sɛ	tɑ								so		seː	
THAT_6	tonɑ												sɑðe	tɑːniə~təti				tuhtɛ					
THAT_7									sijɑ	sijɤ							tətɐ		tʲikɨ				
THAT_8														tɑkəː									
THIN_1					hoikːɑ	hɔikːɑ															hɔik	hoik	
THIN_2	ʧovɑ				heːno																		
THIN_3																ʨoːptə			jɑbtɑ			nɤdrɑ	
THIN_4			oɦut									oɕːɑ											
THIN_5				veːkoɲ			woɣəʎ	sieŋʲkesʲ	vɤsɲit	vesɲɯd	vʊiti		βiʧkə̠ʒ							vekʨi			
THIN_6		ɤhukːene												dʲobtəɡəː			ɐːzʲːtʲɛmʲɘ						ohukˑɤnɤ
THIN_7															ɑsehɑʃ			jisːɛhʦ					
THIN_8							ætəm																
THIN_9														ɲeu									
THIN_10																						lɑih	
THIS_1			tæmæ		tæmæ	tæmæ																	
THIS_2												ti											
THIS_3										tɑ	tɑ		tə̠							tɑ		to	
THIS_4									etɑ	etɑjɤ													
THIS_5															taːh		tatɐ						
THIS_6							tim	tadː								tɑm							sˑeo
THIS_7	tʲe	seː																	tʲikɨ		nɛʦɛ	seː	
THIS_8														əmə									
THOU_1		sɑ																					sˑɑk
THOU_2				tɛ					te	te										ton			
THOU_3			sinæ		siæ	siɛ					sinɑː										sinæ	siæ	
THOU_4	ton						nø̆ŋ	toːnː				nɑŋ	tə̠j	tənə	tɔn	tɑn	tonɐ	tatnɛ					
THOU_5																			pɨdər				
TONGUE_1													jə̠lme										
TONGUE_2														ɕiədʲə									
TONGUE_3				ɲɛlv			ɲæləm	ɲuxʧemʲ				ɲeːlm			ɲʊ̯ɔvʧːɑ		ɲuxʧːɐm	ɲuʌkʧɛmɛ					
TONGUE_4									kɯv	kɯv										kɯl			
TONGUE_5	keʎ	keːl	kie̯li		keːli	kiɛli					kɛːʎ					ɕeː			ɲɑmʲu		kɛlʲ	ʧeːli	kˑiːlʲ
TOOTH_1		hɑmːɑs	hɑmːɑs		hɑmːɑz	hɑmːɑs					ɑːmbɑz										hɑmbɑz	ɑmːɤz	hɑmːɑsˑ
TOOTH_2														ʧimi		timə			tʲibʲɑ				
TOOTH_3	pej			foɡ			pøŋk	paːnʲː	piɲ	piɲ		puŋk	pyj		paːtni		paːnʲːɘ	pæːniɛ		piɲ		piː	
TREE_1		puː	puː	fɒ	puː	puː			pu	pu	puː			huɑː		poː			pʲɑ		pʊ	puː	pˑuː
TREE_2													puʃeŋɡe										
TREE_3																				pispu			
TREE_4	ʧuvto																						
TREE_5								muːrː							mʊ̯ɔrːɑ		muərːɐ	muʌrɛ					
TREE_6							juɣ					jiw											
TWO_1												kitiɣ		ɕiti		ɕitə							
TWO_2									kɯk	kɯk										kɯk			
TWO_3	kɑvto	kɑks	kɑksi		kɑks	kɑksi		kuːht			kɑkʃ		kok		kʊ̯ɔkte		kuəxʲtʲːɘ	køːktɛ			kɑksʲ	kɑhs	kˑɑʦʲ
TWO_4				kɛtːøː															sʲidʲɑ				
TWO_5							kætkən																
WALK_1			kæʋelːæ		kævelːæ	kævɛlːæ															kævʊdɑ		
WALK_2		kæiɑ																					
WALK_3								vaːnʲːʦe	vetlɤnɯ	vetlɯnɯ				dʲoðyrɕɑ	vaːʣːih		vaʣʲːɛd	βæːʦːɛdh		vetlɯnɯ			
WALK_4													koʃtɑm							wɑmɯʃtɯnɯ		jɑlɡɤtːɤːmɑ	
WALK_5																							kˑɤntʲmɑ
WALK_6	jɑkɑms																						
WALK_7				ɟɒloɡol																			
WALK_8				jaːr								joːmi											
WALK_9							jəlil					jɑli											
WALK_10																qyəl							
WARM_1		soe			soːjɑ																	soːjɤ	
WARM_2													ʃokʃo										
WARM_3					vɑri											pyː							
WARM_4									ʃonɯt	ʃonɯd		mɑːltip								ʃunɯt			
WARM_5														ɲyɲɑ								løyhkæ	
WARM_6								pɒːhk						hekusɯ	liɛkːɑs		liəɡːɐs~pɒːkːɐs						
WARM_7																		pɨjβɛlɛs					
WARM_8	ʎembe		læmːin		læmːæː	læmːin					lɛm		leβe								læmʲ		læmːi
WARM_9				mɛlɛɡ			meɭək																
WARM_10																			jibɑd				
WARM_11												reːɣ											
WATER_1												wit											
WATER_2																yt							
WATER_3									vɑ	vɑ										vu			
WATER_4	vedʲ	vesi	ʋesi	viːz	vezi	vɛsi					vɛʒ		βyt								vɛzi	vesi	vesˑi
WATER_5														bɯʔ					jiʔ				
WATER_6							jəŋk	ʧaːʣʲ							ʧaːhʦi		ʧaːʦʲːɘ	ʧæːʦiɛ					
WE_1	miɲ	meie	me	mi	møː	myœ	məŋ	mɨjː	mijɤ	mi	mɛːɡ	mɑːn		mɯŋ	mij	meː	miʝɐ	mijːiɛh		mi	mœ	myː	miːʔ
WE_2													me										
WE_3																			mɑɲɑʔ				
WHAT_1																						mikæ	miæ
WHAT_2		mis	mi	mi	mi	mi		meɡː~miː	mɯj	mɯj	mis	mɑn		mɑː	mij		miːɐ	mij		mɑ	mi		
WHAT_3	meʑe						mø̆ɣi									qɑji							
WHAT_4																			ŋɑmɡæ				
WHAT_5													mo										
WHITE_1	ɑʃo																						
WHITE_2													oʃ										
WHITE_3														sɯr		sɤrə			seːrʔ				
WHITE_4										jeʤɯd		jɑːŋk								tɤdʲɯ			
WHITE_5		vɑlke	ʋɑlkoinen		vɑlkiɑ	vɑlkiɛ		viːlːke			vɑːldɑ				viɛlɑkɑh		viəlɡːɐd	βeːlkɛs			vɑʊɡɛd	vɑlɡɤkɤz	vɑlkɤ
WHITE_6				fɛɦeːr			næɣi		ʨoʨkom														
WHITE_7												ɲɑːr											
WHO_1			kukɑ		kuɡ̊ɑ		kojɯ			kod		χoːŋχɑ	kuðo						xibʲɑ				
WHO_2									kin	kin										kin			
WHO_3	ki	kes	ken	ki	ken	kɛn		keː~keɡː			kis		kø		kij		c͡çiːɐ	kiɛ			kɛn	ʧen	kˑiæ
WHO_4																kuti							
WHO_5														sɯlɯ									
WIND_1	vɑrmɑ																						
WIND_2														biə									
WIND_3								piːŋːk							piɛɡkɑ	merkə	piəɡːɐ	pɨɛkːɛ	mʲeːrʦʲɑ				
WIND_4													mɑrðeʒ										
WIND_5							wɑt					woːt											
WIND_6		tuːl	tuːli		tuːli	tuːli			tɤv	tɤv	tuːʎ									tɤl		tuːli	tˑuːlʲ
WOMAN_1	ɑvɑ			ɒsːoɲ																			
WOMAN_2													βɑte										
WOMAN_3													yðə̠rɑmɑʃ										
WOMAN_4																				kɯʃno			
WOMAN_5				nøː			ni					neː		nɯ					ɲeː				
WOMAN_6		nɑine	nɑinen		nɑin	nɑini					nɑi										nɑinɛ	nɑin	nɑːnɤ
WOMAN_7								nɨzan							nisʊ		neːzːɒn	nyjsɛnɛ					
WOMAN_8									iɲkɑ	ɑɲ						imːɑ							
WOMAN_9										nɯvbɑbɑ													
WORM_1										nomɯr										numɯr			
WORM_2			mɑto		mɑd̥o	mɑtɔ															mɑdɔ		
WORM_3								maːdː							maːhtʊ		maːtːɐ						
WORM_4							soɣ																husʲː
WORM_5	suks												ʃukʃ			ʧuk							
WORM_6																						touko	
WORM_7		usː																					
WORM_8				feːrɛɡ								peːrk											
WORM_9									ɡɑɡ										xəlɨ				
WORM_10														kəʎɕyʔə									
WORM_11																							vɑkɤl
YEAR_1	ije												ij										
YEAR_2								ɨɡʲː															
YEAR_3																	eːc͡çːɘ						
YEAR_4									vo	vo													
YEAR_5									ɡod														
YEAR_6				eːv																			
YEAR_7							ɑl																
YEAR_8																				ɑr			
YEAR_9														hyə		po			poː				
YEAR_10			ʋuosi		voːz	vʊɔsi															vɔzʲ		
YEAR_11												tɑːl											
YEAR_12		ɑːstːɑ																				ɑːstɑik	ɑːsˑtˑɑkˑ
YEAR_13											ɑːiɡɑst												
YEAR_14															jɑhki								
YEAR_15																		jæːpiɛ					
YELLOW_1													sɑrə̠										
YELLOW_2													nɑrə̠ɲʧe										
YELLOW_3		kolːɑne	keltɑinen		keltɑin	kɛltɑni																kɤltɤin	kˑɤlːɑnɤ
YELLOW_4																					pɑkʊinɛ		
YELLOW_5				ʃaːrɡɒ																			
YELLOW_6							kullø̆j																
YELLOW_7														todʲɑkuə					tɑsʲeːxæj				
YELLOW_8								ruʧːkesʲ							fiskes		viskːɐd	βiskɛs					
YELLOW_9																pɑtəʎ							
YELLOW_10											viːri	kɑsm											
YELLOW_11									veʒ	viʒ										ʧuʒ			
YELLOW_12	oʒo																						
