	Belarusian	Bulgarian	Burgenland Čakavian	Czech	Kajkavian	Latvian	Lithuanian	Macedonian	Polish	Russian	Slovak	Slovenian	Ukrainian	Čakavian (Cres)	Čakavian (Istria)	Štokavian
ALL_1												ʋə́s	ʋɛsʲ			
ALL_2															sa	sâʋ
ALL_3															sva	
ALL_4	uvʲˈesʲ		vas		vjes	viss	vʲˈɪsɐs			vʲesʲ				vɛs		
ALL_5		fsˈiʧkʲi							fʂˈɨstɛk		fʃˈɛtɔk					
ALL_6				fʃˈɛxɛn				sidef								
ASH_1	pˈopʲeɫ	pˈɛpɛɫ	pjěpɛl	pˈopɛl	pˈæpæl			pepel	pˈɔpʲjuw	pʲˈepʲɪɫ	pˈɔpɔɫ	pɛpɛ̀ːu̯	pˈɔpʲiɫ	pɔ̌ːpɛl	pˈɔpɛl	pêpeo
ASH_2										zɐɫˈa			zɔɫˈɑ			
ASH_3						pæ̌lni	pʲɛlʲɛnɐ̌j									
BACK_1				ɦr̝bɛt							xˈr̩baːt	xrbɛ́t				xř̩bat
BACK_2									ɡʐbʲjɛt							
BACK_3	sʲpʲˈina									spʲɪnˈa			spˈɪnɐ			
BACK_4		ɡrɤp							plˈɛʦɨ							
BACK_5				zˈaːda												
BACK_6																lěːʥa
BARK_1	karˈa	korˈa	ku̯ɔ̌ra	kˈuːra	kˈu̯orɒ			kora	kˈɔɾa	kɐrˈa	kˈʊ̯ɔra		kɔrˈɑ	kɔ̌ːra	kˈɔra	kôra
BARK_2												skɔ̀ːra				
BARK_3							ʒʲjɛvʲěː									
BARK_4												lùːbjɛ				
BARK_5						miza										
BELLY_1	ʐɨvˈot						pʲǐɫvɐs			ʐɨvˈot						
BELLY_2													ʒɪʋʲˈit			
BELLY_3		tɐrbˈux	tˈr̩buːɦ		tˈɛrbuh							trɛ̀ːbux		tɛrbˈux	tr̩bˈux	tř̩bux
BELLY_4				br̝ˈɪxo					bʐux		brˈuxɔ					
BELLY_5					drowb											
BELLY_6						væ̂ːdæ̌rs										
BELLY_7								mef								
BIG_1											ʋˈɛʎkiː	ʋéːlik	ʋɛɫˈɪkɪi̯			ʋêlik
BIG_2						ljɛls										
BIG_3		ɡolʲˈam						ɡoʎem								
BIG_4	vʲælʲˈikʲi		vˈɛliːk~vjělik	vˈɛlkiː	vˈæli~vˈælːi~vˈælik				vʲjˈɛlkʲi					věːli	vêːli	
BIG_5									dˈuʐɨ	bɐlʲʂˈoɪ̯						
BIG_6							dʲˈɪdʲɛlʲɪs									
BIG_7		ˈɛdɐr														
BIRD_1	ptax~ptˈuʂka	ptˈiʦɐ	ptˈiʦa	ptaːk					ptak	ptʲˈiʦə	ftaːk	ptíʧ~ptìːʦa	ptɑx	ftˈiʦa		ptîʦa
BIRD_2						putns										
BIRD_3			tˈiʦa		tˈiʦːa										tic	
BIRD_4								piʎe								
BIRD_5							pɐ̌wkʃʲtʲɪs									
BITE_1		xˈapʲɐ~uxˈapʲɐ														
BITE_2	kusˈaʦʲ		ɡrîːst	kˈou̯sat	ɡris	kuɔ̯̂st	kɑ̂ːsʲtʲɪ	kəsa	kˈɔw̃saʨ	kʊsˈatʲ	kˈuːsac	ɡrìːsti	kʊsˈɑtɪ	ɡrǐːst	ɡris	ɡrîsti
BLACK_1	ʧˈornɨ	ʧˈɛrɛn	ʧjêran~ʧjêraːn	ʧˈɛrniː	ʧɛrn			ʦr̩n	ʈ͡ʂˈaɾnɨ	ʨˈɵrnɨɪ̯	ʧˈɪ̯ɛrni	ʧə̀rn	ʧˈɔrnɪi̯	ʧěːrni~ʧˈɛrni	ʧr̩̂n	ʦr̩̂ːn
BLACK_2						mǣlns										
BLACK_3							juə̂dɐs									
BLOOD_1		krɤf	kr̩v	krɛf	kɛrv			kr̩f	kɾɛf	krofʲ					kr̩̂f	
BLOOD_2	krow						krɐ̌wjɐs				kr̩ʋ	krìː	krɔu̯	krîːj		kr̩̂ːʋ
BLOOD_3						asǐns										
BONE_1	kosʲʦʲ	kɔst	ku̯ôst	kost	kows	kāwls	kɐ̂wɫɐs	koska	kɔɕʨ	kosʲtʲ	kɔsc	kɔ̀ːst	kʲˈistkɐ	kôːst	ku̯ôs	kôːst
BREAST_1				ɦruc									ɦrˈudɪ			
BREAST_2			pˈr̩sa~pˈr̩si		pˈɛrsi				pʲjɛɾɕ		pˈr̩sɪ̯a	pə́rsi		pˈɛrsɛ	pˈr̩sa	pr̩̂sa
BREAST_3	ʁrˈuʣʲi	ɡrɤt				krǔːts~krǔːtis	kruːtʲˈɪnʲeː	ɡrada		ɡrutʲ						ɡrûːdi
BURN_1					ʒɡɒt	dɛʣinâːt	dʲæ̌ɡʲɪntʲɪ									
BURN_2										zʐɛʨ		sɛʒɡàːti				
BURN_3				ɦˈor̝ɛt							ɦˈɔrɪ̯ɛc		ɦɔɾʲˈitɪ			
BURN_4	ʁarˈɛʦʲ~palʲˈiʦʲ	ɡorʲˈɤ		pˈaːlɪt				ɡori	pˈalʲiʨ ɕɛ	ɡɐrʲˈetʲ	pˈaːɫic	ɡɔrɛ̀ːti	pɐɫˈɪtɪ	ɡɔrˈɛt	paːlˈit	ɡǒrjeti
CLOUD_1	vˈobɫaka	ˈɔbɫɐk	u̯ɔ̌blak~ʔˈɔblak	ˈoblak	ˈu̯oblɒk			oblak	ˈɔbwɔk	ˈobɫəkə	ˈɔbɫak	ɔblàːk		ɔ̌ːblak	ˈɔblak	ôblaːk
CLOUD_2				mrak		māːkuɔ̯̂nis					mrak					
CLOUD_3									xmˈuɾa				xmˈɑrɐ			
CLOUD_4							dʲɛbʲɛsʲˈɪs									
COLD_1			mˈr̩zal									mə̀rzɛu̯				
COLD_2		studˈɛn		stˈudɛniː				studen			stˈuɟɛniː					
COLD_3	xaɫˈodnɨ				zdæn		ʃɐ̂ɫtɐs		xwˈɔdnɨ	xɐɫˈodnɨɪ̯		xlàːdɛn	xɔɫˈɔdnɪi̯	xlǎːdni	xlâːdan	xlǎːdan
COLD_4						āwksts										
COME_1		ˈidɐ~dˈɔjdɐ	du̯ôjt		dowt~du̯ojt~dˈowti		ɐtʲêjtʲɪ	idi~doj								dǒːʨi
COME_2	prɨjsʲʦʲˈi			pr̝̊ˈɪjiːt					pʂɨjɕʨ	prʲɪjtʲˈi	priːsc	prìːti	prɪjtˈɪ	prǐːt	prǐːt	
COME_3						atnāːkt										
COUNT_1		brˈɔjɐ														brǒjiti
COUNT_2				pˈoʧiːtat							pˈɔʧiːtac					
COUNT_3	lʲiʧˈɨʦʲ								lʲˈiʈ͡ʂɨʨ	ɕːɪtˈatʲ		ʃtɛ̀ːti	lʲiʧˈɪtɪ			
DIE_1	pamʲˈerʦʲi					nuɔ̯̌mīrt	nʊmʲǐrʲtʲɪ				zˈɔmrɪ̯ɛc		pɔmˈɛrtɪ	pɔmrěːt		
DIE_2		umrˈɤ	ˈumriːt	ˈumr̝iːt	mrejt	mīrt	mʲǐrʲtʲɪ	umri	ˈumʐɛʨ	ʊmʲɪrʲˈetʲ	ˈumrɪ̯ɛc	umrɛ̀ːti		umrěːt	umrjěːt	ǔmrjeːti
DIRTY_1				ʃpˈɪnaviː							ʃpˈinaʋiː					
DIRTY_2		mrˈɤsɛn										umàːzan				
DIRTY_3	brˈudnɨ								bɾˈudnɨ	ɡrʲˈaznɨɪ̯			brʊdnˈɪi̯			
DIRTY_4																pr̩̂ʎaʋ
DOG_1	sabˈaka				ʦˈuʦːæk~ʦˈuːʦæk					sɐbˈakə			sɔbˈɑkɐ			
DOG_2															brɛk	
DOG_3		kˈuʧɛ						kuʧe								
DOG_4			pas	pɛs					pʲjɛs		pɛs	pɛ́s		pɛs		pâs
DOG_5						sǔns										
DOG_6							ʃuə̌									
DRINK_1		pˈijɐ						pije								
DRINK_2	pʲiʦʲ		pit	piːt	pit~piːt	ʣêrt	ɡʲæ̂rʲtʲɪ		pʲiʨ	pʲitʲ	pic	pìːti	pˈɪtɪ	pit	pit	pîti
DRY_1						sǎwss	sɐ̌wsɐs									
DRY_2			sûːɦ		suːh											
DRY_3	suxʲˈi	sux		sˈuxiː				suf	sˈuxɨ	sʊxˈoɪ̯	sˈuxiː	sùːx	sʊxˈɪi̯	sûːx	sûːx	sûːx
EAR_1						ǎwss	ɐwsʲˈɪs									
EAR_2	vˈuxa				vuʃˈejso											
EAR_3		uxˈɔ		ˈuxo				uvo	ˈuxɔ	ˈuxə	ˈuxɔ	uxɔ̀ː	wˈuxɔ	ûːxɔ	ûːxɔ	ûxo
EAR_4			ǔːɦɔ													
EARTH_1	zʲæmlʲˈæ	zɛmʲˈa	zˈɛmʎa~zˈɛmja	zˈɛmɲɛ	zˈæmʎɒ~zˈæmjɒ	zɛmɛ	ʒʲæ̌mʲeː	zemʲa	ʑˈɛmʲja	zʲɪmlʲˈa	zɛm	zéːmla	zɛmlʲˈɑ	zɛmjˈa	zɛmʎˈa	zěmʎa
EAT_1		jam														
EAT_2								jaj								
EAT_3	jˈesʲʦʲi		jîːst	jiːst	jejs	êːst			jɛɕʨ	jesʲtʲ	jɛsc	jɛ̀ːsti	jˈistɪ	jɛst	jɛs	jêsti
EAT_4							vɐ̂ɫɡʲiːtʲɪ									
EGG_1				vˈɛjʦɛ												
EGG_2							kʲɛwʃʲˈɪnʲɪs									
EGG_3	jˈæjka	jɐjʦˈɛ	jâːjʦɛ		jˈɒjʦæ			jajʦe	jˈajkɔ	jɪjʦˈo	ʋˈajʦɛ	jàːjʦɛ	jɐjʦˈɛ	jâːjɛ	jâːje	jǎːje
EGG_4						uɔ̯la										
EYE_1		okˈɔ	u̯ɔ̌kɔ	ˈoko	ˈu̯okːɔ		ɐkʲˈɪs	oko	ˈɔkɔ		ˈɔkɔ	ɔkɔ̀ː	ˈɔkɔ	ɔ̌ːkɔ	ˈɔkɔ	ôko
EYE_2	vˈoka															
EYE_3										ɡɫas						
EYE_4						aʦs										
FALL_1	pˈadaʦʲ	pˈadɐm		pˈadat					pˈadaʨ	pˈadətʲ	pˈadac	pàːdati	pˈɑdɐtɪ			pâdati
FAR_1	dalʲˈɵka	dɐlˈɛʧɛ	dǎːlɛkɔ	dˈalɛko	dˈaːlkɔ	tâːlu	toːlʲɪ	daʎeko	dalˈɛkɔ	dəlʲɪkˈo	ɟˈaɫɛkɔ	dàːlɛʧ	dɐɫˈɛkɔ	děːlɡɔ	dˈuɡɔ	dalěko
FAR_2														lǎːrɡɔ		
FEATHER_1	pʲærˈo	pɛrˈɔ	pˈɛrɔ	pˈɛro	pˈærɔ			perduf	pʲjˈuɾɔ	pʲɪrˈo	pˈɛrɔ	pɛrɔ̀ː	pɛrˈɔ	pɛrˈɔ	pɛrˈɔ~perijˈɔ	pěro
FEATHER_2						spālva										
FEATHER_3							pɫûŋksnɐ									
FINGERNAIL_1			nu̯ɔ̌ɦat	nˈɛɦɛt									nʲˈiɦɔtʲ			
FINGERNAIL_2	nˈoʁaʦʲ	nˈɔkɐt			nˈu̯ovæt	naks	nɐ̌ɡɐs	nokt		nˈoɡətʲ	ɲɛxt	nɔ̀ːxt		nɔ̌ːxɛt~nɔ̌ːfɛt	nˈɔxat	nôkat
FINGERNAIL_3									paznˈɔkʲjɛʨ							
FIRE_1				ˈoɦɛɲ							ˈɔɦɛɲ		wɔɦˈɔnʲ			
FIRE_2	aʁˈonʲ	ˈɔɡɐn			ˈu̯oɡæɲ	uɡǔns	ʊɡnʲˈɪs	oɡan	ˈɔɡʲjɛɲ	ɐɡˈonʲ		óːɡɛn		ɔɡˈɛɲ	uɡǎːɲ	
FIRE_3			ʔˈɔɡaːɲ													
FIRE_4																ʋâtra
FISH_1	rˈɨba	rˈibɐ	rˈiba	rˈɪba	rˈibɒ			riba	ɾˈɨba	rˈɨbə	rˈiba	rìːba	rˈɪbɐ	rˈiba	rˈiba	rîba
FISH_2						zǐws										
FISH_3							ʒʊvʲˈɪs									
FIVE_1	pʲæʦʲ	pɛt		pjɛt						pʲætʲ	pæc	pɛ̀ːt	pjɑtʲ			pêːt
FIVE_2									pʲjɛɲʨ							
FLOWER_1											kʋɛt	ʦʋéːt	kʋʲˈitkɐ			ʦʋjeː̂t
FLOWER_2	kʲvʲˈetka									ʦvʲɪtˈok						
FLOWER_3		ʦvˈɛtɛ		kvjɛt					kfʲjat							
FLY_1	lʲætˈaʦʲ	lɛtʲˈɤ	lˈɛtit	lˈɛːtat	lˈætit	liduɔ̯̂t	lʲěːktʲɪ	ʎeta~ʎetnuva	lˈataʨ~lˈɛʨɛʨ	lʲɪtˈatʲ	ɫˈɛcɪ̯ɛc	lɛ̀ːtati	lʲitˈɑtɪ	lɛtˈɛt	lɛtˈɛt	lětjeti~ljeː̌tati
FLY_2							sʲkrʲˈɪsʲtʲɪ									
FOOT_1									stˈɔpa	stʊpnʲˈa						stǒpalo
FOOT_2				nˈoɦa							nˈɔɦa		nɔɦˈɑ			
FOOT_3	naʁˈa		nu̯ɔ̌ɡa		nˈu̯oɡɒ			noɡa				nóːɡa		nɔɡˈa	nɔɡˈa	nǒɡa
FOOT_4						kāːja	kôːjɛ									
FOOT_5		krak														
FOUR_1	ʧatˈɨrɨ	ʧˈɛtiri		ʧtˈɪr̝ɪ					ʈ͡ʂtˈɛɾɨ	ʨɪtˈɨrʲe	ʃtˈiri	ʃtìːri	ʧɔtˈɪrɪ			ʧětiri
FULL_1	pˈownɨ	pˈɤlɛn	pûːn	pˈl̩niː	pun	pīlns	pîɫnɐs	poln	pˈɛwnɨ	pˈoɫnɨɪ̯	pˈɫ̩niː	pɔ̀ːu̯n	pˈɔʋnɪi̯	pˈɛlni	pǔːn	pûn
GIVE_1	daʦʲ		dat	daːt	dɒt~daːt	duɔ̯̂t~duɔ̯t	duə̂tʲɪ		daʨ	datʲ	dac	dàːti	dˈɑtɪ	dat	dat	dâti
GIVE_2		dam														
GIVE_3								daj								
GOOD_1	dˈobrɨ	dobˈɤr	du̯ɔ̌bar	dˈobriː	dˈu̯obær			dober	dˈɔbɾɨ		dˈɔbriː	dɔ̀ːbɛr	dˈɔbrɪi̯	dɔ̌ːbɛr	dˈɔbar	dôbar
GOOD_2										xɐrˈoʂɨɪ̯						
GOOD_3							ɡʲæ̌rɐs									
GOOD_4						laps										
GRASS_1	travˈa	trɛvˈa		trˈaːva					tɾˈava	trɐvˈa	trˈaːʋa	tràːʋa	trɐʋˈɑ			trǎːʋa
GREEN_1	zʲælʲˈɵnɨ	zɛlˈɛn	zˈɛljɛn	zˈɛlɛniː	zˈælæn	zǎʎʃ	ʒɐ̌lʲɛs	zeʎen	ʑɛlˈɔnɨ	zʲɪlʲˈɵnɨɪ̯	zˈɛɫɛniː	zɛlɛ́n	zɛɫˈɛnɪi̯	zɛlěːni	zˈɛlɛn	zělen
HAIR_1					lˈaːsi							làːs				
HAIR_2											ʋɫas		wɔɫˈɔsʲsʲɐ			
HAIR_3	vʌɫasˈɨ	kosˈa	vlâːs	vlˈasɪ				kosa	vwˈɔsɨ	vˈoɫəsɨ				vlâːs	vlâːs	kǒsa
HAIR_4							pɫɐ̂wkɐs									
HAIR_5						mats										
HAND_1	rukˈa	rɐkˈa	rˈuka	rˈuka	rˈowka	ruɔ̯̌ka	rɐŋkˈɐ	raka	ɾˈɛŋka	rʊkˈa	rˈuka	róːka	rʊkˈɑ	rukˈa	ru̯okˈa	rǔːka
HEAD_1				ɦlˈava							ɦɫˈaʋa		ɦɔɫɔʋˈɑ			
HEAD_2												ɡlàːʋa				ɡlǎːʋa
HEAD_3	ʁʌɫavˈa	ɡɫɐvˈa	ɡlâːva		ɡlˈaːvɒ~ɡlˈɒvɒ	ɡâlva	ɡɐɫvˈɐ	ɡlava	ɡwˈɔva	ɡəɫɐvˈa				ɡlavˈa	ɡlaːvˈa	
HEAR_1				slˈɪʃɛt				sluʃa	swˈɨʂɛʨ	sɫˈɨʂətʲ		slìːʃati				
HEAR_2											pˈɔʧuc					
HEAR_3	ʧuʦʲ		ʧut		ʧut~ʧˈutːi								ʧˈutɪ	ʧut	ʧut	ʧûti
HEAR_4						ʣǐrdêːt	ɡʲɪrʲdʲêːtʲɪ									
HEAR_5		ʧˈuvɐm														
HEAR_6								ʧuje								
HEART_1	sˈɛrʦa	sɐrʦˈɛ	sˈr̩ʦɛ	sˈr̩ʦɛ	sˈɛrʦæ	sîrts	ʃʲɪrʲdʲˈɪs	sr̩ʦe	sˈɛɾʦɛ	sʲˈerʦə	sˈr̩ʦɛ	srʦɛ̀ː	sˈɛrʦɛ	sˈɛrʦɛ	sˈr̩ʦɛ	sr̩̂ʦe
HEAVY_1						smaks										
HEAVY_2							sʊŋkˈʊs									
HEAVY_3	ʦʲˈæʂkʲi	tˈɛʒɐk	tjêʒak	cˈɛʃkiː	tˈæʒæk			teʒok	ʨˈɛw̃ʂkʲi	tʲɪʐˈoɫɨɪ̯	cˈaʃkiː	téːʒɛk		těːʃki	tˈɛʒak	těːʒak
HEAVY_4													ʋɐʒkˈɪi̯			
HOLD_1		dɐrʒˈɤ		dˈr̩ʒɛt						dʲɪrʐˈatʲ	dˈr̩ʒac	drʒàːti				dř̩ʒati
HOLD_2	trɨmˈaʦʲ								tʂˈɨmaʨ				trɪmˈɑtɪ			
HORN_1	roʁ̥	rɔk	ru̯ôɡ	rox	ru̯oɡ	raks	rɐ̌ɡɐs	rok	ɾuk	rok	rɔx	rɔ̀ːk		rôːx	ru̯ôx	rôːɡ
HORN_2													ɾʲiɦ			
I_1		as				ɛs	ɐʃ									
I_2			mjênɛ		mˈænæ	mani	mɐnʲɛ	mene						mɛnˈɛ	manˈɛ	
I_3	jæ		jâː	jaː	jaː			jas	ja	ja	ja	jás	jɑ	ja	jǎː	jâː
KILL_1		ubˈijɐ						ubije								
KILL_2					ˈubit					ʊbʲˈitʲ		ubìːti	ʊbˈɪtɪ	ubˈit	ubˈit	ǔbiti
KILL_3	zabʲˈiʦʲ		ʔˈubit	zˈabiːt					zˈabʲiʨ		zˈabic					
KILL_4						nuɔ̯̌ɡalinâːt	nʊʒʊdʲîːtʲɪ									
KNEE_1	kalʲˈena	kolʲˈano	kɔljěnɔ	kˈolɛno	kɔlˈænɔ			koʎeno	kɔlˈanɔ	kɐlʲˈenə	kˈɔɫɛnɔ	kɔlɛ̀ːnɔ	kɔlʲˈinɔ	kɔlěːnɔ	kɔlˈɛnɔ	kǒʎeno
KNEE_2						ʦɛlis	kʲæ̌lʲɪs									
KNOW_1				vjˈɛɟɛt					vʲjˈɛʥɛʨ							
KNOW_2											ʋˈɛɟɪ̯ɛc	ʋɛ̀ːdɛti				
KNOW_3		znˈajɐ						znaj								
KNOW_4	znaʦʲ		znat		znɒt	zinâːt	ʒʲɪnôːtʲɪ			znatʲ		znàːti	znˈɑtɪ	znat	znat	znâti
LAUGH_1	smʲæjˈæʦʦa	smˈɛjɐ sɛ		smaːt sɛ					ɕmʲjaʨ ɕɛ	smʲɪjˈatʦə	smɪ̯acsa	smɛjàːtisɛ	smʲijˈɑtɪsʲɐ			smǐjatise
LEAF_1						lapːa	ɫɐ̌pɐs									
LEAF_2	lʲist	list	lîːst	lɪst	lˈiːʃʧæ			ʎis	lʲiɕʨ	lʲist	ɫist	lìːst	ɫɪst		lîːs	lîːst
LEAF_3														pɛrˈɔ		
LEG_1				nˈoɦa							nˈɔɦa		nɔɦˈɑ			
LEG_2	naʁˈa								nˈɔɡa	nɐɡˈa		nóːɡa				nǒɡa
LEG_3		krak														
LIE_1						ɡulêːt	ɡʊlʲêːtʲɪ									
LIE_2	lʲæʐˈaʦʲ	lɛʒˈɤ	lˈɛʒat	lˈɛʒɛt	lˈæʒɒt			ʎeʒi	lˈɛʐɛʨ	lʲɪʐˈatʲ	ɫˈɛʒac	lɛʒàːti	ɫɛʒˈɑtɪ	lɛʒˈat	lɛʒˈat	lěʒati
LIVER_1			jâːtra	jˈaːtra	jejtra							jɛ̀ːtra		jěːtra	jjětra	jêtra
LIVER_2						aknas										
LIVER_3		ʧˈɛrɛn drɔp						ʦr̩n ʤiɡer	vɔntɾˈɔba							
LIVER_4	pʲˈeʧanʲ									pʲˈeʨɪnʲ	pˈɛʧɛɲ		peʧʲˈinkɐ			
LIVER_5							kʲæ̌pʲɛnʲiːs									
LONG_1						ɡǎrʃ	îɫɡɐs									
LONG_2				dlˈou̯ɦiː							dˈɫ̩ɦiː		dˈɔʋɦɪi̯			
LONG_3			dˈuʒiʧak													dûɡaʧak
LONG_4	dˈowɣʲi	dˈɤɫɐk			dˈowɡi			dolk~dok	dwˈuɡʲi	dˈoɫɡʲɪɪ̯		dɔ̀ːu̯k		děːlɡi	dǔːx	dûɡ
LOUSE_1						uts	ʊtʲeːlʲěː									
LOUSE_2												ùːʃ			ʃɛnˈaʦ	ûːʃ
LOUSE_3											ʋɔʃ		wˈɔʃɐ			
LOUSE_4	voʂ	vˈɤʃkɐ	vûːʃ	vɛʃ	vuːʃ			voʃka	vɛʂ	voʂ						
LOUSE_5														svɛnˈɛʦ		
MAN_1	muʂʧˈɨna	mɤʃ	mûːʒ	muʃ	mowʃ~mɔʃkiː			maʃ	mɛw̃ʐʈ͡ʂˈɨzna	mʊɕːˈinə	muʃ	mɔ̀ːʃ~móːʃki		mûːʃ~mǔːʃki~mˈuʃki	muʃkîː	muʃkǎːraʦ
MAN_2						vīːrs~vīːrjɛtis	vʲîːrɐs									
MAN_3			ɦlâːp													
MAN_4											xɫap					
MAN_5													ʧɔɫɔʋʲˈik			
MANY_1								mnoɡu~noɡu								
MANY_2														blâːɡɔ		
MANY_3			ʧˈuda		ʧˈudɒ	dāwʣ	dɐ̌wk								ʧˈuda	
MANY_4															pˈunɔ	
MEAT_1	mʲˈæsa	mɛsˈɔ	mjêsɔ	mˈaso	mˈejsɔ		mʲeːsˈɐ	meso	mʲjˈɛw̃sɔ	mʲˈasə	mˈæsɔ	mɛsɔ̀ː	mjˈɑsɔ	mêːsɔ	mjêsɔ	mêːso
MEAT_2						ɡaʎa										
MOON_1		ɫunˈa								ɫʊnˈa		lùːna				
MOON_2	mʲˈesʲæʦ		misɛʦ	mɲˈɛsiːʦ				meseʧina			mˈɛsɪ̯aʦ	mɛ̀ːsɛʦ	mʲˈisʲɐʦʲ	měːsɛʦ	mˈɛsɛʦ	mjêseːʦ
MOON_3						mɛːnɛss	mʲeːnˈʊlʲɪs									
MOON_4									kɕˈɛw̃ʐɨʦ							
MOUNTAIN_1				ɦˈora									ɦɔrˈɑ			
MOUNTAIN_2					brejɡ										vr̩x	
MOUNTAIN_3	ʁarˈa		ɡu̯ɔ̌ra						ɡˈuɾa	ɡɐrˈa		ɡóːra		ɡɔrˈa	ɡɔrˈa	
MOUNTAIN_4		pɫɐninˈa				kâlns	kɐ̂ɫnɐs	planina				planìːna				planǐna
MOUTH_1		ustˈa		ˈuːsta				usta	ˈusta		ˈuːsta	ùːsta		ǔːsta	ǔːsta	ǔːsta
MOUTH_2			ʔûːsta													
MOUTH_3	rot					mutːɛ				rot			rɔt			
MOUTH_4			ɡǔːba		zˈowbi											
MOUTH_5			ɦˈuba													
MOUTH_6							bʊrnˈɐ									
NAME_1						vǎːrts	vɐ̌rdɐs									
NAME_2	imʲˈæ	ˈimɛ		jmˈɛːno	ˈimæ			ime	ˈimʲjɛ	ˈimʲə	mˈɛnɔ	imɛ̀ː	imjˈɑ	ˈimɛ~jˈimɛ	ˈimɛ	îme
NAME_3			ʔimɛ													
NEAR_1	blʲˈisʲkʲi	blˈizɐk		blˈiːskiː	blˈizu~blˈiːzu			bʎizu	blʲˈiskʲi	blʲˈiskʲɪɪ̯	bɫˈiːski	blìːʒni	bɫɪzʲkˈɪi̯	blǐːzu	blǐːzu	blîzak
NEAR_2						tuvu	ɐrʲtʲˈɪ									
NECK_1	ʂˈɨjæ							ʃija	ʂˈɨja	ʂˈɛjə			ʃˈɪjɐ			
NECK_2		vrat	vrat											vrâːt	vrâːt	
NECK_3												u̯ràːt				ʋrâːt
NECK_4						kakls	kɐ̌kɫɐs									
NECK_5				kr̩k					kaɾk		kr̩k					
NECK_6					ɡowt											
NEW_1	nˈovɨ	nɔf	nu̯ôv	nˈoviː	nowv			nof	nˈɔvɨ	nˈovɨɪ̯				nɔ̌ːvi	nu̯ǒf	
NEW_2							nɐ̌wjɛs				nˈɔʋiː	nɔ́u̯	nɔʋˈɪi̯			nôʋ
NEW_3						jâwns										
NIGHT_1						nakts	nɐktʲˈɪs									
NIGHT_2	noʧ	nɔʃt	nu̯ôc	noʦ	nowʧ			noc	nɔʦ	noʨ	nɔʦ	nɔ̀ːʧ	nʲiʧ	nôːc	nu̯ôc	nôːʨ
NOSE_1	nos	nɔs	nu̯ôs	nos	nu̯os~nows		nôːsʲɪs	nos	nɔs	nos	nɔs	nɔ̀ːs	nʲis	nôːs	nu̯ôs	nôːs
NOSE_2						dæɡǔns										
NOT_1	nʲe	nɛ	nɛ	nɛ	næ	nɛ	nʲɛ	ne	ɲɛ	nʲɪ	ɲɪ̯ɛ	nɛ	nɛ	nɛ	nɛ	nê
OLD_1	starˈɨ	star		stˈariː					stˈaɾɨ	stˈarɨɪ̯	stˈariː	stár	stɐrˈɪi̯			stâr
ONE_1						vjêns	vʲjênɐs									
ONE_2	aʣʲˈin	ɛdˈin	jˈɛdaːn~jˈɛdan	jˈɛdɛn	jˈædæn			eden	jˈɛdɛn	ɐdʲˈin	jˈɛdɛn	éːdɛn	ɔdˈɪn	jɛdˈɛn	jɛdǎːn	jědan
PATH OR ROAD_1						ʦěʎʃ	kʲæ̌lʲɛs									
PATH OR ROAD_2	darˈoʁa								dɾˈɔɡa	trɐpˈa~dɐrˈoɡə			dɔrˈɔɦɐ			
PATH OR ROAD_3		pɤt						pat		putʲ						pûːt
PATH OR ROAD_4			ʦjěsta	ʦˈɛsta							ʦˈɛsta	ʦɛ̀ːsta		ʧˈɛsta	ʧˈɛsta	ʦêsta
PATH OR ROAD_5	sʲʦʲˈeʂka			stˈɛska	stjˈezɒ				ɕʨˈɛʂka			stɛzá	stˈɛʒkɐ			stǎza
PATH OR ROAD_6											xˈɔdɲiːk					
PERSON_1	ʧʌɫavʲˈek	ʧovˈɛk	ʧlˈɔviːk	ʧlˈovjɛk	ʧlˈu̯ovæk	ʦǐlvǣːks		ʧojek	ʈ͡ʂwˈɔvʲjɛk	ʨɪɫɐvʲˈek	ʧɫˈɔʋɛk	ʧlóːʋɛk		ʧɔvˈɛk~ʃlɔvˈɛk	ʧɔvˈɛk	ʧǒʋjek
PERSON_2							ʒmoːɡˈʊs									
PERSON_3													lʲʊdˈɪnɐ			
RAIN_1			ɡu̯ɔ̌dina		ɡˈu̯odinɒ											
RAIN_2						ljêtus	lʲjɛtˈʊs									
RAIN_3	doʂʧ	dɤʃt		dɛːʃc				doʃ	dɛʂʈ͡ʂ	doʂtʲ	daːʃc	dɛ́ʃ	dɔʃʧ	dɛʃ	dǎːʃ	kîʃa
RED_1							rɐwdôːnɐs					rdɛ́ʧ				
RED_2						sârkǎns										
RED_3	ʧɨrvˈonɨ	ʧɛrvˈɛn	ʧˈr̩ʎjɛn~ʧˈr̩ʎɛn	ʧˈɛrvɛniː	ʧˈɛrjæn			ʦr̩ven	ʈ͡ʂɛɾvˈɔnɨ		ʧˈɛrʋɛniː		ʧɛrwˈɔnɪi̯	ʧɛvjěːni		ʦř̩ʋen
RED_4										krˈasnɨɪ̯						
RED_5															kr̩vǎːvi	
ROOT_1						saknɛ	ʃɐknʲˈɪs									
ROOT_2	kˈoranʲ	kˈɔrɛn	ku̯ɔ̌rɛn	kˈor̝ɛn	kˈu̯orænɒ			koren	kˈɔʐɛɲ	kˈorʲɪnʲ	kˈɔrɛɲ	kɔrɛnìːna	kˈɔɾʲinʲ	kɔ̌ːrɛn	kˈɔrɛn	kôrjeːn
ROUND_1				kˈulatiː		apǎʎʃ					ɡˈuʎatiː					
ROUND_2				ˈokrou̯ɦliː							ˈɔkruːɦɫi		krˈuɦɫɪi̯			
ROUND_3	krˈuʁɫɨ	krˈɤɡɐɫ			krˈowpi				ɔkɾˈɔŋɡwɨ	krˈuɡɫɨɪ̯		ɔkrɔ̀ːɡɛu̯			ɔkrǔːɡal	ǒkruːɡao
ROUND_4														tɔ̌ːndi	tu̯ǒnt	
ROUND_5								tɛrkalest								
ROUND_6							ɐ̌pʲsʲkrʲɪtɐs									
SALT_1	solʲ	sɔɫ	su̯ôl	suːl	sowj	sǎːls		soʎ	sul	solʲ	sɔʎ	sɔ̀ːu̯	sʲilʲ	sôːl	su̯ôl	sôːl
SALT_2							drʊskˈɐ									
SAND_1	pʲæsˈok	pʲˈasɐk		pˈiːsɛk	pˈejsæk			pesok	pʲjˈasɛk	pʲɪsˈok	pˈɪ̯ɛsɔk	pɛ̀ːsɛk	pʲisˈɔk	pɛsˈɛk		pjeːsak
SAND_2															sablu̯ôn~ʃablu̯ôn	
SAND_3						smǐltis	sʲmʲěːlʲɪs									
SAY_1					væjˈiːm			veʎi								
SAY_2			rɛc		ræʧ			reʧi				rɛ̀ːʧi		rɛc	rɛc	rěʨi
SAY_3				r̝iːʦt	ræʧt~rˈæʧti	saʦîːt	sɐkʲîːtʲɪ									
SAY_4						tějkt										
SAY_5									pɔvʲjˈɛʥɛʨ		pˈɔʋɛdac					
SAY_6	skazˈaʦʲ									skɐzˈatʲ			skɐzˈɑtɪ			
SAY_7		kˈaʒɐ														kǎːzati
SEE_1	bˈaʧɨʦʲ	vˈidʲɐ	vˈidit	vˈɪɟɛt	vˈidæt~vˈidæti~vˈidit			vidi	vʲˈiʥɛʨ	vʲˈidʲɪtʲ			bˈɑʧɪtɪ	vêːc~vêːt	vˈidɛt	
SEE_2						rɛʣêːt	mɐtʲîːtʲɪ				ʋˈiɟɪ̯ɛc	ʋìːdɛti				ʋîdjeti
SEE_3									zɔbˈaʈ͡ʂɨʨ							
SEE_4								puʎi								
SEED_1						sǣːkla	sʲêːkɫɐ									
SEED_2	sʲˈemʲæ	sˈɛmɛ	sˈimɛ	sˈɛmɛno	sjˈemæ			seme		sʲˈemʲə	sˈɛmɛnɔ	sɛ̀ːmɛ	sʲˈimjɐ	sěːmɛ	sˈɛmɛn	sjême
SEED_3									naɕˈɔnɔ							
SEW_1	ʂɨʦʲ			ʃiːt					ʂɨʨ	ʂɨtʲ	ʃic	ʃìːʋati	ʃˈɪtɪ			ʃîti
SEW_2		ʃˈijɐ														
SHARP_1	vˈostrɨ	ˈɔstɐr		ˈostriː					ˈɔstɾɨ	ˈostrɨɪ̯	ˈɔstriː	ɔ̀ːstɛr	ɦˈɔstrɪi̯			ôʃtar
SHORT_1		kɤs						kus								
SHORT_2	karˈotʲkʲi		krâːtaːk	krˈaːtkiː	krˈaːtki				kɾˈutkʲi	kɐrˈotkʲɪɪ̯	krˈaːtki	kràːtɛk	kɔrˈɔtkɪi̯	krǎːtak	krâːtak	krǎːtak
SHORT_3							trʊ̌mpɐs									
SHORT_4						îːss										
SIT_1	sʲæʣʲˈeʦʲ	sɛdʲˈɤ	sˈidit	sˈɛɟɛt	sjˈedit	sêːdêːt	sʲeːdʲêːtʲɪ	sedi	ɕˈɛʥɛʨ	sʲɪdʲˈetʲ	sˈɛɟɪ̯ɛc	sɛdɛ̀ːti	sɪdʲˈitɪ	sɛdˈɛt	sɛdˈɛt	sjěditi
SKIN_1						âːda	ôːdɐ									
SKIN_2	skˈura								skˈuɾa				ʃkʲˈirɐ			
SKIN_3		kˈɔʒɐ	ku̯ɔ̌ʒa	kˈuːʒɛ	kˈu̯oʒɒ			koʒa		kˈoʐə	kˈɔʒa	kɔ̀ːʒa		kɔ̌ːʒa	kˈɔʒa	kôʒa
SKY_1	nʲˈeba	nɛbˈɛ		nˈɛbɛ					ɲˈɛbɔ	nʲˈebə	ɲˈɛbɔ	nɛbɔ̀ː	nˈɛbɔ			nêbo
SLEEP_1	spaʦʲ	spʲɤ	spat	spaːt	spaːt			spije	spaʨ	spatʲ	spac	spàːti	spˈɑtɪ	spat	spat	spâti
SLEEP_2							mʲjɛɡôːtʲɪ									
SLEEP_3						ɡulêːt										
SMALL_1						mass	mɐ̌ʒɐs									
SMALL_2												màːjxɛn				
SMALL_3	malʲˈenʲkʲi		mǎːʎuʧak~mǎːjuʧak							mˈalʲɪnʲkʲɪɪ̯			mɐɫˈɛnʲkɪi̯			
SMALL_4		mˈaɫɐk		mˈaliː	mɒl			mal	mˈawɨ		mˈaɫiː		mɐɫˈɪi̯	mâːli	mâːli	mâːliː~mǎlen
SMALL_5		drˈɛbɛn														
SMOKE_1	dɨm	dim	dîːm	diːm	diːm~dim	dūːmi	dûːmɐj		dɨm	dɨm	dim	dím	dɪm	dǐːm	dǐːm	dîm
SMOKE_2		pˈuʃɛk														
SMOKE_3				kou̯r̝̊												
SMOKE_4								ʧat								
SNAKE_1	zmʲæjˈæ	zmijˈa						zmija	ʐmʲˈija	zmʲɪjˈa			zmʲijˈɑ		zmˈija	zmǐja
SNAKE_2								smok						smradˈina		
SNAKE_3						ʧūːska										
SNAKE_4			ɦad	ɦat							ɦat					
SNAKE_5							ɡʲiːvɐ̌tʲeː							ɡat		
SNAKE_6									vɔw̃ʂ			kàːʧa				
STAND_1		stojˈɤ						stoj								
STAND_2	stajˈæʦʲ		stâːt	staːt	staːt	stāːvêːt	stoːvʲêːtʲɪ		staʨ	stɐjˈætʲ	staːc	stàːti	stɔjˈɑtɪ	stǎːt	stǎːt	stâjati
STAR_1	zˈorka												zʲˈirkɐ			
STAR_2											ɦʋˈɪ̯ɛzda	zʋɛ̀ːzda				zʋjeː̌zda
STAR_3		zvɛzdˈa	zvjêzda	ɦvjˈɛzda	zvˈejzdɒ	zvǎjɡznɛ	ʒvɐjɡʒʲdʲěː	ʣvezda	ɡvʲjˈazda	zvʲɪzdˈa				zvɛzdˈa	zvjezdˈa	
STONE_1	kˈamʲenʲ	kˈamɐk	kǎːmɛn	kˈaːmɛn	kˈowmæn	akměns	ɐkmuə̌	kamen	kˈamʲjɛɲ	kˈamʲɪnʲ	kˈamɛɲ	kàːmɛn	kˈɑmʲinʲ	kaměːna~kǎːmik	kˈamik	kâmeːn
STONE_2															ɡrˈɔta	
SUN_1						sāwlɛ	sɐ̂wlʲeː									
SUN_2	sˈonʦa	sɫˈɤnʦɛ	sûːnʦɛ	slˈunʦɛ	sˈownʦæ~sˈu̯onʦæ			sonʦe	swˈɔɲʦɛ	sˈonʦə	sˈɫ̩ŋkɔ	sɔ̀ːnʦɛ	sˈɔnʦɛ	sěːnʦɛ	sǔːnʦe	sûːnʦe
SWIM_1	pɫˈavaʦʲ	pɫˈuvɐm	plut	plˈavat	pʎuːt~pjuːt	pêldêːt	pɫɐ̌wktʲɪ		pwˈɨvaʨ	pɫˈavətʲ	pɫˈaːʋac	plàːʋati	pɫɪʋtˈɪ~pɫˈɑʋɐtɪ	plˈavat	plˈivat	plîʋati
SWIM_2								kapi								
TAIL_1	xvost									xvost	xʋɔst		xʋʲist			
TAIL_2			rjêp		rejp							rɛ́p		rěːp	rjěp	rêːp
TAIL_3		opˈaʃkɐ						opaʃka								
TAIL_4				ˈoʦas			uədʲɛɡˈɐ									
TAIL_5						astɛ										
TAIL_6									ˈɔɡɔn							
THAT_1					own		ɐnˈɐs	on						ɔnɔ̌ːx~nɔ̌ːx	ɔnˈi	ǒnoː
THAT_2	tˈoje	tovˈa	tâː	to	tej~taː	tas		t	tɔ	to	tɔ	tɔ̀ː	tɔ	ɔtɔ̌ːx~tɔ̌ːx	ta~tâː	tôː
THEY_1	jænˈɨ			ˈoɲɪ					ˈɔɲi	ɐnʲˈi	ˈɔɲi	óːni	wɔnˈɪ			ǒni
THEY_2		tɛ														
THICK_1	tˈowstɨ			tlˈustiː						tˈoɫstɨɪ̯	tˈɫ̩stiː		tɔʋstˈɪi̯			
THICK_2		dɛbˈɛɫ							ɡɾˈubɨ			déːbɛu̯				děbeo
THIN_1	tˈonkʲi	tˈɤnɐk	tǎːnak	tˈɛŋkiː	tˈejnæk			tanok	ʨˈɛŋkʲi	tˈonkʲɪɪ̯	cˈɛŋkiː	tàːnɛk	tɔnkˈɪi̯	tˈɛnɛk	tˈanak	tânak
THIN_2						tjêws										
THIN_3							pɫôːnɐs									
THINK_1	dˈumaʦʲ									dˈumətʲ			dˈumɐtɪ			
THINK_2		mˈislʲɐ		mˈɪslɪt					mˈɨɕlɛʨ		mˈisɫɪ̯ɛc	mìːsliti	mˈɪsɫɪtɪ			mîsliti
THIS_1														ɔvɔ̌ːx~vɔ̌ːx		
THIS_2	ʁˈɛta					ʃis	ʃʲɪs									
THIS_3		tˈɔzi		tˈoto							tˈaːtɔ					
THIS_4								t	tɔ	ˈɛtə	tɔ	tɔ̀ː	ʦɛ			
THIS_5			u̯ôv		owv			ov							ɔvˈi	
THIS_6																ǒʋoː
THOU_1	tɨ	ti	tîː	tɪ	tiː	tu	tʊ	ti~tebe	tɨ	tɨ	ti	tìː	tɪ	tîː	tîː	tîː
THREE_1	trɨ	tri		tr̝̊ɪ					tʂɨ	trʲi	tri	trìː	trɪ			trîː
THROW_1				ɦˈoɟɪt							ɦˈɔɟic					
THROW_2											ʋˈr̩ɦnuːc					
THROW_3	kʲˈidaʦʲ								ʐˈuʦaʨ	brɐsˈatʲ			kˈɪdɐtɪ			bǎʦati
THROW_4		xvˈɤrlʲɐ														
THROW_5												u̯rèːʧi				
TONGUE_1	jæzˈɨk		jˈɛziːk	jˈazɪk	jˈæzik			jazik	jˈɛw̃zɨk	jɪzˈɨk	jˈazik	jéːzik	jɐzˈɪk			jězik
TONGUE_2		ɛzˈik												zajˈik	zajˈik	
TONGUE_3							lʲjɛʒˈʊvʲɪs									
TONGUE_4						měːlɛ										
TOOTH_1	zup	zɤp	zub	zup	zowb	zuɔ̯̂ps		zap	zɔmp	zup	zup	zɔ̀ːp	zub	zûːp	zu̯ôp	zûːb
TOOTH_2							danʲtʲˈɪs									
TREE_1												drɛʋɔ̀ː	dˈɛrɛwɔ			dr̩̂ʋo
TREE_2	drˈɛva	dɐrvˈɔ			drˈejvɔ			dr̩vo	dʐˈɛvɔ	dʲˈerʲɪvə				drêːvɔ	drjêvɔ	
TREE_3														stablˈɔ		stǎːblo
TREE_4			stru̯ôm	strom							strɔm					
TREE_5							mʲæ̌dʲɪs									
TREE_6						kuɔ̯̂ks										
TWO_1	dva	dva	dvǎː	dva	dvaː	divi		dva	dva	dva				dvâː	dvâː	
TWO_2											dʋa	dʋàː	dʋɑ			dʋâː
TWO_3							dʊ									
WALK_1														ɡrěːn	ɡrjěn	
WALK_2						ɡāːju										
WALK_3														rěːn		
WALK_4						jêt~jɛt	êjtʲɪ									
WALK_5	xaʣʲˈiʦʲ	xˈɔdʲɐ							xˈɔʥiʨ	xɐdʲˈitʲ		xɔdìːti	xɔdˈɪtɪ			xǒːdati
WALK_6			ʔit		powt~pˈowti									pɔ̌ːc	pu̯ǒc	
WALK_7								oj								
WARM_1	ʦʲˈɵpɫɨ	tˈɔpɐɫ	tjěpal	tˈɛpliː	tˈu̯opɛl			topol	ʨˈɛpwɨ	tʲˈɵpɫɨɪ̯	cˈɛpɫiː	tóːpɛu̯	tˈɛpɫɪi̯	těːpɛl	tˈɛpal	tôpao
WARM_2												u̯rɔ́ʧ				ʋrûːʨ
WARM_3						sǐlts	ʃʲǐɫtɐs									
WARM_4				ɦˈorkiː							ɦˈɔruːʦi		ɦɐɾʲˈɑʧɪi̯			
WARM_5	ʁarˈaʧɨ	ʒˈarɐk							ɡɔɾˈɔnʦɨ	ʐˈarkʲɪɪ̯			ʒɐrkˈɪi̯			
WATER_1											ʋˈɔda	ʋóːda	wɔdˈɑ			ʋǒda
WATER_2	vadˈa	vodˈa	vu̯ɔ̌da	vˈoda	vˈu̯odɒ		vɐnduə̌	voda	vˈɔda	vɐdˈa				vɔdˈa	vɔdˈa	
WATER_3						ûːděns										
WE_1			nâːs		naːs	mɛːs	mʲæ̌s	nas						nas	nas	
WE_2	mɨ	nˈiɛ	mîː	mɪ	miː			nije	mɨ	mɨ	mi	mìː	mɪ	mîː	mîː	mîː
WET_1	mˈokrɨ	mˈɔkɐr		mˈokriː					mˈɔkɾɨ	mˈokrɨɪ̯	mˈɔkriː	mɔ̀ːkɛr	mˈɔkrɪi̯			môkar
WHAT_1	ʂto	ʃtɔ						ʃco		ʂto			ʃʧɔ			ʃtô
WHAT_2						kas	kɐs									
WHAT_3		kɐkvˈɔ														
WHAT_4					kɒj~kæj							kàːj				
WHAT_5			ʧa~ʧâː	ʦo				ʃo	ʦɔ		ʧɔ			ʧɛ	ʧa	
WHERE_1	ʣʲe												dɛ			
WHERE_2		kɐdˈɛ		ɡdɛ					ɡʥɛ	ɡdʲe	ɡɟɛ					ɡdjê
WHERE_3												kjɛ̀ː				
WHITE_1						bālts	bɐ̂ɫtɐs									
WHITE_2	bʲˈeɫɨ	bʲaɫ	bjêl	bˈiːliː	bejl			bel	bʲjˈawɨ	bʲˈeɫɨɪ̯	bˈɪ̯ɛɫi	bɛ̀ːu̯	bʲˈiɫɪi̯	bêːli	bjêl	bjeː̂l
WHO_1						kas	kɐs									
WHO_2	xto		ɡdɔ	ɡdo					ktɔ	kto	ktɔ	kdɔ̀ː	xtɔ			
WHO_3		kɔj			kow			koj						kîː	kiː	
WHO_4			dɔ													
WHO_5																tkô
WIDE_1	ʂɨrˈokʲi	ʃirˈɔk		ʃˈɪrokiː					ʂɛɾˈɔkʲi	ʂɨrˈokʲɪɪ̯	ʃˈirɔkiː	ʃirɔ́k	ʃɪrˈɔkɪi̯			ʃǐrok
WIND_1						vɛːjʃ	vʲêːjɛs									
WIND_2	vʲˈeʦʲer	vʲˈatɐr	vjětar	vˈiːtr̩	vjˈetær			veter	vʲjatɾ	vʲˈetʲɪr	ʋˈɪ̯ɛtɔr	ʋɛ̀ːtɛr	ʋʲˈitɛr	věːtɛr	vˈɛtar	ʋjêtar
WING_1	krɨɫˈo	kriɫˈɔ		kr̝̊ˈiːdlo						krɨɫˈo	krˈiːdɫɔ	krìːlɔ	krɪɫˈɔ			krǐːlo
WING_2									skʂˈɨdwɔ							
WOMAN_1	ʐanʧˈɨna	ʒɛnˈa	ʒˈɛna	ʒˈɛna	ʒjˈenɒ~ʒjˈenskɒ			ʒena		ʐˈɛnʲɕːɪnə	ʒˈɛna	ʒɛ̀ːnska	ʒʲˈinkɐ	ʒɛnˈa~ʒěːnska	ʒjěnska	ʒěna
WOMAN_2						sjɛvjɛtɛ			kɔbʲjˈɛta							
WOMAN_3			rˈɔba													
WOMAN_4							môːtʲɛrʲɪs									
WORM_1												ɡlìːsta			ɡlîːs~ɡlîːsta	
WORM_2											ʧɛrʋ	ʧə́ru̯	ʧɛrʋjˈɑk			ʦr̩̂ːʋ
WORM_3						tǎːrps		ʦr̩veʦ								
WORM_4	ʧarvʲˈæk	ʧˈɛrvɛj	ʧr̩̂v	ʧɛrf	ʧɛrv					ʨɪrvʲˈak				ʧêːrf	ʧr̩̂f	
WORM_5							kʲɪrʲmʲeːlʲěː									
WORM_6									ɾˈɔbak							
YEAR_1	ʁot	ɡodˈinɐ						ɡodina		ɡot						ɡôdina
YEAR_2						ɡats										
YEAR_3				rok					ɾɔk		rɔk		ɾʲik			
YEAR_4			ljětɔ		ljˈetɔ		mʲæ̌tɐj					lɛ̀ːtɔ		lěːtɔ	lˈɛtɔ	
YELLOW_1						ʣæ̂ltæ̌ns	ɡʲɛɫtôːnɐs									
YELLOW_2	ʐˈowtɨ	ʒɤɫt	ʒûːt	ʒlˈutiː	ʒowt			ʒolt	ʐˈuwtɨ	ʐˈoɫtɨɪ̯	ʒˈɫ̩tiː	ʒɔ̀ːu̯t	ʒˈɔʍtɪi̯	ʒûːt	ʒûːt	ʒûːt
YELLOW_3												rumɛ́n				
