	Cahuilla	Central Tarahumara	Chemehuevi	Classical Nahuatl	Comanche	Cupeño	El Nayar Cora	Eudeve	Highland Puebla Nahuatl	Hopi	Huarijío	Huichol	Kawaiisu	Luiseño	Mayo	Mono	Northern Paiute	Northern Tepehuan	Panamint	Pima Bajo	Pipil	Pochutec	Serrano	Shoshoni	Southeastern Tepehuan	Southern Paiute	Teguima	Tetelcingo Nahuatl	Tohono O'odham	Tongva	Tubar	Tübatulabal	Ute	Yaqui
ALL_1							hei̯ʦe	haona																										
ALL_2												junai̯tɯ							ojoːntɯ~ojoːntɯsɯ										wɯs~wɯs	owɑ̠̄ʔix				
ALL_3					ojɯ~ojo																													
ALL_4	u̠mun	omɑrwɑme						awona			joma								wɯmː					ojoːn										
ALL_5																							puju									piniju		
ALL_6						pətɑ̠ʔɑmɑ																											pɑʔɑmɑnuni~pɑʔɑmɑnuktis	
ALL_7			mɑnːo										monojo													mano~manu							mɑnuni	
ALL_8				moʧ~moʧi					noʧi			nai̯tɯ~nai̯					noːʔju				muʧi	noʧo						noʧi						
ALL_9																nasimi			sɯmɯsɯ															
ALL_10										sosojɑm~sosoj								βɯʃi		βɯʃ					vɯʃ		sə							
ALL_11															ʦikti																weʦɑ̠t~wesɑ̠t			ʦikti
ALL_12				iːxkiʧ																														
ALL_13														ʧoʔon																				
ASH_1	nisxiʃ	napiso		neʃtli			nasi	napsa			nahpiso				naposa			matːe		matʰai̯	neʧ~nesʧta~neʃti	noʃt			matai̯		napot		matai̯		nasit			naposa
ASH_2												nari																						
ASH_3																esija																		
ASH_4														teeliŋiʃ																		tonɡul		
ASH_5																							kukuht					tlakoneʃtliː						
ASH_6			kucapːɨ		etuhsipːɨh					qøcvi			kucapɨ				kutːusːipɨ~kusːi		kuʦːapːɨh					kuːsiːpːɨh		kuʦːæ				koʃiʃ			kucapːɨ	
ASH_7									kʷonːeʃ																									
ASH_8						wɨʂkiʃ																												
BARK_1																					juwajo~ijewaju							jewajutl						
BARK_2				eʔwaːtl					eːwat																		bewat					opit		
BARK_3																		hilidaɡa		ɨlidaɡ									ɨldaɡ		ulapet			
BARK_4																woʔaɡːapɨ																		
BARK_5	taʧal~taʃʔa		asiaʔa		poʔa			beɡuat		ʦiipɨ			asiavi	taaʧi			puʔa		poʔa					poʔan						axoːxoʦ			siʔaːpi	
BARK_6							kucapeʔe																											
BARK_7																							qoʦ											
BARK_8																									kom							opun		
BARK_9		kuhe									kahe																							
BARK_10		eɡoli				ʧalal									beewa											asiaː								bea
BELLY_1							huka					huka									ihti							hte						
BELLY_2		ropa																											woːk					
BELLY_3											tohpa					ɡohi	kohi																	
BELLY_4							ʃai̯e										siː																	
BELLY_5												ijamuja																						
BELLY_6																															njolir			
BELLY_7	teʔily													teeʔla	topːa								toːʔ											toʔona
BELLY_8			sapːɨ		sapːɨh	ʂaʔi		siɡuat					sapɨi̯vɨ											sapːɨh		sapːɨ	siɡua					ʃapuʃt	sakoipi	
BELLY_9																														xoːnen~xoːnon				
BELLY_10								boa~panza	poʃ	pono								voca	punu	voːk					bok									
BELLY_11				iʔtetl																														
BIG_1			hokːo																															
BIG_2								huei̯																										
BIG_3		waʔlu		weʔ									woko	jot																jooiʧ				
BIG_4				weːi̯					weːji	wɨːjoqa	weruma										wei̯	wjom									wee			
BIG_5					pia							epɨnena			bweere			ɡu~aɡu	pia					pia		pia	ɡue	bi̯ejiː				eɡeːwan		
BIG_6	amnaʔa						veʔe					epɨpa			bweʔuru	papa	papa			ɡɨʔɨd			atiɨ̯ʔaʦ		ɡəʔ				ɡɨʔɨ				apatːɨ	bweʔu~buːʔu
BIG_7						ai̯ʔaniʃ																												
BIRD_1														iheŋmal			hucipa																	
BIRD_2																								hui̯ʦːu										
BIRD_3																				uʔuviɡ									uʔuw̥iɡ					
BIRD_4																		uːɡːui̯~uruɡui̯							uiʔ									
BIRD_5	wikikmal					mukikmal																												
BIRD_6			wiciʔici									wiki			wiːkit								wicit			wicɨ							wicici	wiikit
BIRD_7												wi																						
BIRD_8										ʦiro																	ʧi				kolo			
BIRD_9							pinaʔa												kasakantin															
BIRD_10		ʧuluɡi		toːtoːtl				viqui̯tz	toːtoːciːn		ʦuʔruki		wizikizi			ʦiːpːaʔ					totoʧ	tutut						tututl		ʧiʔuː		ʧikiːt		
BIRD_11					kuʦːuː																													
BITE_1																		ʦuui̯~ʦujui̯																
BITE_2																		ʦujanta			tankʷa													
BITE_3		iʔki						nequen~queen				ke~kei					kɨi̯														ke	ɨːɡɨ		
BITE_4				kecuma~kehcuma					keːhcoma																			kecoma						
BITE_5	keʔ		kɨʔi		kɨccia	qɨʔɨ	ʧeʔe			kɨːki	kiʔcu		kiʔi	koʔi	keʔeje		kɨʔi		kɨcciʔa	kɨʔɨ			kɨːʔ	kɨcciʔa	kɨjaʔ	kɨʔi	qui̯quja		kɨʔi			kɨi̯ʔɨt	kɨʔi	keʔe
BITE_6																kɨhjɨ																		
BLACK_1												juwi~pujuwi																						
BLACK_2																														jupiːxaʔ~jopiːxaʔ				
BLACK_3														juvatai̯																				
BLACK_4			tupːaka		tuhupihtɨ								tuhukʷidɨ						tuːppihtɨ					tuːppihtɨn									tuukːwatɨ	
BLACK_5		ʧokame					ʃuʔumwa	sovei̯							ʧukuli			tuco~tucu							ʧuk		sovai̯				tokur	tuːɡu~uːduːɡu		ʧukui̯~ʧukuli
BLACK_6						tula					ohconame					tumːu	tu									tuy								
BLACK_7	tulnek			tliltik					tiːltik											stuk	puʃawak							tliltiːk	sʧuk					
BLACK_8																							tɨnaːraʔn											
BLACK_9										qøymviwsaʔ																								
BLOOD_1			paɨ̯pːi		pɨːppin								pɨːpi				pɨːpːi		pau̯ppin					pɨːppin									paapːɨ	
BLOOD_2																paː										paɨ̯				xai̯n	ava	ɨkʷa		
BLOOD_3															ohbo						ehti													ohbo
BLOOD_4																				ɨːʔɨr									ɨːʔɨɖ					
BLOOD_5				estli					esti													est	ɨːʈ͡ʂʈ͡ʂ					jestliː						
BLOOD_6							ʃuureʔe	erat																			herat				arat			
BLOOD_7												zurija						vure																
BLOOD_8	eu̯ily	la				ɨw					ela			ou̯la				iːrai̯							ɨɨr									
BLOOD_9										ɨŋwa																								
BONE_1			ohopi					hoɡua					ohovɨ			oho	oho									oho	ramohudura				hotarak			
BONE_2																											ramoɡui̯tzura	miːmiːtetl						
BONE_3																		oo							aoː						ola~o			
BONE_4				omitl					oːmit			ume									umit											on		
BONE_5		oʔʧi								øːqa	oʔa				otːa					oːʔo		ot	oːʦ				oɡua		oːʔo				oopɨ	ota
BONE_6					ʦuhni														ʦuhmi					ʦuhni										
BONE_7							kari							kulaawut																				
BONE_8	teʔily					tiʔil																								ʔeːʔin				
BREAST_1																													wipi		wimur			
BREAST_2			pihi							piihɨ			pihivɨ																					
BREAST_3	pily					pi																								pin		piːl		
BREAST_4				ʧiʧiwalli					ʧiʧiwaːl			ʦicu									ʧiʧihwal				tor			ʧiʧiːwal						
BREAST_5					pici		ʦiʔime	viːt			piʔwa			pit	pipːim	piciʔ	piciʔi~pica	vipːi	pici	vipi			piʔ	pici	βipiː	piːci							piipɨ	pipːim
BREAST_6		kaso																																
BURN (SOMETHING)_1			kucikːi																															
BURN (SOMETHING)_2																														vireːk				
BURN (SOMETHING)_3							taː	tahan			tahai̯	ta~tai̯		ʧujai													tʰa				taha			
BURN (SOMETHING)_4	kina								toːneːwi																							ʦama~anʒama		
BURN (SOMETHING)_5				tlatla											beete	pita					tati~tatia	tati				kuʦːɨa		ʃutla~btlatɪa			tasa			beete
BURN (SOMETHING)_6	naʔ		naʔi										neʔe	naʔ			naʔi									naʔai̯n							naʔai̯	
BURN (SOMETHING)_7						kiʔni																												
BURN (SOMETHING)_8		i								ɨwi									wai̯ja															
BURN (SOMETHING)_9																	nai̯	mui̯							mɨi̯m									
BURN (SOMETHING)_10		raha			weha															mɨhɨ				wai̯hja					mɨhi					
BURN (SOMETHING)_11																							huʔai̯											
CLAW_1																		jutud					waʈ͡ʂ		jut								wəkːuci	
CLAW_2																				hutː									huːʧ					
CLAW_3																				huht														
CLAW_4			tasicoʔo										taʃtoʔobi		sutukoʧoʔo																			
CLAW_5		sutu		isteːtl	sito		sɨtʲe	sutut	sti	soki	suhtu	zate~zɨte				situ	sasito		masitu		istit			sitoːn		ʃɨcu	xutu~sutu	ste		esʧut				sutu
CLAW_6	salul					ʂulʔa								ʂulat																ʧur		ʃulunt		
CLAW_7																															alapor			
CLOUD_1												hai̯witɨri											woːŋt											
CLOUD_2	wewniʃ																	jicome															uwatːipːɨ	
CLOUD_3			pakɨnapɨ																pakɨnapːɨh					pakɨnapːɨh		pakɨnapɨ								
CLOUD_4													kɨnavi				kumi																	
CLOUD_5																																paːʃuːmist		
CLOUD_6					tomːoakatːɨ	temin	ai̯tɨri				tomoari			tuviiʃ		toø				tɨvaːɡ					tɨbaːʔ									
CLOUD_7																														akʷaːkin				
CLOUD_8				miʃtli				mosit	miʃti												mistil							meʃtl			mosit			
CLOUD_9																											ryruɡæi		ʧɨwaɡi					
CLOUD_10		nori								oomawɨ					naːmu																			naamu~naamuːk
COLD_1	jui̯ma					jui̯																												
COLD_2		rula									tula																							
COLD_3							kɨmwahraraʔa																											
COLD_4				ictik	ɨi̯cɨʔi			uteen								ɨcɨʔɨ	ɨcɨʦːɨ		ɨi̯cɨi̯				ɨcɨ	ɨi̯cɨʔi			utːe	ictiːk						
COLD_5																		jupidi																
COLD_6												haɨ̯tɨze																						
COLD_7																				shɨːp									shɨːpid					
COLD_8			sɨjaʔi~sɨtːuʔi						seseːk	sɨːsɨŋwa			situʔwidɨ		sebːe						sesek				xɨp	ʃɨppɨta				ʂuvoʔ	seve	ʃɨːbt~ɨʃɨi̯p	sijaʔi	sebe~seebe
COLD_9														pituptuʃ																				
COME_1	nek					nɨqɨ																												
COME_2		nolina					nʲe				ena	nua																						
COME_3					kimːa											kimːa	kimːa		kimːa	abhim			kimai̯	kimːa			vena		abhim	kimaː	komu	kim~iŋɡim		
COME_4										peewiʔ					aʔaboweije										bʱajim									
COME_5																		duduvia		divia														
COME_6			pipːicɨ										pidɨ							dada						piʧɨ		ibiʦ~biʧ	dada				pici	kaate
COME_7				waːllau̯~waːlːaː~wiːʧ					wiːcawiʦ~waːlaː~wiːʧa												wiʦ~waːlaːh~wiːʧ	wala~wiʧ						wøla	jiwia					
COME_8								hueren						haqwaaʧi																	hase~heko			
DIE_1																															hoː~huː			
DIE_2					tɨjai̯	qaawɨ										etaː			tiai̯					tiai̯										
DIE_3			jaʔikːwaʔi										juweʔekʷeː				jai~jaʔi									jaʔai̯							jaʔai̯	
DIE_4	muk	muku		miki			mɨʔɨ	mucuni	miki	mook	muɡui	mɨ		mokan	muːke			muanta~mumuke		muːk	miki				mukiaʔ		myʦ	miːkiː	muːk	mojoːk		muːɡ		muuke~muke
DIE_5													ʔanaːʔikʷeː										mɨmɨʔq											
DIE_6													tupakikʷeː																					
DOG_1	awal					awal								awaal																wuʃi				
DOG_2					sariː														isa		pelu													
DOG_3																		ɡoɡosci		ɡoɡs					ɡaɡoːx				ɡoɡs					
DOG_4				ʧiːʧiː			ʦɨʔɨ	ʧutzi	iʧwiːnti			ʦɨka			ʧuːʔu		satɨʔɨ							satiː		satiː	ʧitːa	ʧiːʧiːtu			ʦucu		satici	ʧuuʔu
DOG_5		koʧi	waʔacuku																				kuciʔ											
DOG_6			punkuːci							pooko			puɡuzɨ			pukːu	sokopukːu~sokopːukːu		isapunku													punku		
DOG_7											ʦuhcuri																							
DRINK_1			hipi		hivi					hiiko			hivi		heʔeje	hipi	hipi~hipːi		hipi					hipi										heʔe
DRINK_2								hi~hian~hiahi			ihi	hare~hari															hi				he~ihe			
DRINK_3																					kit											iːʔɨt		
DRINK_4				aːtliː			jeʔe~ʔi		aːtiː									iut~iːbi		iʔi						ipi		øtli				iːʔɨː	ipi	
DRINK_5												i~je													ija									
DRINK_6																		janta											wasib					
DRINK_7						paʔ								paaʔi									paːʔ											
DRINK_8	pa	bahi																												paa				
DRINK_9																												koni						
DRY_1					pasa											pasahkɨʔ	pasːa		pasa					pasa										
DRY_2																		ɡaqui̯dade							ɡak									
DRY_3																				sɡak									sɡaki					
DRY_4			tapasɨ										tavasteːd													tapaʃu							tapasɨpːɨ	
DRY_5								huaqui̯																						ahoːkin				
DRY_6	wax	waki		iːʃwaːkki		waxɨ	waʧi			laaqu	waɡi	waki		awaxve	wakia						waki	wak	awaːkiʔ					wahkiː				waːɡɨt~awak		wakia
DRY_7									waːjik																									
DRY_8																															moronir			
EAR_1	naqal	naka	naŋka	nakaːstli	naki	naqʔa	naʃai̯	nakat	nakas	naqvɨ	nahka	naka	naɡavivi	naqla	nakːam	naqːa	nakːa	naːka	naŋki	naːk	nakas	nekest		nenkih	nak	naŋkapa	naca	nakas	naːk	nanax	nakar		nɨkːapɨ	naka
EAR_2								queisiven																										
EAR_3																		tucai̯daraɡa																
EAR_4																																naŋhal		
EAR_5																							qavaʦ											
EARTH (SOIL)_1	temal			tlaːlli		tɨmal			taːl												tal	tal						tløliː						
EARTH (SOIL)_2							ʧwe					kʷie			bwija																	ʃuwaːl		bwia
EARTH (SOIL)_3			tɨpipːi		sokovi			tevat		tɨckʷa			tɨbiʧɨ			tɨpi	tɨi̯pːɨ~tiːpɨ	dubure	sokopi	dɨvɨi̯r			tiɨ̯vaʈ͡ʂ	sokopːɨh	dɨbɨr	tɨpɨ	tevet			tuvar			tɨpɨpːɨ	
EARTH (SOIL)_4																															kvirat			
EARTH (SOIL)_5														exla																øxar~oːxar				
EARTH (SOIL)_6		wee																											jɨwɨɖ					
EARTH (SOIL)_7											weʔe																							
EAT_1								hibaːn																										
EAT_2																				huɡ														
EAT_3				kʷa		kʷa		ba				kɨme~kʷa									kʷa	kʷa					ɡuæ	kʷa		ikʷaa	koa			
EAT_4																							raːkʷ		juɡiaʔ									
EAT_5	kʷaʔ	ɡoʔa	tɨkːa		tɨkːa		kʷaʔa		takʷaː		koʔa		kaʔa		bwaʔaje	tɨkːa	tɨkːa~tɨka	aneancoai̯	tɨkːa	koʔa			kʷaʔi	tɨkːa		tɨkːa			koʔa			tɨk~ɨtɨk	tɨkːa	bwaʔa
EAT_6														naaʧuxun																				
EAT_7										sowa																								
EGG_1										nøhɨ							noho												nonha					
EGG_2														paanil				nono		nonːo			pan		nanoː									
EGG_3					nojo							tawari				nojo			nojo					nojo							netelur			
EGG_4			nopːapi										nopavi													noːʔ~nupːu							napːaapi	
EGG_5	weevuʔ																																	
EGG_6						paɲiʔat																										pompt		
EGG_7																														xaːxen~xaːxin				
EGG_8		kaʔwa					taʔu	acavora			kaʔwa				kabːa																			kaba
EGG_9									piotet																			tutoltetl						
EGG_10				tetl																	tesis													
EYE_1					pui̯												pui̯	bui̯	pui̯h	vuhi				pui̯h	bui̯									
EYE_2	puʧily	busila	puʔipi			puʃ		vusit		poosi	pusi		puʔivi	puʃla	puːsim	pusi										puʔi	busi~vubu					punʒil	pɨʔipɨ	puusi
EYE_3				iːʃtelolotl					iːʃtoːloːlo																			ʃtelolo		ʦotron	telar~tilur			
EYE_4																														coːcon				
EYE_5							hɨʔɨ~hɨʔɨsi					hɨzi											huvaːʈ͡ʂ											
EYE_6																					iʃ													
EYE_7																													wuhi					
FAT (ORGANIC SUBSTANCE)_1			juhi		juhu					wihɨ			juhuvɨ			juhu	juhu		juhu					juhu										
FAT (ORGANIC SUBSTANCE)_2	wily					wily						wija														juː								
FAT (ORGANIC SUBSTANCE)_3		wiʔi	wiːwapi								wiʔi			wiʔ									wipt							witaː		wipt	jɨu̯pi	
FAT (ORGANIC SUBSTANCE)_4				sejotl					ʧaːwak																			ʧijøwa						
FAT (ORGANIC SUBSTANCE)_5																		ɡui̯		ɡui̯														
FAT (ORGANIC SUBSTANCE)_6							aseiːti														ʃepo				ɡiodaʔ		ɡui̯da		ɡiːɡi					
FAT (ORGANIC SUBSTANCE)_7															manteːka																			manteːka
FAT (ORGANIC SUBSTANCE)_8								tuspeɡua																										
FEATHER_1									ihwit														mahaːt											
FEATHER_2																	pɨhɨ																	
FEATHER_3																												tohmiːtl						
FEATHER_4	wikily			iʔwitl		wikily																												
FEATHER_5										nakʷa															anaʔ									
FEATHER_6							ana					ana~anɨː~aːnːa						aːne		aʔanaɡ	iuhmiju								aʔan			aŋaː		
FEATHER_7								hunsa						humsat																				
FEATHER_8		maʔsa									maʔsa				masa	qasa	kasːa		kasa											maːsan	masat			masa
FEATHER_9			wisiapi		sia								wiʃiʔaːvi											siapi		wɨsia	usat							
FEATHER_10																																	pɨtːɨpɨ	
FIRE_1							tai̯h	te				tai̯			tahːi			tai̯~tai		tai̯					tai̯		tʰai̯							tahi
FIRE_2		naʔi									naʔi																		naːda				naʔai̯tːɨ	
FIRE_3				tletl					tit												tit	tet						tlecintli		ʈ͡ʂaːvut	tahamet			
FIRE_4	kut		kuna			kut							kuna	kut		qoso	kosːo		kuna				kut	kuna		kunæ						kut		
FIRE_5					kotːoːpːɨh																													
FIRE_6										ɨːwiŋwɨ																								
FISH_1		roʔci									soʔci																							
FISH_2							weʔi																						watopi					
FISH_3			pakɨci		pekʷi					paakiw			paɡɨːvɨ			pakːwi	pakːwi		paŋwi							pakɨu̯							pakɨ	
FISH_4																		vatːosa~vatːopa		vatoːp				penkʷi	batop									
FISH_5				miʧin					miʧi					anaamal							miʧin	miʧom						miːʧiː						
FISH_6								ʦuʧut				kecɨ			kuʧːu												ʦũʧu				kicut			kuʧu
FISH_7	kijul					qɨjul																								kui̯r		kujuːl		
FISH_8																							kihuːʦ											
FLY (MOVE THROUGH AIR)_1																							hiːɲʔk~hiːɲiʔk											
FLY (MOVE THROUGH AIR)_2	hiŋ																														hanʲa			
FLY (MOVE THROUGH AIR)_3																		daːi̯							dai̯jaʔ									
FLY (MOVE THROUGH AIR)_4			wici		jɨcɨ	jalɨ						wie	jozi	wiila		joʦːi	joʦːi~joʦːi		jɨcɨ					jɨcɨ									jɨci	
FLY (MOVE THROUGH AIR)_5				patlaːni					pataːni	pɨːjalti											patani	patan						patløniː						
FLY (MOVE THROUGH AIR)_6		iʔni																																
FLY (MOVE THROUGH AIR)_7								meen										daːnta								nonci								
FLY (MOVE THROUGH AIR)_8										masai̯																	ni							
FLY (MOVE THROUGH AIR)_9							raʔa				niʔni				neʔeje					daʔa									daʔa			oːlɨt		neʔe~niʔi
FOOT_1	ʔi							tari			tono							tara		tar		ʃo			ton		tara		taɖ					
FOOT_2		rono																																
FOOT_3																															njokir	ɨŋɡɨl		
FOOT_4			nampa		nape				meʦ				nabivi						nampe				navɨːʦ	nampe		nampa				nev			napːa	
FOOT_5							ɨːka					ɨka		et	wokːim																			wooki
FOOT_6				ikʃitl		xuʧi				kɨkɨ		keta				kɨkːɨ	kɨkɨ				ikʃi							kʃiː						
FULL_1						jutaxiʃ																												
FULL_2																tujuha																		
FULL_3					tɨpːetɨ								tɨbetɨ		tapuni				tɨpːekɨa	koːvoɡ				tɨpːe										tapuna
FULL_4				peʃoːnaltia			avaʔɨsti		peʃoːntok												tentuk		pitɨʔq					tientiːka						
FULL_5		boʧiwi						bode~bodahri~bodavi		oopokiwta																								
FULL_6													ponoʔi				kano~kanːo									ponoʔaː~ponoʔi							kuwikːatːɨ	
FULL_7											ohcorewaeme																			puːi̯n		pɨi̯mit		
FULL_8														muujai																				
FULL_9	maʧama																															ɨmbɨm		
FULL_10																		sudːajamue							sunɡɨm				skowoɡ					
GIVE_1		ja																												ua				
GIVE_2													roː																					
GIVE_3																															hiliwa			
GIVE_4														ovi		kija	kia																	
GIVE_5					utːu								doː						utːu					utːu										
GIVE_6																																	nutuɡai̯	
GIVE_7	max		maka	maka		maxa		macan	maka	maqa					maaka			maxe~maxani		maːk	ma~maka	meke	maqai̯		mak	maka	maʦ	maka	maːk		maka~mika	maha~amha		maka
GIVE_8											kiʔa~kiʔa	pitɨa~kʷei̯tɨa					kiʔa																	
GIVE_9							tatɨste																											
GOOD_1										hopi																								
GOOD_2																														tihøvkui̯				
GOOD_3									kʷali		kaweruma					ʦawu												kʷaliː			kimwa~kiwar	tɨwɨ		
GOOD_4							reʔen	deni																			nana~nai̯den							
GOOD_5													piʃaː				pisːa~pisa	bei̯ɡa																
GOOD_6				kʷaltik																														
GOOD_7		ɡaʔra			ʦaːtɨ	aʧiʔa									tuʔuri				ʦau̯ntɨn					ʦaːntɨn					sap					tuʔi
GOOD_8							ʃaʔapɨʔɨn													seu̯ɡatu														
GOOD_9	aʧae																						aʔai̯										atːɨ	
GOOD_10														loovi																				
GOOD_11																					jek~ahwijak													
GOOD_12												ijari~ai̯rɨa														aju								
GOOD_13																									jirjixkɨː									
GOOD_14			haɨ̯																															
GREEN_1																																hulʔhulʔ~uːhulʔhulʔ		
GREEN_2							ruʔara																rou̯ʔn											
GREEN_3																															njokar			
GREEN_4					epe								puhiɡidɨ			puhituwa	puhi							pui̯										
GREEN_5									ʃoʃoktik											stɨːdoɡ								ʃoʃoktiːk	sʧɨːdaɡi	takaːpiʔ			sakʷakatɨ	
GREEN_6																		tudːoɡui̯																
GREEN_7	tukvaʃnekis																																	
GREEN_8														kunoknuʃ																				
GREEN_9		sijoname	sawaka	sosowia		xwavi		sidei̯		sakʷa	sioname				siali				sakʷa			ʃui̯				sakʷa	sidŏi							siali
GREEN_10												ciu̯raɨ̯je																						
GREEN_11				kiltik																	ʃuʃuwik													
GREEN_12																									momduraʔ									
HAIR_1																							ʔajɨʔ			pɨːaː				pwan				
HAIR_2				ʦontli					ʦonːti						ʧoonim						ʧun	ʧon						ʦontliː				ʦomoːl		ʧoni
HAIR_3																				moʔo							muʧit		moʔo					
HAIR_4					papi														pampipːɨh					pankasɨ									paakipi	
HAIR_5		ɡupa		ikpa			kɨpwa				kupa	kɨpa	ʦopivɨ				ʦopːɨhɨ	ʦupe							kup									
HAIR_6			tocipɨʔapɨ																															
HAIR_7	julukal					ju~jul								juːla																				
HAIR_8								mo								woø					ijuhmiu						mo				womor~womanr			
HAIR_9										høːmi																								
HAND_1		seka									seka																				sutu			
HAND_2	mal					ma		mamat	maːi̯			mama			mamːam	maja	mai̯				mai̯~mei̯	mai̯	maː				mama	mø	nowi	man		maːl		mamam
HAND_3			moʔovi		moʔo					maʔa			moʔovi	mat				novi	moʔo	nov				moʔo	nob	moʔo							moʔopi	
HAND_4				maːi̯tl																														
HAND_5							mwahkaʔa																											
HEAD_1	julukal					ju								juːla		woø	woø																	
HEAD_2				kʷaːi̯tl					kʷaːi̯												kʷa	kʷai̯						kʷɔ			tai̯r			
HEAD_3		moʔo					muʔu				moʔo	muʔu						mo~momo		moʔo					moʔ				moʔo		mo			
HEAD_4					papi														pampin					pampin						pwan				
HEAD_5			toci							qøytø			tocivi		kobːa								ʂɨːʔ			toci						kupu	tɨcipi	koba
HEAD_6				ʦocontekon					coːntecoːn												ʦuntekun							conteko						
HEAD_7								zonit																			notzoniizi							
HEAR_1															hikːaha																	haʔ~aːhaʔ		hikːa
HEAR_2								quen										ʦame																
HEAR_3		ake		kaki					kaki		kepu									kaː	ɡak	keki			kəː		kai̯	kakiː	kaː					
HEAR_4							namwahra					ena~enie																						
HEAR_5	naqma		naŋka		naka	naqma				navota			naɡa	naqma		naqːa	nakːa~nakːa		nanka				maːʈ͡ʂ	nanka		naŋka				naxaːkʷa			nɨkːai̯	
HEART_1																				iːbdaɡ									iːbdaɡ					
HEART_2								hibes																										hiapsi
HEART_3																				hur̥adi			huːn				hidăɡua							
HEART_4			pijɨ		pihi								pɨhjɨpi			piwɨ	piwɨ		pihwɨ					pihjɨn		pijɨ								
HEART_5																																	mukuavi	
HEART_6				joːloːtl					joolo			ijari						jure			jul~julo				jur			julohtli						
HEART_7	sunil	sula				ʂuun					sulu			ʂunla	suːla															ʂuːn		ʃuːnal		
HEART_8										ɨnaŋwɨ																					aramalir~avamalir			
HEART_9							ʃai̯hnʲuʔukari																											
HEAVY_1						wimɨ								wimai̯																				
HEAVY_2																				svɨːt														
HEAVY_3																													swɨːʧ					
HEAVY_4	pelema	beteame	pɨtːɨja		puhtu		tyihetʲe	beten		pɨtɨ	pehti		pitaʔa		betːe			vɨːtɨ	pɨtːi				pɨcɨʔ	pɨtːɨ	bɨt	pɨtːiʔanteɨ̯	vetːĕa			potoː		pɨlɨʔ~ipɨlɨʔ	pɨtːijatːɨ	beteʔa
HEAVY_5																nɨʔnɨkːwɨ	nɨnːɨkʷi~nɨnːɨkːwi																	
HEAVY_6												hete									hetek													
HEAVY_7				etik					etiːk													eti						jetik						
HORN (ANATOMY)_1																							ʔaːʔ							ʔaːʔan				
HORN (ANATOMY)_2				kʷaːkʷawitl					kʷetaʃa												kʷakʷau̯~kʷakaʧo													
HORN (ANATOMY)_3														ʔaaw																				
HORN (ANATOMY)_4								husiɡwa																										
HORN (ANATOMY)_5																															hamoat			
HORN (ANATOMY)_6			aːpːɨ										aːpɨ					aɡa		aːɡ									aʔaɡ				aːpːɨ	
HORN (ANATOMY)_7	awal	awa			aː	awʔa	awah			aːla	awa	awate			aːwam	awa	aː		awa					aːn	aaʔ	aæ						aːwat		aːwa
HOT_1	ʃiwma																								ʧoi̯ɲ									
HOT_2						atiŋvɨ												toni													tono			
HOT_3				toːtoniːa			pɨsti~pɨhʧɨraʔa		totoktik											ston	tutunik					tatuʔi		totunkiː	stoni			ɨʔɨdɨːʔ	tatiʔi	
HOT_4			kutːu					suka			tahta	kuka		ʂaqi	sukːa	ɨtɨʔɨ	ɨtɨtːɨ		itɨʔi													ɨːdɨːʔɨt		tata
HOT_5													taraʔwidɨ																					
HOT_6					ɨrɨʔi																						urudeni			oroːʔ				
HOT_7		ratali																					ɨcɨ	ɨtɨi̯										
HOT_8										mɨki																								
I_1				neʔwɑːtl~neʔ	nɯʔ	nəʔ				nɯʔ			nɯʔɯ		i̠nɑpo								nɯʔ			nɯʔ			aːɲiʔi	noːmɑʔ			nɯʔ	inepo
I_2	ne	nehe̠	nɯː				i̠neː~neː	neː	neh		ne̠ː	neː		noː		nɯ	nɯ	ɑːni	nɯː~nɯ	ɑni	nɑhɑ			nɯ			ne	nɑhɑ	aːɲi	noː	ine̠~ene̠	nɯː		ne
I_3																						nen												
KILL_1			pakːa		pekːa								paka			paʦːa	paʦːa~paʦːa		pakːa					pekːa		pakːa							pakai̯	
KILL_2	mekan	meʔa~miʔli		miktia		mɨq		mean	miktiːa	niina	meʔa~meʔri	mie		moknu	meʔak			mumu		mɨʔa	miktia	mokti	mɨmɨkin~mɨqan		muaʔ		mea	miːktia	muʔa	mukaa	ma	mɨʔɨɡ~ɨmɨʔɨk		meʔa
KILL_3							heʔika																											
KILL_4																															wa			
KNEE_1												watu																						
KNEE_2																									ol̥ia									
KNEE_3														qaxmai̯																				
KNEE_4																	miawoː																	
KNEE_5		ʧokobala									ʦohkopo																savopo							
KNEE_6				tlankʷaːi̯tl					taːnkʷaːi̯							tonnopoto					tankʷak							tlankʷate		tonɡun				
KNEE_7	tamily		taŋa		tanːapːɨh	tami	tunu	tonot		tamə		tunu	tanavi		tonːom			tonːa	taŋːapːɨh	toːn			tamoːʦ	tankapːɨh		taŋa			toːn		tonor	toŋoːl	taapɨ	tonom
KNOW (SOMETHING)_1						hiwʧu									huʔuneija												æhto			hjoːn				huʔunea
KNOW (SOMETHING)_2	eʔnan													oʔna~unani									ɨnaːn											
KNOW (SOMETHING)_3		maʧi		maːti	suapetːai̯		mwaʔatʲe~mwaʔareː		mati	navota	maci	mate						mate		maːt	mati	meti			maːt			matiː	maːʧ			maːɡ~amak		
KNOW (SOMETHING)_4												ma~mai̯																			mai̯			
KNOW (SOMETHING)_5																											aɡuae̯ra~ara							
KNOW (SOMETHING)_6								dedecan																			nanecøra							
KNOW (SOMETHING)_7			putːucuka										pucɨ				pupːitakːwatu									pucucukʷa							pucucukʷa	
KNOW (SOMETHING)_8																	tːu										tʰeø							
KNOW (SOMETHING)_9					sumpanaʔitɨ														sumpanai̯					sumpaːtu~sumpanai̯										
KNOW (SOMETHING)_10																sutːapɨhi											hitːada							
LEAF_1																				haːhaɡ									haːhaɡ					
LEAF_2																		jaɡa							jaʔ									
LEAF_3		sawa		ʃiwitl~iswatl			ʃanwei		ʃiwit		sawa	zama			sawa						iswat	ʃut					sawat				samoar~samwat			sawa
LEAF_4								saɡua																sɨka										
LEAF_5																												ʃiːbiːtl						
LEAF_6			naŋkapa							naapi			naɡavɨ				nakːapɨ									maːpɨnaŋkapɨ						naŋhabɨːl	nɨkːaʔapi	
LEAF_7	palat													pavlaʃ		ɡasa			pisi				qav											
LEAF_8						pɨclʔa																												
LEAF_9					puhipːɨh																													
LIE (REST)_1								voi̯																		api	vo						api	
LIE (REST)_2			hahapi		havi							hu~hui̯	havi			hapi	hapi~hapːi		hapi					hapi										
LIE (REST)_3	max																																	
LIE (REST)_4														wiwa																				
LIE (REST)_5												ka											ɨk						woʔo	okoː				
LIE (REST)_6		boʔi		teːka		kʷivɨ	kaʔa		wectok~teːka	waʔøkiwta	poʔi							vopːoe		voʔo	teka~teːka	teke			bokaʔ									boʔo
LIE (REST)_7															boʔoka													bectiːk~bectotika~tietieka				tambɨːʔ~andambɨːʔ		
LIVER_1				eːltaʧtli																	eltapaʧ													
LIVER_2																												eːlli						
LIVER_3		emela									ema														lumaːn						jamat			
LIVER_4	neʔma		nɨwɨmpi		nɨmɨ	nɨma	njaːmwa			nɨːma		nema	nɨwɨbi	nooma		nɨmiɨ̯	nɨmɨ	numad	nɨmɨ	nɨm			nɨːm	nɨwɨn		nɨŋwɨn			nɨm			nɨːmal	nuupːɨ	
LIVER_5								hemat							heemam																			heemam
LIVER_6																											ʦuhhema							
LONG_1				wejak					weːjak												wejak										wee			
LONG_2	wavuma	wiʔli				wɨvaʂiʃ				wɨːpa																								
LONG_3																											ɡueri	bejak						
LONG_4																														kahoːʔ				
LONG_5			paʔantoka		paʔa								paʔatoɡora													paʔatːokon							paʔatːokʷatːɨ	
LONG_6							tjeː					tewi				ɨti	utɨː~utɨ												ʧɨw					
LONG_7								tevei						tavulvuʃ	teebe			tubudu~ʦavidija	kɨpa	tɨvɨd				kɨpa	təb							utudu		teebe
LONG_8																							mitaʔi											
LONG_9											tehpekuma																							
LOUSE_1																														ar				
LOUSE_2																																nahaːl		
LOUSE_3		te		aʔtenitl~atemitl		alaʔat	atʲe			atɨ	ehte	ateci	acɨvɨ	ulaat	etːen			aːte		aːʔat	atin~atimet	atomt	acɨm		aat		atːe	atiːmiːtl~atɪmɪtl	aːʔaʧ		atet			ete
LOUSE_4			poːʔapi		pusia											pui̯ciapːi	pusːiʔa~pusːiʔapi		posiaʦːih					posiaʦːih		poʔa							poʔapi	
LOUSE_5								viatzi																										
LOUSE_6	saʔwal																																	
LOUSE_7									tokoloːt																									
MAN_1														jaʔaʃ									wɨcɨʂʦ											
MAN_2												uki			ooʔou̯																			ooʔou̯
MAN_3																											uri				oɲwi			
MAN_4		rehoi									tihoe																							
MAN_5	naxaniʃ					naxaniʃ										nana	nana																	
MAN_6								dor~dori											tai̯ŋwa						ʧioɲ				ʧɨoj					
MAN_7					tenapːɨʔ								taʔnipɨzi											tenkʷapːɨ										
MAN_8			tawaci	tlaːkatl			tjaːtaʔa	dodorte	taːɡat	taaqa								teodi		tɨod	takat	teket				taʔŋwa		tløkatl				taːtwal	taʔwaci	
MAN_9																														voroi̯t				
MANY_1		weka									wei̯ka		awa			ewa	iwa						wɨr									joːwi		
MANY_2																														ajohin				
MANY_3																							wɨwɨht											
MANY_4															hwebenːa																			huebeena
MANY_5			apaʔa																							apæ								
MANY_6					soːtɨ														soːntɨn					soːntɨn									apaʔnatːɨ	
MANY_7										kaasta																	surapĕqui̯							
MANY_8	meten			miak~miek			mwiʔi	mui̯	miak									mui̯		muʔi	muːʧi~mijak				mui̯ʔ			mejak	muʔi		mui̯ar			
MANY_9						mɨtʔiʃ																												
MANY_10												kʷinija																						
MANY_11														hihee																				
MEAT_1	waʔiʃ					waʔiʃ	weʔiraʔa							waaʔiʃ	wakas																			
MEAT_2												wai̯																						
MEAT_3																tɨːnːa							kaːrniʔ											
MEAT_4				nakatl					nakat												nakat	neket			bakas			nakatl						
MEAT_5		saʔpa	tukːuapi		tɨkːapːɨh			sata~saba~saabaʔa		sikʷi	saʔpa		tukuaːvi				tukːu	tucuɡue	tukːu					tukːu		tukːua	sata		ʧuːkuɡ	tuːkin	tikoɲwat	tuɡuwa	tukːuapi	tekua
MEAT_6																				hai̯van														
MOON_1																tamɨʔa				saʂaːd														
MOON_2	menaly	meʧa			mɨa	mɨnily				mɨːjawɨ	meca	meca	mɨazi	moyla	meeʧa		mɨha	masa	mɨa				mɨaːʈ͡ʂ	mɨa	masan	mɨæ	meʧa			moar~muaːr				meʧa
MOON_3			mijatokopːi	meːctli			maʃkɨraʔi	metzat	meːcti									masːadaɡa			mecti	mest						miectliː	maʂaːd		mecat	mɨːjabiʃt	mɨatːakoci	
MOON_4																											æɡui̯t							
MOUNTAIN_1							hɨri																								hai̯t			
MOUNTAIN_2												jamuri																			njokoro	muwaːl		
MOUNTAIN_3										tɨːkʷi																	ʦæɡui̯							
MOUNTAIN_4				tepːeːtl				ʦavit	tepeːt									ʦabulica		doʔaːɡ~tonica	tepet							tepietl	doʔaɡ					
MOUNTAIN_5						pɨʔawʔa																												
MOUNTAIN_6																															kahi~kahu			
MOUNTAIN_7	qawiʃ	rajabo~ɡawi	kai̯pa		tojavi					tɨːwi	kawi		keːvi	qawiiʧa	kawi	toja	kai̯pa		tojapin				qai̯ːʦ	tojapin		kai̯pa				xai̯	kav		kaapi	kawi~kau̯
MOUNTAIN_8																									oi̯dʱaʔ									
MOUTH_1				kamaktl																								kamak						
MOUTH_2	tamal	rini		teːntli			tyenʲi	tenit	teːn			teni		tamat	tee			tuni		tɨn	ten~teːn	ten			ʧiɲ			tien	ʧini	toŋin	tinir			teni~teeni
MOUTH_3			tɨːmpa		tɨpe	tamʔa					ʦuʔa		tɨbivɨ			tɨpːe	tɨpːa		tɨmpe				ʂɨʈ͡ʂ	tɨmpe		tɨmpa						toʔoɡo	tɨpːapi	
MOUTH_4										moʔa																								
NAME_1			niapi		nahnia								nijaːvi			nanijanːa	nanianːa							nihja		niaː							niaː	
NAME_2	tewal	rewa					antʲawaː			tɨŋwni	tewa	tewa		tuŋla	tewam								tɨwanʦ							tuaːnʲan	temwara	indiŋwa~tiŋwa		tea
NAME_3							antʲaʔaru												natɨpinia															
NAME_4				toːkaːi̯tl		tiwʔa		teɡuat	toːkay									tutuɡaraɡa		tɨːɡiɡ	tukey						teɡua	tukø	ʧɨːɡiɡ					
NECK_1																							ŋɨhɨʦ~ŋɨhɨʔ											
NECK_2																														ŋoːŋ	moar			
NECK_3					tojo																													
NECK_4																															kʷai̯r			
NECK_5		ɡuta	kuta				kɨhpi	ʦutat	keʧ		kuhtamo	katuci				kutːa	kutːa		kuta	kuʂuv~kuʂvo					kuxbo	kuta	ʦuta		kuswo				kutapi	kutana
NECK_6	pily					qilyʔa								qelat																		kulaːn		
NECK_7										kʷaapi		kɨi̯pi	kuravi		biʔa									tojompɨh										
NECK_8				kʷeʧtli																	kesckcuju~keckuju	koʃt						keʧkoʧtla~keʧkʷahjo						
NECK_9																		ʦuscuvo																
NECK_10																	pukːakːwa																	
NEW_1							ahkʷa	hubari				hekʷa																						
NEW_2																															hemesat			
NEW_3			ɨaka	jankʷik	ɨkɨ				jaːnɡui̯k										ɨkɨ					ɨkɨ				jankʷiːk						
NEW_4																										aɨ̯								
NEW_5																													wɨʧij					
NEW_6		kukiwame									kaweruma																							
NEW_7	paŋiʃ					paŋiʃ									bemela																			bemela
NEW_8													ɨːvitɨ	iːpit			pɨtɨ						amai̯t							imuːt		mapita	aːkatɨ	
NEW_9																pɨtɨttɨpːɨ		butːude		vɨtud							veu̯catoa							
NEW_10																									xibkam									
NEW_11										pɨːhɨ																								
NIGHT_1										mihi~mihikpɨ																								
NIGHT_2																													ʧuhuɡ					
NIGHT_3				yoːawalli					jowaːl												ujuvali	owel						jowaliː						
NIGHT_4																														jau̯ke				
NIGHT_5	tukmijat	rukawali	tuwanu		tukani	tukmut	tɨkaʔa	ʧuari			tuɡao	tɨkarika	tuɡwa	tuukumit	tukaari	toqa	tuka~tukːaː	tucaɡui̯	tukʷani	tukɡam	tikjuvuali		tuːk	tukani	tukaʔ	tukʷa	doʦːo					tuːɡit~tuːɡal	tukʷana	tukaria
NIGHT_6																															kirimoalit			
NO OR NOT_1																				heː												haʃ		
NO OR NOT_2				aʔmoː																pim									pi					
NO OR NOT_3	kiʔi		kacu							qaʔe	kaʔi					qatuʔu													piaʔa					
NO OR NOT_4		ke			ke	qai̯	ka~kai̯	ʦa		qa				qai̯	kaː		kai̯		ke				qai̯	ke		ka	ʦai̯			xai̯	ka		ka	ka~kaː~kee
NO OR NOT_5													juwaːtɨ												ʧam									
NO OR NOT_6									amo												ma							amo						
NO OR NOT_7												meta						mai̯tiud~mai̯tudo																
NOSE_1		aka		jakatl					jekacol	jaqa	jahka				jekːa						jaka	jeket						jekacol						jeka
NOSE_2													muviːtoʔovebe																				mopotːʔopːɨ	
NOSE_3	mul		mupi		muvi	mu								muuvil		mupi	mupi		mupin				mukpiʔ	mupin		mupɨ				møpin	nikisor	mupit		
NOSE_4							ʦuʔuri					ʦuri																						
NOSE_5								dacat										daka		daːk					dak				daːk					
ONE_1																		huma		hɨma									hɨmako		heme			
ONE_2																				maːdo					man									
ONE_3			suː	seː	sɨmːɨ	sulit	sei	sei̯	seː	sɨːka		zewi	suju		seenu	sɨmɨ	sɨmɨ		sɨwɨ~sɨmːɨ		se	se		sɨmːɨ		ʃuː	se	sie~sente				ʧiːʧ	suːjis	senu
ONE_4		bile									pire																							
ONE_5	suplje					supul								supul																				
ONE_6																														puku				
ONE_7																							hou̯kp											
PATH OR ROAD_1							huje					huje																						
PATH OR ROAD_2									ohti												uhti							ohtliː						
PATH OR ROAD_3																													woːɡ		wota			
PATH OR ROAD_4				oʔtli																														
PATH OR ROAD_5													toːvɨ									otˀkan												
PATH OR ROAD_6	pit		poʔo		puʔe	pit		vovet						pet	booʔo				poʔi	voːɡ			pooqt~poːʔ	poʔe						pet		poht		booʔo
PATH OR ROAD_7		bowe								pøhɨ	poe					pojo	poː	boi̯							boi̯	poː	donønăi~ɡui̯nonăi~pinonăi~bowe						poo	
PERSON_1	taxliswet			tlaːkatl		ataxʔa			taːkajoːt												taɡat		taːqt					tløka		taraxat				
PERSON_2							tyevi					teɨ̯teri		ataax																	tamoi̯tam			
PERSON_3		paɡotuame									ihpakorume									hɨmadkam									hɨmajkam					
PERSON_4															joreme										jatkam									joeme
PERSON_5																											uriaʧa						nuuci	
PERSON_6			nɨwɨ		nɨmɨ			doːme		sino			nɨwɨ			nɨːmːɨ	nɨmɨ	odame	nɨmɨ					nɨwɨ		nɨŋwɨ~nɨn						nɨmɨ		
RAIN (PRECIPITATION)_1																	paɨ̯matl											kiːjabiːtl						
RAIN (PRECIPITATION)_2								ducan~duqui̯								tɨːkːwa		daqui̯~duqui̯		duːk					duk					aqwakin				
RAIN (PRECIPITATION)_3									kiʧwit~kiʧaːt							tɨːkʷape																		
RAIN (PRECIPITATION)_4				kiawitl			viitʲe					kiewijera												paɨna			dyrurăi~værorăi~dyrarai							
RAIN (PRECIPITATION)_5																											ahra				horoy			
RAIN (PRECIPITATION)_6														axilax																				
RAIN (PRECIPITATION)_7		uʔki								joojoki	juʔki				jukːu						wetciat								juːki					juku
RAIN (PRECIPITATION)_8																							woːŋt									taŋ~andaŋ	uwatɨ	
RAIN (PRECIPITATION)_9					ɨma														ɨma					ɨma		uŋwa								
RAIN (PRECIPITATION)_10	wewniʃ~wewen		ɨwa			wɨwɨ				jojaŋwɨnɨ			uwa																					
RED_1														qwajaqwjaʃ																				
RED_2																														kʷahoxa				
RED_3			aŋkaka		eka								aɡa						anka					enka		aŋkæ							akːakatɨ	
RED_4												reta					aʦːa	oamasmoe																
RED_5	selnekiʃ			ʧiʧiːltik					ʧiːʧiːltik												ʧiltik							ʧiʧiltiːk						
RED_6		serakame						sikei							sikili					svɨɡ							setːa~setai̯		swɨɡi		sawakar			sikiʔi
RED_7											sehtaname																							
RED_8																							ʂɨriːriʔn											
RED_9																																melʔmel		
RED_10						kʷati	paʔu			pala						aqːapono									bɨʔ									
RED_11								vasei̯																										
ROOT_1						wala																								wiwin		wiːʃi		
ROOT_2			tɨtɨnapɨ		tɨrana								tɨn			tɨtɨna	tɨna	taca	tɨtɨna	tatka				tɨtɨna	tak	tɨna			tatk				tɨnaapi	
ROOT_3														kʷiinamuʃ																				
ROOT_4	pukuʔu																																	
ROOT_5		nawa		tlaneːlwatl					naːlwat		nawa				naːwa												nawa	nelwajutl~nelwatl						nawa
ROOT_6																					inenɡwaho		ŋaːqaw											
ROOT_7							naanaʔa	nava		ŋaʔat		nana																			namusir			
ROUND_1				jawalli																									olas					
ROUND_2									teolotik																			miːmiːltiʦ						
ROUND_3																							pucupuʔq											
ROUND_4																																muluŋwal~muluʔuŋa		
ROUND_5			munuŋki										muduʔnidɨ						munukantɨn					ponokantɨn										
ROUND_6										pølaŋpɨ																								
ROUND_7					topːonitɨ			tacore~tacoris~ʦaporis			kahpola					atːɨppono		ʦabulica		kovolik					xikoːl̥ik		ʦapːŏra~ʦapːŏri							
ROUND_8								bola							lobːai̯~lobola																			lobola~robːoʔi
ROUND_9	pumule	ɡapo				puvɨ								peeva												potːo~poːtːø								kiiʧu
ROUND_10																	paʦːipːonoʔa~paʦːipːunuʔa																	
ROUND_11																														turaːrkiwiʔ			pootːɨkːwatɨ	
ROUND_12							huʔura																											
SALT_1		kona	asoʔna																															
SALT_2						jɨwal																				oa								
SALT_3	iŋily				onːavi		unah	onat		øŋa	wona	uːna	owavi	eŋla	oona	omːa	onapi	onːe	omapin	on				onapin	on				on	aŋor	onat	oːnahl	oapi	ona
SALT_4				istatl					istatl												istatl	ostet						istatl						
SALT_5																							ʦukaʔt											
SAND_1																		ore~oːe							oi̯ja									
SAND_2						haxal														hia										uheːt~oːhit				
SAND_3													ʃihʷabɨ																		sihat	ʃihpit		
SAND_4					pasiwapi											pasːiwa	pasiwapːɨ		pasiŋwampɨh					pasiampin		patɨ				piri				
SAND_5		sate		ʃaːlli			se	sa~sata	ʃaːl		sete	ziakari~ziukari			seeʔe						aʃal							ʃøliː					siwapːɨ	seeʔe
SAND_6														exval																				
SAND_7										tɨi̯wa																								
SAND_8			otːapɨ																				oːqʈ͡ʂ						oʔoɖ					
SAND_9	ŋaʧiʃ																																	
SAND_10																			kuʦːapːɨh															
SAY_1												hai̯		hihija	hiawa																			hiawa~hia
SAY_2																												htoa						
SAY_3						jaxɨ		aɡuan										aːɡi	jɨkʷi	aːɡa									aːɡ					
SAY_4					niːkʷi																			niːkʷi		naːnia							mai̯kːɨ~mai̯kːa	
SAY_5			mai̯										meː			ine~ineː	ɨnakːwi~ɨnaʔwi				inas						era				amwa~omwa			
SAY_6	kutaʃ								kihtoːa	kita																								
SAY_7		ʧani					ʃa	teen			ʦa~ʦe	ite											kɨi̯		tɨi̯jaʔ		tui̯~tʰui̯							
SAY_8				iʔtoːa																tɨʔɨ														
SAY_9																														paːri				
SAY_10																																piŋɡɨ		
SEE_1																												hta		hutaa~huːtu				
SEE_2							seihra																hihi											
SEE_3		neʔ~eʔne~neʔne									neʔne																							
SEE_4		naʧi										niere						nunːide~nianto		nɨi̯d					nɨi̯ɲ				nɨi̯d					
SEE_5				itːa					ta												ita	ote												
SEE_6	teew					tɨwa						zei̯		tiiwi~tow					pui̯					pui̯										
SEE_7								vitzan																			vitza							
SEE_8			punːiː		puni								pikeː~pɨni		biʧːa	puni	puni~punːi~puʔni							puni		pɨni					tema~temo		pɨnikːa	biʧa
SEE_9																																taːwɨɡɨt		
SEE_10										jori																								
SEED_1												imɨari									aju													
SEED_2												haci									ajuhwaʧ													
SEED_3							aci															aʧ									waciran			
SEED_4									ʃinaːʧ																		vuʧit	ʃiːnøʧtli						
SEED_5								suvatzi																										
SEED_6																	pui̯	usːoqui̯		kai̯									kai̯					
SEED_7																									kai̯ʧuk									
SEED_8		tali		aʧtli																														
SEED_9					pehe						pahci								pehe					pehe										
SEED_10	puʧily		puʔipi			puʃ				poosi			puʔivi	puʃla	baʧia	pusi							puːʦ			puʔiɨ̯				puːʈ͡ʂin		punʒil	pɨʔiapi	baʧia
SHORT_1											eʔmeruma~aʔmerima									dumarica					dumaːl̥									
SHORT_2																														kamuhoʔ				
SHORT_3															pooʧi																			poʧilai̯
SHORT_4	muti					mutɨqɨ											miʦːi						mutipik											
SHORT_5		kuʔteli																			kutu													
SHORT_6			topici				ʦapwatun	ʧupica		ʦaava						topːociʦːini			topːoʦːitɨ				ʦaːpuʔ	kɨpihtɨn		topɨ~topːɨ	sapːada~sapːata							
SHORT_7														kapakpamal																		tabuːʔupil		
SHORT_8				ʦicikicin	paʔitɨːci				ʦikciːn				tovʔepiːʧɨ															ʦiciːkiːci						
SHORT_9																		kavulika											ʂopolk					
SHORT_10																							qapockaʔ										kapaʔatːokowatːɨ	
SKIN_1												nawi			beewa												bewa							bea
SKIN_2																	pɨhɨ																	
SKIN_3																		ulidaɡa		ɨlidaɡ									ɨldaɡ					
SKIN_4		wiʧi									wiʔci	wi													joʔ									
SKIN_5				eʔwaːtl																			qoʦ											
SKIN_6					poʔoaʔ														poʔa					poʔanʔ								poːnt		
SKIN_7				kwetlaʃtli				beɡuat	kʷetaʃio												kʷetasti	kʷeteʃt						kʷiːtlaʃtli		axoxoʈ͡ʂ~axoːxoʦ	kucit			
SKIN_8														taavaʃ																	kvici			
SKIN_9	saval						navi																											
SKIN_10			asipɨ~asiʔa			tukʔa				ʦiipɨ			asiaviʔ			sipːoʔi										asiaːʔ							siʔaːpi	
SLEEP_1																																tahkin~atahkin		
SLEEP_2																							kuːman									ʦuluːm~uculuːm		
SLEEP_3								ʦotzon										ʦocose									ʦotzi							
SLEEP_4	kup	ɡoʧi		koʧi		kupɨ	kucu		koʧi		koci	kuci		kup	koʧːe					koːʂ	kuʧi	koʧo			koːs			koʧiː	koːʂ		kos			koʧe
SLEEP_5																ɨwi	ɨwi~ɨwi																	
SLEEP_6			ɨpːɨi̯		ɨːpɨi̯					pɨːwi			ɨpiː						ɨpːɨi̯					ɨpːɨi̯		apːɨi̯							əpːɨi	
SLEEP_7																														jetamkua				
SMALL_1									nohneːl												ʧihʧin													
SMALL_2														aluʔmal											ɨl̥iʔʦ									
SMALL_3		kuʔta									nuʔiti																					kuʔuzubil		
SMALL_4	iniʃily																						aɲiːʔi			miaʔ				anuysi				
SMALL_5								ʧupi		ʦaako		eʧipɨe~eʧimpe					tɨːci												ʧumʧu					
SMALL_6				tepiton																sviːd														
SMALL_7													ɨːvʔepiːʧi														baʧuʧu							
SMALL_8																inociʦːiʔ												ʦiciːkiːci						
SMALL_9			miʔau̯nci																														miipːɨci	
SMALL_10					tɨe							pe							tɨai̯					tɨai̯										
SMALL_11						akulji									iliiʧːi			alai̯~ali~arali		aritu											ujir~uli			ili
SMALL_12							kɨlen																											
SMOKE (EXHAUST)_1		mori						moraɡua			morewa																							
SMOKE (EXHAUST)_2	miʔat					miʔat																	moaːʔt							maːt				
SMOKE (EXHAUST)_3			kʷihipː									kɨ~kʷau̯ni	kʷuhidɨ				kʷiː							kʷiː		kʷiɨ							kʷiipɨ	
SMOKE (EXHAUST)_4														kuumit																				
SMOKE (EXHAUST)_5																														ʈ͡ʂiaːn				
SMOKE (EXHAUST)_6																		ʦubusci		kuːbdaɡ					kubʱɨx				kuːbs		kupicit			
SMOKE (EXHAUST)_7					kukːwiː		kɨci			kʷiiciŋwɨ		kɨci			bwiciria				kukːwiː								piʧire							bwiʧia
SMOKE (EXHAUST)_8				poːstli					poːkti							kukkuhi					pukti			kukkʷiː				puktli						
SMOKE (EXHAUST)_9																											moh							
SMOKE (EXHAUST)_10																																uːi̯ja		
SNAKE_1		sinoi									sinoi̯							ʦoːi̯		vinoi̯														
SNAKE_2										løloŋw																								
SNAKE_3	sewet		kʷiːjaːci	koːwaːtl		sɨwɨt			kowaːt												kʷat	kuet					sinot	kowatl		ʃot	koot			
SNAKE_4																																tuhat		
SNAKE_5													toɡowa	piɨ̯qwala		toqoqːwa	toko		tokoa					tokoa		tokoa							tokoapi	
SNAKE_6												ku													koʔ				koʔowi					
SNAKE_7							kuʔukuʔu	vacotz							baːkot		pasːinuʔju																	baakot
SNAKE_8					kʷasinaboː																													
SNAKE_9																							hɨːŋt											
STAR_1			puːcipɨ		tacinupi								puːciːvɨ			tacinu			taʦːiumpi					tacɨɨmpin		puːci							puuciːpi	
STAR_2																	paːtːusːupaʔa																	
STAR_3								sarin		soohɨ		zurawe															dærirai̯				soo	ʃuːl		
STAR_4															ʧokːi					siɨ̯ovaɡ~siavuɡui̯														ʧoki
STAR_5	suʔwet	seʔpoli		sitlalin		suʔul	ʃuʔuraʔave	sibora	siːtaliːn		soʔpori			ʂuʔla							sital				ʧɨtʔ			sitlaliː		ʃuʃjot				
STAR_6																				uhapa									huʔu					
STAR_7																				huhuɡa														
STAR_8																		jujupa																
STAR_9																							huːʔʈ͡ʂ											
STONE_1		ree																																
STONE_2										ou̯a																								
STONE_3																				hod									hodai̯					
STONE_4																		jodːe							joːdai̯									
STONE_5	qawiʃ					kawiʃ																												
STONE_6			tɨmpi	tetl	tɨpi		tjetʲe	tet	tet		tehte	tete	tɨbiʧɨ	toota	tetːa	tɨpːi	tɨpːi		tɨmpin		tet	tot	tɨmɨt	tɨmpin		tɨmpɨ~tɨn	tet	tietetu		tuːta~tota	tetat~terat	tɨnt	tɨpɨpːɨ	teta
SUN_1		rai̯enali							toːnal	taawa	tahenari	tau̯						tonːeli			tunal	tunel						tunaliː				taːl		
SUN_2	tamit		tapapːɨci	toːnatiu	tave	tamit	ʃɨka	tavi					tavi	timet	taːʔa	tape	tapa	tasːe	tapai̯	taʂ			taːmiat	tape	ʧat	tapa~tapi	tæt		taʂ	tamit	tata~tasalit		tapaci	taaʔa
SWIM_1										momortimɑ										komli̠miah								mɑːwilɑːnɑ						
SWIM_2																															on~onɑ			
SWIM_3						wɑj								wɑ̠̄jɑ																				
SWIM_4				aːkʷi																														
SWIM_5																													wɑʧːui̯					
SWIM_6																																aːpɑi̯ʔiʧ	ɑpipoti	
SWIM_7											kaʔkena																							
SWIM_8		ɑʔke̠	nɑpːɑkːɯ																nokoi̯ʦoi̯h														nɑpɑkːi	
SWIM_9													pɑːkenukʷːi																					
SWIM_10					pɑhɑpitːɯ										βɑhume	pɑhɑpi	pɑhɑpi							pɑhɑpi										βɑhume
SWIM_11							ɑhɑu̯βe					hɑu̯~hɑu̯rikɑ																						
TAIL_1		wasi									wahsi												wað									wiʃiː		
TAIL_2																				bahi									bahi					
TAIL_3				kʷitlapilli					kʷitapiːl												kʷitapil							kʷiːtlapiːl						
TAIL_4										sɨri		kʷari																						
TAIL_5	kʷas		kʷasi		kʷasi	qwaʃ	kʷasa	basit					kʷasi~koʃivi	piqwsiv	bwasia	qwaci	kʷasːi	bai̯di	kʷasi					kʷesi	bʱai̯	kʷasi					bakusir		kʷasici	bwasia
THAT_1															huri~hu																			hu
THAT_2																													hɯɡʔɑi̯~hɯɡi~hɯɡʔi~hɯɡ~hɯɡɑʔi					
THAT_3			u					ar				iwɑ				u										u							u	u~wɑ~wɑi̯
THAT_4													sɑmɑnɑ~sɑmɑtɯ~suʔunɑ~suʔutɯ						sɑtɯ															
THAT_5										pɑm	puː																							
THAT_6																							pat		ɡwiʔ					peːʔe				
THAT_7		mu~mi̠	mɑ	inoːn			mɯmɯ		nɑ				unɑ	oːnu							uni		ama					inoːneːkɑ~inoː					mɑ	
THAT_8			mɑkːɑ~mɑtɯ																									neːkɑ~neːkɑhoː					mɑtɯ	
THAT_9																																untuːkɑl		
THAT_10																																wɑnʦil~wɑʔ		
THAT_11	et		ukːɑ~utɯ		uti~oti	ət							utɯ				okɑ	ɯɡɑi̯		ɯɡi				utɯn		uʔu							utu	
THAT_12	evat					əβət~ɑxwə̠ʃ											osu		sɑ								ve				iki̠t			
THIS_1											ihi̠					ihu																		
THIS_2													siʔitɯ~siʔinɑ						sitɯ~si					sitɯn										
THIS_3														iβi̠ʔ									iβiʔ		djiʔ									
THIS_4	iʔ	e̠ʧi	ikːɑ~iʦɯ		itːɯ~isɯ	i̠ʔi	iːʔi			iʔ		ikɯ	itɯ		iʔi		ikiɑ~isu			idi̠							iti		iːdɑ~iːdʔɑ~id~iːdɑʔɑ				iʧ	
THIS_5			i															iji								i					irɑ̠	ij		i
THIS_6		je̠nɑ~jepunɑ̠		iniːn				eni	nɑmel~inɑ				inɑ								ini							iːniːnɑːnkɑ~nɑːnkɑ~iːniː		mine			in	
THOU_1				teh																	tɑhɑ							tɑhɑ						
THOU_2	ʔet						mu̠ʔeː																						aːpiʔi					
THOU_3																ɯh	ɯ		ɯ															
THOU_4			ɯmːi		ɯnɯ			eme		ɯm			imi	om					ɯmːi				ɯmiʔ	ɯnːɯ		imːi				oːmɑʔ			ɯmɯ	
THOU_5						əʔ						iɑku			empo			ɑːpi		aːpi									aːpi		ipu̠	impi		empo
THOU_6		muhe̠									mu̠ː																ma							
THOU_7													mumi																					
TONGUE_1			akompi		eko								eɡubɨ			eqo	iko		ai̯ko					eko		akon							akopːɨ	
TONGUE_2	naŋily	ʧamekoala~ʧameroala		nenepiːlli		nɨŋʔa	njanuri	nenet	nenepiːl			teni			ninːi			nun		nɨːn	nepil		naŋaʦ		nɨn		nene	nenepiːl	nɨːni	noŋin	ninir			nini
TONGUE_3										leŋi	jeni																							
TONGUE_4														weeji																				
TONGUE_5																																lalant		
TOOTH_1				tlantli																								tlankoʧ						
TOOTH_2	tamal	rame	tawampi		tama	tamʔa	tame	tamit	taːn	tama	tame	tame	tawabi	tamat	tamːi	tawa	tama	tatam	tama	taːtam	tan		taːm	taman	tatam	taŋwan			taːtami	tatam~taːmin	tamor~tamanr	tamant	tawapːɨ	tami
TREE_1			mahapɨ		huːppi																			huːppin										
TREE_2																wɨnɨppɨ							wamat											
TREE_3													wovi							usi									uːs		uːta~uta			
TREE_4																						kʷaɡut						kʷabiːtl						
TREE_5	kelawat			kʷawitl		kɨlawat	kɨje		kʷowit			kɨje		kulawut							kʷawit													
TREE_6		kusi									kuʔu				kuta																kot	uːʔut	ipici	kuta
TREE_7								ʦut		ʦoki								ost		ʂaʔi														
TREE_8																									tua					tuvaːr				
TREE_9																	sɨŋːapi		sɨŋapi															
TREE_10																										maʔapɨ								
TREE_11																											ʦuht							
TWO_1		okʷa					waʔapwa				woka																							
TWO_2										løːyøm																							wai̯ni	
TWO_3				oːme					oːme												ume	omem			jumai̯			unte~ume						
TWO_4																															nyor~njohor			
TWO_5	wih		waha		waha	wih							waha	we	wooji	waha	waha		waha				wo	waha		waː				wehe		woː		woi
TWO_6								ɡodum~ɡoʦ										ɡoca		ɡoːk							ɡode		ɡoːk					
TWO_7												huta																						
WALK_1																											ʦudakæi~ʦudadadai̯							
WALK_2								vacon					paɡi													pakin							pkai̯	
WALK_3	nem			nenemi		nɨnɨwi			nehnemi							nɨwi					nehnemi		nɨm				nenemia	nehnemiː		nuŋino				
WALK_4																	mia															mij~iːmiː		
WALK_5					miʔa		jeʔi										miʔa		miʔa					miʔa										
WALK_6		eʔyena	utua					dion						wukala																				
WALK_7										waːi̯nɨma	oi̯	uwi~uwa			werama~wei̯je			ojumure		oi̯moːr					oi̯rɨ						ona			weje~weeje
WALK_8																													him					
WATER_1							hah					ha																						
WATER_2				aːtl					aːt												at	at									wota			
WATER_3																												øcintli						
WATER_4																		zudːaɡi		ʂuːdaɡ					suːdai̯ʔ				ʂuːdaɡi					
WATER_5	pal	baʔwi	paː		paː	pal~paw		ba~bat		paahɨ	paʔwi		poʔo	paala~paaw	baːʔa	paja	paː		paː				paːt	paː		paː	vat			par	vata~bata	paːl	paa	baaʔa
WE_1																																iŋilɑʔɑn~iŋiluːʦ~iŋilɑ		
WE_2																														ijoːmo				
WE_3													tɑwɑ															tehwɑnte~tehwɑ					tɑwi	
WE_4				teʔwɑːn										ʦɑ̠̄ʔɑm~ʦɑ̠ʔɑm~ʦɑ̠̄ʔum	itɑpo																			itepo
WE_5	ʦem					ʦəm	i̠teːn			itɑm						tɑ		ɑːtɯ		aːti			ɑʦɑm~iʦɑm						aːʦim		iti̠~ete̠~ite̠			
WE_6								tɑmi̠de						ʦɑmʔ							tehemet						tɑmido							
WE_7	ʦe̠mem	tɑmi̠~tɑ̠mu	tɑmːi~nɯmːi		tɑnɯ						reme	tɑme	tɑmi~nɯmi				tːɑmːi		tɑmːɯ					tɑmːɯn		tɑmɑ							tɑmi~nɯmɯ	
WHAT_1	hi̠ʦʔɑ~hi̠ʦɑxɑ~hi̠ʦeʔɑ		hɑnːiɑ~himpɯ		hiːni~hini	hiʃ		ha		hiːtɑ~himɯ		hai̯	hiniʔipi	hiːʦɑ~hiʃ	hi̠tɑsɑ~hitɑ	hɑ	hiː		hiː	hɯɡ			hiːt	hinɑ~hiːn					hɑb	hitɑ	hɑte̠k~hɑtep	haːi̯ntɑ		hitɑ
WHAT_2		mɑ̠																								inːi								
WHAT_3				t͡ɬei̯n					te		ihtɑ̠							tuma		kʷɑn	tɑj~taː	te						t͡ɬiːn~t͡ɬiː					ʔini	
WHAT_4							titɑne̠																											
WHAT_5																				iktu														
WHAT_6																									tuʔ									
WHITE_1				istak					istaːk												istak							istøk						
WHITE_2		rosakame											seːɡidɨ																				sakatɨ	
WHITE_3																				stoha									stoha					
WHITE_4								sutei̯				putura																		rawatai̯				
WHITE_5					tosapihtɨn											toʦːipono			tosapihtɨ					tosapihtɨn										
WHITE_6			tosaka								tosaname	turame			tosali		toha	toxa							ʧua	toʃa~toʃæ	tosːăi				tosar	poːʃɨɨt~oːboːʃɨ		tosaʔi
WHITE_7										qøycaːwasaʔ																								
WHITE_8	teviʃnek																																	
WHITE_9						xwajɨ								xwai̯a																				
WHITE_10							kʷeina																											
WHITE_11																							jaraːraʔn											
WHO_1	hɑ̠xʔi		hinːi~hɑŋɑ		hɑkɑtɯ	hɑx	hatɑne̠	hebeː		hɑk			hini~hɑnɑ	hɑx	hɑ̠βesu~hɑβːe	haɡʱe	hɑkɑ		hɑkːɑ~hɑkɑtɯn	hɯli~hɯri			hɑmiʔ	hɑkːe~hɑkːɑi̯			hawe		hɯðɑi̯	hakiː	hɑki̠			hɑβe
WHO_2												titɑ																				ɑkitin		
WHO_3				aːkin					aːkoni		abuaː	qeː									kɑh~kaː	ak				anɡa		aːki				ɑki	ʔaː	
WHO_4		mɑ̠pu																																
WHO_5																		voːr																
WIND_1						sɨvɨl																	ʂɨvɨt											
WIND_2																				hɨvɨl									hɨwɨl					
WIND_3			nɨkatɨ		nɨepi								neːdɨ						nɨe					nɨai		nɨa							nɨatɨ~nɨai̯	
WIND_4	jaʔi	eka					eeka~aːka				eɡa	eka						jubuli							jɨbɨl̥									
WIND_5										hɨːkaŋwɨ				huŋla																	honit			
WIND_6				ekatl				raheca	ehekat						heeka	hɨkːwa					ahakat							jehjekatl						heeka
WIND_7																	kɨkːwapːa										ɡeca			axikaŋ				
WIND_8																																xkahwal		
WOMAN_1				siwaːtl					siwaːt												siwat							sowatl						
WOMAN_2																							nɨːht											
WOMAN_3														ʂuŋaal																tokor	tuli			
WOMAN_4	ɲiʧily																																	
WOMAN_5		muki	mamaʔuː			nawikat							mamaʔo~mumoʔo				mokoʔni									mamaʔu							mamaci	
WOMAN_6											oerume																		uwi					
WOMAN_7												uka															oqui̯					koi̯mi		
WOMAN_8					waʔipːɨ					wɨːti								ubi	waʔipːɨ					waʔipːɨ	ubiː									
WOMAN_9							hɨi̯taʔa	hokis							hamːut	hɨːpːiʔ																		hamut
WOMAN_10								huhuɡua																										
WOMAN_11																				oks														
YEAR_1																				hunai̯b									ahidaɡ					
YEAR_2																				macohuaba								ʃiːhpa						
YEAR_3							nyinʲeʔira											jumiɡui̯																
YEAR_4												witari~wijari																						
YEAR_5																		oi̯diɡui̯							oi̯dʱaʔ						asak			
YEAR_6															wasuktiria													ʃiːbitl						wasuktia~wasuktia
YEAR_7	tawpaxiʃ	bamibali	tomo		tomːo	tawpa					pamibame		tiːpɨ	tawpaʃ		toː	tomːo		tomːo				tamoaʔ	tomːo		tomːo				tameːvŋei̯			tomotːɨ	
YEAR_8								betaraːwa																			veta							
YEAR_9				ʃiwitl					ʃiwit	jaːsaŋwɨ											ʃiwit											ʃuwaːl		
YELLOW_1	tesnekiʃ					kɨnɨkɨnɨʔɨʃ																									kisarakar			
YELLOW_2				kostli					kostik																			kostiːk			mokʷasakara			
YELLOW_3																							ʂaʈ͡ʂiːʈ͡ʂiʔn											
YELLOW_4		sawaroame					tjau̯mwa					taraɨ̯je			sawari~sawali					soam									soam					sawai̯
YELLOW_5								savei̯																			saɡuăi						oakːatɨ	
YELLOW_6			oasiakka																		tultik													
YELLOW_7										sikaŋpɨ	saʔwatome			aʂoʔʂuʃ																				
YELLOW_8																														pajuːwit				
YELLOW_9					oha											ohapono	oha	oama	oa					oa	uam	oæ						uam		
YELLOW_10													hɨvɨɡidɨ																					
YELLOW_11																																		huːsai̯
