	Badga	Betta Kurumba	Brahui	Gondi	Kannada	Kodava	Kolami	Kota	Koya	Kurukh	Kuwi	Malayalam	Malto	Ollari Gadba	Parji	Tamil	Telugu	Toda	Tulu	Yeruva
ASH_1									buːɖida								buːɖida			
ASH_2		piːdi			buːdi	buːdi												puːdi		buːdi
ASH_3												ʧaːmbal				saːmbal				
ASH_4			his	niːɾ																
ASH_5										ʧind		ʧaːɾam		niɖ	nĩd				ʧuːnja~ʧoːnja	
ASH_6							buɡɡi													
ASH_7								poːdu atukə												
ASH_8	kolabuːdi																			
BARK_1									beɾaɖu								beɾaɖu			
BARK_2										oːɖak										
BARK_3				toːl																toːlu
BARK_4		meɾtoːlə										maɾattoli								
BARK_5			bund																	
BARK_6								kolluʧo												
BARK_7					naːɾu															
BARK_8						ʧekke														
BARK_9																			ketta	
BARK_10					toɡaʈi				danʈi											
BARK_11	paʈʈe					aʈʈe						paʈʈa				paʈʈe	paʈʈa			
BARK_12																		puʈkoɾi		
BARK_13							ɖanɖi maɖɖa													
BELLY_1													puɖaː							
BELLY_2																	kaɖupu			
BELLY_3											banɖi					tonti			banʤi	
BELLY_4														puduɡ						baːɾə
BELLY_5			peɖʰ	piːɾ								ʋajaɾə				vayiru		piɾ		baiɾu
BELLY_6									ɖokka	kuːl										
BELLY_7	oʈʈe	poʈʈi			hoʈʈe~hoʈʈa	poʈʈe									poʈʈa	toppai	poʈʈa			
BELLY_8							ʈeʈʈe													
BELLY_9								naɖpeːʈɡu												
BIG_1	doɖɖadə				doɖɖadu															
BIG_2																		ittuːɖə		
BIG_3											beːɾ			muɾe						
BIG_4								toɖut							beɾto					
BIG_5						baljadə						ʋaludə								baleji
BIG_6										koha			beːɖo							
BIG_7																			malla	
BIG_8		dappu	ballun																	
BIG_9				pedda					beɾɾa							peɾija~peɾəsə	pedda			
BIRD_1																paɾaʋai		paɾaʋai		
BIRD_2		pikki			hakki~pakʂi	pakʂi						pakʂi					pakʂi		pakki	pakʧi
BIRD_3								pakkiɡaɭ												
BIRD_4				piʈʈə			piʈʈa										pitta			
BIRD_5									piʈʈeːku											
BIRD_6													puʤudu							
BIRD_7														titə						
BIRD_8										oɖa		kili								
BIRD_9			ʧok																	
BIRD_10											minu									
BITE_1													koːhi							
BITE_2																			tinaːɾa	
BITE_3			kaat kanninɡ																	
BITE_4												kadikkuɡa								
BITE_5									koɾaka						koɾk		koɾuku			
BITE_6	kaʧʧə	kaɖi~kajɾi		kask	kaɖi~kaʧʧu	kaɖi		kaɖə	kaʧʧaː	kʰaʧʧna	kaʧine					kaɖi				kaɖi
BITE_7							atekaʂin													
BITE_8																		paɾʧiʈʧi		
BLACK_1										mokʰaɾo			maɖhaɾo							
BLACK_2									nalla								nalupu~nalla			
BLACK_3						kaɾtadə														kaɾtaji
BLACK_4				kaɾə	kaɾu				kaːʈe		kadia									
BLACK_5	kappə				kappu			kaɾuppə				kaɾuppə				kaɾəppə		kappə	kappu	
BLACK_6		kaɾtənu ipədə																		
BLACK_7							ɖaːɾiate													
BLACK_8			maːon																	
BLOOD_1					ɾakta							ɾektam				ɾattam	ɾaktamu			
BLOOD_2	ɾattə																			
BLOOD_3	nettuɾu	nəttəɾə		nettuɾ			nettuɾ		nettuɾ		nettiɾ			nettiɾ			nettuɾu		nettaɾə	
BLOOD_4			ditaɾ					neːtuɾu							netiɾ					
BLOOD_5						ʧoːɾə						ʧoːɾa								ʧoːɾe
BLOOD_6										kʰeːns								poːkʰə		
BLOOD_7													ɾasadu							
BONE_1										kʰoʧol			oːʧuldiː							
BONE_2												asti								
BONE_3		jaləʋə			jelubu			jeluʋə								elumbə				
BONE_4	ilə											ellə						elf	ellə	
BONE_5			aɖɖə																	
BONE_6					muːɭe	muːɭe			buːlaː~buːlk						bũla					muːɭe
BONE_7				bokka			bokka										bokka			
BONE_8																	jemuka			
BREAST_1									eddam						edɾam					
BREAST_2					ede															
BREAST_3	maːɾə					mele		meːl				maːru~mula				maːɾbə~maːɾə				mele
BREAST_4							saːtti													
BREAST_5														palɡil						
BREAST_6				dudo													ɡunde			
BREAST_7		kujndiɡi																		
BREAST_8			xad																	
BREAST_9													daibuku							
BREAST_10											sipadaki									
BREAST_11																		niʤikuɖi		
BREAST_12					stʰana							stanam					stʰanamu			
BREAST_13										jeʋakʰ									tiɡala	
BURN_1										olna										
BURN_2																eɾi				
BURN_3				niɾus																
BURN_4	kiʧiːkdə																			
BURN_5												katikkuɡa								
BURN_6			xaːxaɾ tinninɡ																	
BURN_7																			pottaʋaɾa	
BURN_8																		tiːkku kaːttiti		
BURN_9		bjaːɭ~ben																		
BURN_10									maɳɖu								maɳɖu			
BURN_11					suɖu	ʧuːɖə														ʧuːɖə
BURN_12		kattu~kettu						kaːto					meːda				kaːlu			
BURN_13							ɡonɖka													
CLAW_1												nakʰam				naɡam				
CLAW_2																				ummi
CLAW_3								kaijoːɾu												
CLAW_4														kaʂʋanɖe						
CLAW_5		kiːjəɡɡəɾə																		
CLAW_6						ʋoji									ɡẽɾi					
CLAW_7			hoɾ ad																	
CLAW_8	uɡilə			ɡoɾk	uɡaɾu		ɡoːɾ		ɡoːɾk								ɡoːɾu	juːɾ	uɡuɾu	
CLAW_9											ɡaɾka									
CLAW_10										oɾokʰ			oɾuɡdu							
CLAW_11			zeel																	
CLOUD_1										badaːli			badliː							
CLOUD_2							aːbaɾ													
CLOUD_3											dunɖaɾa									
CLOUD_4	manʤu			mabbu					mabbu								mabbu			
CLOUD_5											haːɡu									
CLOUD_6															malɡuɾ					
CLOUD_7			ʤammaɾ																	
CLOUD_8		moːɖə			moːɖa	moːɖa											moːɖamu		moːɖa	moːɖa
CLOUD_9					mẽɡha			meːɡam				mekʰam				meːɡam	meːɡʰamu	meːɡam		
COLD_1										kiːɾna			kiʋa							
COLD_2	koɾuʋə							koɾʋə										koɾti		
COLD_3																kuɭiɾʧi				
COLD_4		səjlijə																		
COLD_5						talinʤadə														
COLD_6				sallaɡ					sallaː								ʧalla		ʧappa	
COLD_7			jakʰ~jax			koːʈa														
COLD_8							pani								paɲil					
COLD_9					taɳɳiɡe								panijaː							taɳiʤe
COLD_10												taɳuppə								
COME_1	pappa																ʋaʧʧu			
COME_2										baɾna		ʋaɾuɡa	baɾəaː						baɾaɾa	
COME_3									ʋaːdaɖam											
COME_4			banninɡ																	
COME_5		baːɾ~ban~bu		ʋa	baɾu~baː	baː	ʋa		ʋa					ʋa	veɾ	ʋaː	ɾa			baː
COME_6																		paːɾti		
DIE_1	saːʋadə							taːʋə												
DIE_2				haː											cay					
DIE_3					saːji	ʧːɭa										ʧaː				ʧaːɭa
DIE_4			kahinɡ																	
DIE_5																			sajjaɾa	
DIE_6							tiɡteːn													
DIE_7									ɖollatam											
DIE_8										kʰena										
DIE_9																sattə po				
DIE_10																	ʧaʧʧipoːʋu			
DIE_11		maɾdoːɡ																		
DIE_12												maɾikkuɡa								
DIE_13													keəaːnaːkeəidaːh							
DIE_14																		keɖuoisi		
DOG_1	ne	naːjə		nej	naːji	naːji		naːji	nej			naːja		ne		naːji		noi	naːji	naːji
DOG_2			kuʧak				aːte													
DOG_3															netta					
DOG_4													kuʧʧo				kukka			
DOG_5										alla										
DOG_6												paʈʈi								
DRINK_1			kuninɡ																	
DRINK_2																	taːɡu			
DRINK_3																			paɾijaɾa	
DRINK_4					kudijoːdu															
DRINK_5							aniɾusaːt													
DRINK_6	kuɖapə	kuɖi~kujɾi			kuɖi	kuɖipa						kuʈi				kuɖi				kuɖipə
DRINK_7												kudikkuɡa								
DRINK_8				un					unnu	onna			hoːnaː	un	un					
DRINK_9								unatukə												
DRINK_10																		uʈʈudi		
DRY_1									poɖi								poɖi			
DRY_2			baːɾun																	
DRY_3										kʰajka			aːikaː							
DRY_4																kaːnʤə				
DRY_5																				unaku
DRY_6																	eɳɖu			
DRY_7								kanʈiko												
DRY_8									aɾtaːd											
DRY_9																kaindadə				
DRY_10				ʋaʈʈa	battida							vaɾaɳʈa								
DRY_11																ulaɾnta				
DRY_12						oɳanɡina						uɳanɡija								
DRY_13	oɳikiladə				oɳaɡidu													oɳikisi		
DRY_14		ajnɡənu ipədə																		
DRY_15																			nunɡuduna	
DRY_16							aːtiɾ													
EAR_1														kekal	kekol					
EAR_2												kaːtu				kaːdə				
EAR_3										kʰebda										
EAR_4		kiʋija									kiɾiju									
EAR_5	kiʋi		xaf	keʋu	kiʋi	kemi	keʋ	keʋə	keʋ~keʋk			ʧeʋi					ʧeʋi	kili	kebi	kemi
EAR_6													daɾtiː							
EARTH (SOIL)_1										kʰekʰel				tukud	tũk					
EARTH (SOIL)_2											iɾaː									
EARTH (SOIL)_3																		koɖə		
EARTH (SOIL)_4				mannə	maɳɳu	mannə			maʈʈi			mannə				mannə	mannu~maʈʈi		mannə	
EARTH (SOIL)_5		buːmi					bʰuːmi				bʰumi		bʰumi							
EARTH (SOIL)_6			ɖaɡaːɾ																	
EARTH (SOIL)_7								bʰuloːɡam												
EAT_1	timbə	tinn			tinnu	tinə			tinnu		tinu	tinnuɡa		tin	tin		tinu			tinnoː
EAT_2								tin atej												
EAT_3																		toɾtin		
EAT_4							aːntisatun													
EAT_5				ʤeʋi															uɳaːɾa	
EAT_6													lapah							
EAT_7										mokʰna										
EAT_8																saːpədə				
EAT_9			kuninɡ																	
EAT_10													ʤaːɡoːlpah							
EGG_1			baede																	
EGG_2										biː										
EGG_3									ɡaɾbam											
EGG_4																	ɡuɖɖu			
EGG_5	moʈʈe	mujɾɡi			moʈʈe	muʈʈe		mooʈə				muʈʈa				muʈʈe		muʈʈe		muʈʈe
EGG_6				miːnʤ																
EGG_7					tatti														ketti	
EGG_8							sanku				tala									
EGG_9			xuahae																	
EGG_10														kaɾbə						
EGG_11													ɾaɾapaːndu							
EYE_1	kaɳɳə	kaɳɳu	xan	kəɖə	kaɳɳə	kaɳɳə	kan	kaɳɳə		kʰann	kanu	kaɳɳə		kaɳul	kan	kaɳɳə	kannu	kaɳ	kaɳɳu	kaɳɳə
EYE_2									koɳɖ											
EYE_3													aːndu							
EYE_4												neːtɾam								
FAT (FROM ANIMALS)_1					kobbu												koʋʋu			
FAT (FROM ANIMALS)_2								koɭupu							koɽukuɖ					
FAT (FROM ANIMALS)_3	koɭəppə											koɻuppə				koɻuppə		koɻəppə		
FAT (FROM ANIMALS)_4				koɾonʤ																
FAT (FROM ANIMALS)_5									kodoʋoːs											
FAT (FROM ANIMALS)_6										neʈa			neʤʤa							
FAT (FROM ANIMALS)_7			ʧaɾpiː			ʧeɾabi													ʧeɾabi	ʧiɾabi
FAT (FROM ANIMALS)_8		teɾija												meːn						
FAT (FROM ANIMALS)_9									laːʋ								laːʋu			
FAT (FROM ANIMALS)_10		tanniʋi																		
FEATHER_1	ɾakke							ɾeːkə	ɡeɾk							ɾekke		iɾakke		
FEATHER_2				buɾa			bull													
FEATHER_3					ɡaɾi								pakiː							
FEATHER_4			paɾɾe																	
FEATHER_5																			huʋi	
FEATHER_6										penʧo										
FEATHER_7					tupaʈa	topaʈa						tuːʋalə								
FEATHER_8																				toːpəʈaː
FEATHER_9		tiʋija																		
FEATHER_10																	iːka			
FIRE_1												teː				teː			tuʋu	tiː
FIRE_2						titta				ʧiʧʧ			ʧiʧadu					tiːttə		
FIRE_3							kiss		kis						kic					
FIRE_4	kiʧʧə	tissə~tiʧʧa																		
FIRE_5			xaːxaɾ																	
FIRE_6								nippu								neɾuppu	nippu			
FIRE_7									neɡɡaɖ											
FIRE_8												aɡni					aɡɡi			
FIRE_9					benki															
FIRE_10											dankeɾe									
FIRE_11				taɖmi																
FIRE_12																	maɳʈa			
FISH_1							ɡuɖɖi													
FISH_2																	ʧeːpa			
FISH_3															key					
FISH_4									kiːke											
FISH_5										inʤo										
FISH_6	miːnə	miːnu		miːn	miːnə	miːnə		miːnə				miːn	miːndu	miːn		miːnə		miːn	miːnə	miːnə
FISH_7					maʦya							malsjam								
FISH_8			maʧʧiː																	
FLY (MOVE THROUGH AIR)_1	paɾappə																			
FLY (MOVE THROUGH AIR)_2												paɾakkuɡa								
FLY (MOVE THROUGH AIR)_3		paːɾ~peːɾ		paɾi	haːɾu	paːɾa		paːɾʋu								paɾə		poːɾʧ		
FLY (MOVE THROUGH AIR)_4																			ɾaːpaɾa	
FLY (MOVE THROUGH AIR)_5																	eɡuɾu			
FLY (MOVE THROUGH AIR)_6							tulsaːd		tulla											
FLY (MOVE THROUGH AIR)_7										uɖijaɾna										
FLY (MOVE THROUGH AIR)_8													uɖaːɾi							
FLY (MOVE THROUGH AIR)_9			baːl kanninɡ																	
FLY (MOVE THROUGH AIR)_10																				mannə
FOOT_1									aɖuɡu								aɖuɡu			
FOOT_2			nat		aɖi							aʈi				aɖi				
FOOT_3													ɾaɖadu							
FOOT_4	anɡaːlə					anɡaːl														
FOOT_5		kaːlə		kaːl						kʰeɖ						kaalə		koːl	kaːlə	kaːlə
FOOT_6					paːda						paːdami	paːdam		paːdam		paːdam	paːdamu			
FOOT_7								tapaɖ												
FOOT_8							ʤeʈʈa													
FULL_1												niɾaɲa				nirainta				
FULL_2				niɳɖ			ninɖu		ninɖaː	nindka			nindpaː				ninɖu			
FULL_3																			dinʤidunɖu	
FULL_4	tʰumbe					dumba														dumba
FULL_5					tumbidu															
FULL_6			puɾ											puneʈ		muɭu				
FULL_7		fullə																		
FULL_8											ɡuɾa									
FULL_9																		soːkkaije		
GIVE_1											taa					taː				
GIVE_2									iːdatam								iʋʋaɖam			
GIVE_3																		itʧadta		
GIVE_4	koɖu	koɖ			koɖu	koɖi										kuɖə			koɾo	koɖu
GIVE_5			tinninɡ																	
GIVE_6												koɖukkuɡa								
GIVE_7							siːtaːn			ʧihna			ʧibaːh							
GIVE_8								tej	iːm											
GIVE_9				hi										ʧi	cĩ					
GIVE_10																	iʧʧu			
GOOD_1				assal																
GOOD_2																			eɖɖedana	
GOOD_3	oɭɭajadə				oɭɭijadu															
GOOD_4							sobhatan													
GOOD_5								oludə										ulti		
GOOD_6											nejun		heːɖu~ɾaɖu							
GOOD_7		nall				nalla						nalla				nalla				nallə
GOOD_8									manʧid								manʧi			
GOOD_9			ʤuaːn																	
GOOD_10										daːʋ										
GREEN_1				hiː											pay					
GREEN_2							niɡuɾ													
GREEN_3											nilia									
GREEN_4			ɡuanakki										ɾanalo							
GREEN_5		passlaːnɡi~paʧʧəlaːnɡi																		
GREEN_6	paʧʧe			paʧʧad		paʧʧe		paʧʧə	paʧʧa			paʧʧa				paʧʧə	paʧʧa	paʧʧai	paʧʧe	paʧʧe
GREEN_7					hasiɾu						kasuli									
GREEN_8											aːkupaʧʧa									
GREEN_9										haɾijaːɾ										
HAIR (HEAD)_1	oɾame											ɾõmam								
HAIR (HEAD)_2								manɖə miːɾə												
HAIR (HEAD)_3																	veɳʈɾukalu			
HAIR (HEAD)_4						telami							taːli							tilami
HAIR (HEAD)_5				kel					kelk											
HAIR (HEAD)_6					kũdalu~kuːdalu														kuːʤal	
HAIR (HEAD)_7		taːkəɾə																		
HAIR (HEAD)_8														talʧenʈi						
HAIR (HEAD)_9																maiɾə		miːɾs		
HAIR (HEAD)_10											bana									
HAIR (HEAD)_11												muɖi				muɖi				
HAIR (HEAD)_12			puʒʒe							ʧuʈʈi										
HAIR (HEAD)_13									ʤuʈʈul								ʤuʈʈu			
HAIR (HEAD)_14							tiːɾu							ʧendi						
HAND_1	kaj	kiːja		kaj	kaj	kaj		kaij	kaj			kaj		kiː	key	kaj		koi	kai	kaj
HAND_2			ɖuː																	
HAND_3							keju				keju		ʈeʈu							
HAND_4										kʰekkʰa										
HAND_5																	ʧejji			
HEAD_1										kuk			kukudu							
HEAD_2	manɖe	maɳɖi				maɳɖe		manɖə										maʈʈə	manɖa	
HEAD_3				talla	tale		tal		talakaːj			tala		taːl	tel	talə	tala			tile
HEAD_4											tɾajun									
HEAD_5			kaːʈum																	
HEAD_6												ʂiɾasə								
HEAD LOUSE_1		pjaːnu	boːdʰ		heːnu	peːnə	paːnu			peːn		peːn			pẽni	peːnə	peːnu		peːn	peːnə
HEAD LOUSE_2				poɾki					poɾiki											
HEAD LOUSE_3	ili~kili							paiji												
HEAD LOUSE_4																		iɾs		
HEAR_1	keːpə	kəːɭ			keːɭu	keːɭə		keːlə	keːʤa							keːɭə		keːl		keːɭu
HEAR_2												kelkuɡa								
HEAR_3							ʋinti										ʋinu			
HEAR_4				kenʤ						menna			meːna~meːnpo		ven				keɳaɾa	
HEAR_5			bininɡ																	
HEART_1		jaddi																		
HEART_2																		manasə		
HEART_3													huɡliː							
HEART_4								nenʤu						ʤibe						nenʤi
HEART_5			ust																	
HEART_6				ɡuɳɖe			ɡunɖe										ɡuɳɖa			
HEART_7										buka										
HEART_8									ɡuɳɖekaːja											
HEART_9					hɾudaya	hɾudaja						hɾudajam					hɾudajamu			
HEART_10																idajam				
HEART_11							paːnam													
HORN (ANATOMY)_1			maɾɡʰ							maɾaɡ			maɾɡadu							
HORN (ANATOMY)_2				koɾ														kuːɾ		
HORN (ANATOMY)_3	kombə	kombbə			kombu	kombə	kommu		komm			kompə				kombə	kommu		kombu	kombə
HORN (ANATOMY)_4									koːkku											
HORN (ANATOMY)_5														kaɾ ɡuʧul						
I_1	na										mu									
I_2				nanna					nanna											
I_3		naːʋə			naːnu	naːnə	neːnu	aːn		aeːn	naːnu	ɲaːn	heːnu	aːn	aːn	naːn	neːnu	oːn	jaːnu	naːn
I_4			iː																	
KILL_1	koppə				kollu	kollə						kolluɡa				kollə				kollə
KILL_2																		keɖukisti		
KILL_3								taːʋiɾ												
KILL_4																			keɾijaɾa	
KILL_5				kʰatamki																
KILL_6																	ʧampu			
KILL_7				haʋka					aʋakaː											
KILL_8										eɖabna										
KILL_9													baʤpo							
KILL_10			kasfinɡ																	
KILL_11							alanɡʈaːn													
KILL_12		kenɡaːɭ																		
KNEE_1				tonɡɾa																
KNEE_2									boʈmiɳɖaː											
KNEE_3	muʈʈi				maɳɖi	maɳɖi						muʈʈə				muʈʈi		muʈʈi		
KNEE_4							muɖsu			muka			muːka			muːʈə				
KNEE_5					muɳakaːlo							muɻaŋkaːl				muɻaŋkaːl				muːlekaːlə
KNEE_6								moːɡaːl	moːkaːl								moːkaːlu			
KNEE_7											mendaja			ʋanɡul						
KNEE_8		mannɡaːlə																		
KNEE_9			ɡoːɖ																	
KNEE_10																			meɳakaːləɡanʈu	
KNOW_1			ʧaːinɡ											sun	pun					
KNOW_2							uɾtanɖaːt													
KNOW_3																		aɾspini		
KNOW_4	aɾaʋə				aɾi	aɾi										ari				aɾiʋo
KNOW_5										akʰna		aɾajuɡa								
KNOW_6													haːhpo							
KNOW_7					telidiko											teɾinʤuko	telusuko~telusukonu			
KNOW_8									teluseː							teɾijum				
KNOW_9																			teɾijaɾa	
KNOW_10				jeɾpaʈ																
KNOW_11																	eraːɡu			
KNOW_12		ɡottaːɡ																		
KNOW_13								asuːbej												
KNOW_14													sikaːɾpo							
KNOW_15		ɡott uɳɖi																		
KNOW_16													baɖeminpo							
LEAF_1	elə	jali			jele			eːlu				ila				ele			iɾa	ele
LEAF_2																		eɾs		
LEAF_3				aːki			aːk		aːkiː								aːku			
LEAF_4										atkʰa			haːtʰa		ev					
LEAF_5			pann																	
LEAF_6														ʈunɖe						
LEAF_7						elakaɳɖa														
LEAF_8											patɾa									
LIE (REST)_1					malaɡu										maɖ					
LIE (REST)_2				miɳɖsi																
LIE (REST)_3		baːɖ		dolsi																
LIE (REST)_4																		poaʈʧiː		
LIE (REST)_5													koːɖpo			keɖə				
LIE (REST)_6	haɖaʋə															paɖə				
LIE (REST)_7																	paɖukonu			
LIE (REST)_8		baːʈɳu iːɾ																		
LIE (REST)_9																			buɾoːnaɾa	
LIE (REST)_10						budda				paiha										biːndo
LIE (REST)_11									unʤa											
LIE (REST)_12										fasijaːɾ										
LIE (REST)_13												kiɖakkuɡa								
LIE (REST)_14																		pokkum		
LIE (REST)_15			dɾoɡʰ taɖinɡ																	
LIE (REST)_16							labaːɖ muɖsati													
LIVER_1								iːɾu				ĩɾal			taɾuŋɡ	iːɾaɭ				
LIVER_2					hĩɾi								ʧedɾo							
LIVER_3							kaleja										kaːlejamu			
LIVER_4									kaːʤam			kaɾaɭə								
LIVER_5														taɖinɡ						
LIVER_6						tombe														tombe
LIVER_7				taɾki						umbalkʰo										
LIVER_8		tədlə																		
LIVER_9			ʤaɡaɾ																	
LIVER_10																		kuɖaːl		
LIVER_11					medaʤiːɾika															
LONG_1	utta	uddu			udda	uddə													uda	
LONG_2							poɖaːm										poɖaʋu			
LONG_3									poɖaʋuʈaːdu											
LONG_4			muɾɡun																	
LONG_5										diɡaːh			diɡaɖo							
LONG_6												niːlamuɭɭa				niːɭamaːna				
LONG_7								niːtam				niːnɖa				nĩɳʈa~niːɭam				niːʈa
LONG_8																		neɾti		
LONG_9				laːm																
MAN_1					puɾuʂa							puɾuʂan					puɾuʂuɖu			
MAN_2									maɡaʋaːɳɖ								maɡaʋaːɖu			
MAN_3							maniʂaːn													
MAN_4																				panija
MAN_5		ɡəɳɖaɭə			ɡanɖasu			ɡanmaɡu												
MAN_6				mankal					peːkaːl		kakasi									
MAN_7											kodomi									
MAN_8	kanɖumuɡa																			
MAN_9										meːt			muɖsaː							
MAN_10			naɾeenə																	
MAN_11																aːmbɭe				
MAN_12						aːnaaɭə						aːɳə				aːɳə~aːɳ			aːnʤʋu	
MAN_13											ɖola									
MAN_14																		aːlom		
MEAT_1					maːmsa							maːmsam					maːmsamu			
MEAT_2																			maːsa	
MEAT_3								keteɾi												
MEAT_4																kaɾi				
MEAT_5		əɾsi				eɾaʧi						iɾaʧi				iraicci				iɾaʧi
MEAT_6							muɾija													
MEAT_7	paːɖə~paːɡə				baːɖu			podu										piːt		
MEAT_8													maːkɖu							
MEAT_9			suː						anɡiː	ahɖaː										
MEAT_10				haʋʋi																
MOON_1					candɾa~ʧendɾa	ʧendɾa													ʧendɾe	
MOON_2												ʧendɾan				cantiɾan				
MOON_3																	ʧendɾuɖu			
MOON_4										ʧando										
MOON_5									sanɖamaːma											
MOON_6	tinɡuʋa																			
MOON_7				ʤanɡo							lenʤu									
MOON_8													bilpdu							
MOON_9			ʈuːbe					unaːʋə												
MOON_10							nela	nelavə	nella					nelinɡ	neliɲ	nila		nila		nilaʧi
MOON_11		pəɾi																		
MOUNTAIN_1												paɾʋatam					paɾʋatamu			
MOUNTAIN_2	male											mala				malai				
MOUNTAIN_3																			daːɾi	
MOUNTAIN_4		bəʈʈə		meʈʈa	beʈʈa				meʈʈa	paɾta										
MOUNTAIN_5								ʋeːʈume												
MOUNTAIN_6														kappe						
MOUNTAIN_7																		tiʈʈə		
MOUNTAIN_8						kundə											konɖa			kundə
MOUNTAIN_9			maʃ						ɡubal											
MOUNTAIN_10							danɖimeːʈ													
MOUNTAIN_11													beːɖo pahaːɖi							
MOUTH_1							muːti				ɡuʈi									
MOUTH_2				toɖɖi																
MOUTH_3	pe		baː																	
MOUTH_4		baːjə			baːji	baːji		ʋaːji				ʋaːja		ʧaːlu	vaːy	ʋaːji~ʋaː		poːi	baːji	baːji
MOUTH_5									pavuːɾ	baji										
MOUTH_6													toɾo							
MOUTH_7																	noːɾu			
NAME_1										naːme			naːmi							
NAME_2	esaɾə				hesaɾu				pedeɾ						pidiɾ				pudaɾə	
NAME_3		pjaːɾə	pin	poɾol		peda	peːɾ	peːɾ				peɾə				peːɾə	peːɾu	peːɾ		peːɾu
NAME_4											doɾu									
NECK_1			lex				mak													
NECK_2																		maɾ		
NECK_3				ɡuɖunɡa									ɖoːnɖo							
NECK_4		kpːmaːɭi																		
NECK_5								kaɖateːl												
NECK_6					kuthiɡe															
NECK_7																			kekkilə	
NECK_8	katə											kaɻutə				kaɭuttə				
NECK_9													asaɾdu							
NECK_10														kanɖ						
NECK_11										kʰesiɾ										
NECK_12						boːɭe											meɖa			boːɭe
NECK_13									meɖakaːja											
NEW_1							kota		kottad								kotta			
NEW_2	ostə				hosadu															
NEW_3																			posatta	
NEW_4				puna						puːna	puni		puːna		pun					
NEW_5						pudija		pudijadə				pudija				pudusə~pudu		puduːn		pudijai
NEW_6			puːskun																	
NEW_7		pəjjmən																		
NEW_8														nia						
NIGHT_1					ɾaːtɾi							ɾaːtɾi				ɾaːtɾi	ɾaːtɾi		ɾaːtɾe	
NIGHT_2				naɾkaɖ																
NIGHT_3													ɾaːti							
NIGHT_4																				andi
NIGHT_5										maːha			maːaː							
NIGHT_6			nam													iɾaːʋə~ɾaːʋə				
NIGHT_7	iɾə																			
NIGHT_8						bajiʈə														
NIGHT_9								eːlumaɾam												
NIGHT_10									mulipe											
NIGHT_11							siɾbedin													
NIGHT_12		ədlə																		
NIGHT_13											laːn									
NIGHT_14																		ekkaːɖə		
NOSE_1											munɡeli			munɡan						
NOSE_2				mosoɾ					mossoːɾ											
NOSE_3													musoː							
NOSE_4																		mittuːp		
NOSE_5	muːkə	muːkkə			muːɡə	muːkkə	muːkk	muːkə				muːkə				muːkə	mukku		muːɡu	muːkkə
NOSE_6															muvãɖ					
NOSE_7										muːji										
NOSE_8			baːmus																	
NOT_1	kulle			helle		ille		illa	ille			illa				ille				ille
NOT_2		ila~ala	aːxa		alla					mala			malaː							
NOT_3							kaːdu										leːdu~kaːdu			
NOT_4																			aːtu	
NOT_5																		aːɖudi		
NOT_6													hambija							
NOT_7			ne																	
ONE_1			asit					oːdit												
ONE_2	ondə	ʋandə		ondi	ondu	ondə				oːnd	ɾanɖi	onnə	oːnd			onnə			onʤi	onʤu
ONE_3															ok		okaʈi			
ONE_4							okkoːt		oɾɾoːʈ											
ONE_5														okuʈi						
ONE_6																		uttə		
PERSON_1		aːɭə~aːɭu								aːl										
PERSON_2				lokuɾ																
PERSON_3	kanɖə																			
PERSON_4																		kinnuːɖə		
PERSON_5			bandaɡ										malah							
PERSON_6					manusa	manasa						manuʂan				manitan~manuʂan	maniʂi		manuʂeː	manuʧe
PERSON_7							maniʂaːn													
PERSON_8									mansuːɳɖ											
RAIN (PRECIPITATION)_1																	ʋaɾʂam		baɾsa	
RAIN (PRECIPITATION)_2							ʋaːna		ʋaːna						vaːni		ʋaːna			
RAIN (PRECIPITATION)_3													ʤaɖaː							
RAIN (PRECIPITATION)_4	me	maɭi			maɭe	maɭe		mai				maɻa				maɻai				maɭe
RAIN (PRECIPITATION)_5			peɾ	piɾ						ʧeːp	bela									
RAIN (PRECIPITATION)_6																		meɖutti		
RED_1								netiɾ			netuɾi									
RED_2										kheso			eːso							
RED_3				eɾɾaɡ~jeɾɾaɡ			jeɾuɖi		eɾɾa								eɾupu			
RED_4			xiːsun																	
RED_5						ʧoːpə										cem				ʧoːpə
RED_6	keppə				kempu							ʧumappə				seʋappə~seɡappə		keppə	kempu	
RED_7											ɡaɖɡa									
RED_8															key					
RED_9		tissəɡaɳɖaːnɡi																		
ROAD_1					maːɾɡa												maːɾɡamu			
ROAD_2		baʈʈi				baːte											baːʈa			
ROAD_3					ɾaste	ɾaste								ɾasta						ɾaste
ROAD_4																			paɾvata	
ROAD_5							taːʋu						paːodu		paːv					
ROAD_6							daaɾ			ɖahaɾe										
ROAD_7	taːɾi			haɾɾi				taːɾi	aɾɾi			ʋaɻi				vaɻi	daːɾi			
ROAD_8																		aːlaɾ		
ROAD_9			saɖak																	
ROOT_1										paːda			bandaː	kuɾe						
ROOT_2	peːɾə	bjaːɾə		hiːɾ	beːɾu	beːɾə	ʋeːɾkam		ʋeːɾ		ʋeɾ	ʋeːɾə			vaːɾ	ʋeːɾə	ʋeːɾu	ʋeɾ	beːɾu	beːɾə
ROOT_3			ɾoːte																	
SAND_1		maɳalə			maɾaɭu	maɳa					bali	maɳal	baːli	maːn	man	maɳal		manal		maɳə
SAND_2			ɾeːk																	
SAND_3				uske	usubu		usuka		isike								isuka			
SAND_4	pakke																			
SAND_5										ʧalkuɾu										
SAND_6																			pojja	
SAY_1				in		annə									en					
SAY_2																ʧollə~sollə				
SAY_3									kella											
SAY_4																	ʧeppu			
SAY_5										bakʰna									paɳaɾa	
SAY_6												paɾajuɡa								
SAY_7		pəːɭ			heɭu			paidu												paɾe
SAY_8			paːninɡ																	
SAY_9													hauɖpo							
SAY_10																		aːʋaɖə		
SAY_11	eɡəʋə																			
SEE_1	noːɖə	noːɖ			noːɖu	noːʈə		noːʈə										nuːʈ		noːku
SEE_2				huɖa					uːɖa			kaːɳuka				kaːɳ	ʧuːɖu			
SEE_3													ʈunɖpo							
SEE_4							taːna			jeːɾna										
SEE_5																paːɾə				
SEE_6																			tuʋaːɾa	
SEE_7		najɾ																		
SEE_8			unninɡ																	
SEE_9														ʧu						
SIT_1				udda			udə		kuddaː					undu						
SIT_2												iɾikkuɡa								iɾaiku
SIT_3																ukkaːɾə				
SIT_4																		eɾakkaɾ		
SIT_5										okʰna			hokpo							
SIT_6		kuːɾsu			kuːtuko												kuːɾʧo			
SIT_7					kuɭitiko															
SIT_8		kuːtnu iːɾ																		
SIT_9			tuːlinɡ																	
SIT_10	kuɭəʋə																		kullaɾa	
SIT_11			zunɖinɡ																	
SIT_12						aɭe														
SKIN_1					ʧaɾma							ʧeɾmam					ʧaɾmamu		ʧeɾma	
SKIN_2										ʧapʈa			ʧaːna							
SKIN_3	toːlə	toːlə	sil	toːl	toɡalu	toːlə	toːl	toːlu	toːl			toli		tal	tõl	toːlə	toːlu	tuːɾs		toːlu
SLEEP_1					nidɾiso															
SLEEP_2																	nidɾapoʋu			
SLEEP_3													andaɾpo koːɖa							
SLEEP_4										khandaɾna										
SLEEP_5																			ʤippaɾa	
SLEEP_6							iːmanɡsati													
SLEEP_7					malaɡu										maɖ					
SLEEP_8				miːɳɖa																
SLEEP_9												uɾanɡuɡa				uraŋku				
SLEEP_10						oɾa														oɾa
SLEEP_11	oɾəɡədə	aɾɡu~eɾɡu						oɾəɡə										oɾkʰə		
SLEEP_12			xaʧinɡ																	
SLEEP_13									unʤaʈam											
SLEEP_14													anəa							
SLEEP_15																tuːnɡə				
SMALL_1													saɾʋe	kandeːk						
SMALL_2	kiʈʈiːʈ																			
SMALL_3						ʧeɾijadə						ʧeɾija				ciriya				ʧeɾija
SMALL_4																		keːɾuːɖə		
SMALL_5					ʧikkadu								ɾikʋaːdi							
SMALL_6		kiɾi																	kiɲa	
SMALL_7	kunnadə			ʧinna			sinna	ɡuntə	ʧinnad	sanni					cin	ʧinna	ʧinna			
SMALL_8			ʧunak																	
SMOKE (EXHAUST)_1			moːʃ										moːha							
SMOKE (EXHAUST)_2										mosaɡa										
SMOKE (EXHAUST)_3	hoɡe	pəɡɡi		poja	hoɡe	poɡe	poɡ	peɡu				puka		poaːɡ		pukai~puɡai	poɡa		poɡa	poɡe
SMOKE (EXHAUST)_4																		pukuɖti		
SMOKE (EXHAUST)_5									kumpoːɖ											
STAND_1								ninnatukə												
STAND_2																	nilabaɖu			
STAND_3					nintiko	nində														ninʤo
STAND_4													hilpo							
STAND_5							niːmaːn		nilliman											
STAND_6	nippə			nil					nilla						nilp	nil				
STAND_7												nilkuɡa					nilʧonu			
STAND_8			salinɡ~ʤeːk salinɡ																	
STAND_9										iʤʤna									untaɾa	
STAND_10		əddənu iːɾ																		
STAND_11																		mukkaɖuɾil		
STAND_12		əːɭ																		
STAR_1				sukku			sukka		ukka		huka				cukka		ʧukka			
STAR_2		miːnu								biːnko			biːnka			mĩn				
STAR_3														puʈ						
STAR_4	paːndmiːnə																			
STAR_5					nakʂatɾ	nakʂatɾa		nakʂaʈiɾam				nakʂatɾam					nakʂatɾamu		nakʂatɾe	
STAR_6	naʧʧatɾa															naʧʧatiɾam		naʈʧatiɾam		naʧʧatiɾa
STAR_7			isʈaːɾ																	
STONE_1				baɳɖa			ɡunɖə													
STONE_2													ɡuɡa							
STONE_3	kallə	kallə	xal		kallu	kallə		kal				kallə			kel	kallə		kaɾs	kallu	kallu
STONE_4														kanɖ						
STONE_5									ɾaːj		ʋali						ɾaːji			
STONE_6										pakʰna										
SUN_1					suːɾja	suːɾja		suːɾijan				suːɾjan				suːɾjan			suːɾje	ʧuːɾja
SUN_2																		suːɾijan		
SUN_3							suɾija													
SUN_4																	suːɾjuɖu			
SUN_5	ottə	pottə					poddu	poɖutə	poɖudu								poddu			
SUN_6											ʋeda		beːɾdu							
SUN_7				poɾə																
SUN_8										biːɖi										
SUN_9														ʋele						
SUN_10			de																	
SWIM_1												neentuɡa				neentə				
SWIM_2					iːʤo				iːta	oːɡna			hoːɡpo				iːdu			
SWIM_3								niːʧal										niːʧal		
SWIM_4	niːndə	niːnɖʒu																		
SWIM_5				pohem			poːnim													
SWIM_6						miːɾodu														
SWIM_7																			miːndaɾa	
SWIM_8																				maɳa
SWIM_9			beʂolinɡ																	
SWIM_10				naɾi																
TAIL_1			liʈʈik																	
TAIL_2														kindiɾ						
TAIL_3				tokoɾ			toːka		tokaːɾ						tõka		toːka			
TAIL_4										kʰola			oli							
TAIL_5	paːlə	baːlə			baːla	baːlə		ʋaːlə				ʋaːlə				ʋaːlə	vaːlamu	poːɾsam	biːla	baːlu
THAT_1			ae		aː							aː			aː		aː			
THAT_2										huː										
THAT_3											et					anta				
THAT_4	adə	adə		adu	adhu	adə	ad	adhə	addu			adə	aːdu	adə		adhə	adi	adə	aʋu	aʋeː
THAT_5													haːd							
THIS_1												iː			ĩ		ĩ			
THIS_2	idə	idə		id	idhu	idə	id	idhə	iddu	iːd	idu	idə	iːdu	idə		idhə	idi	idə		iʋeː
THIS_3																inta			undu	
THIS_4			daː																	
THOU_1			niː																i	
THOU_2				nimme					nimma											
THOU_3	ni											ni				ni		ni		ni
THOU_4		niːjə			niːnu	niːnə	niːnu	niːja		niːn	ninu		niːn~niːnu	in	ĩn		niːʋu~nuʋʋu			
TONGUE_1	naːlanɡe	nelɡi			naːliɡe	naːʋu	naːlka	naːlɡə	naːlike			naːkə		naːnɡ		naːkkə	naːluka	noːf		naːʋu
TONGUE_2			duʋiː																	
TONGUE_3																			naːlaːji	
TONGUE_4															nevãɖ					
TONGUE_5										takkha			taɖta							
TONGUE_6				ʋenʤeɾ							ʋenɖaːɾu									
TOOTH_1			dandaːn~dantaːn																	
TOOTH_2	hallə	pallə		pal	hallu	pallə	palku	pal	palk	pall	palu	pallə	paːldu		pel	pallə		paɾse		pallu
TOOTH_3																	pannu			
TOOTH_4														paːlkill						
TOOTH_5																			kuːli	
TREE_1			dɾahkʰt																	
TREE_2																	ʧeʈʈu			
TREE_3	moɾa	meɾi		maɾa	maɾa	maɾa		maɾam	maːɾa		paʈa	maɾam			meɾi	maɾam			maɾa	maɾa
TREE_4										mann								meːn		
TREE_5							maːk													
TREE_6												vɾukʂam								
TWO_1	eɾaɖə			ɾeɳɖu	jeɾaɖu	daɳɖə			ɾeɳɖ		ɾinɖa	ɾendə	paːnɖa			ɾenɖə	ɾeɳɖu		ɾaɖɖu	iɾandə
TWO_2								eɖu							iɾ			eːɖə		
TWO_3			iɾat											iɾuɖu						
TWO_4													maksa~ʤoːɖsa							
TWO_5		əddu					duɖə													
TWO_6										iːɾəb										
WALK_1										eːkʰna			heːkpo							
WALK_2				taka																
WALK_3	naɖəʋadə	naɖi			naɖə	naɖa	naɖus	naɖʋu	naɖam							naɖə	naɖuʧu	naɖaɾɾə~naɖandə	naɖapaɾa	naɖa
WALK_4												naɖakkuɡa								
WALK_5			ʧeɾɾinɡ																	
WARM_1												ʧeɾəʧuːɖə								
WARM_2																		koɾtilije		
WARM_3										udum				ʋeʈal						
WARM_4				kaːsta																
WARM_5										oːɾʧka										
WARM_6	uppekke~uppe																			
WARM_7					beʧʧaɡe	bekke	ʋekka										ʋeʧʧa		beʧʧa	bekki
WARM_8		suːɖə														suːɖə				
WARM_9									ʋeːɖ											
WARM_10			baːsun																	
WARM_11													kuɖni							
WARM_12												uʂɳa								
WARM_13																ʋedəʋedəppə				
WATER_1										amm										
WATER_2													hamdu							
WATER_3												ʋellam								
WATER_4												jalam								
WATER_5	niːɾə	niːɾə	diːɾ	jeɾ	niːɾu	niːɾə	iːɾ	niːɾ	eːɾu					niːɾ	nĩɾ	niːɾə	niːɾu~niːɭɭu	niːɾ	niːɾə	niːɾu
WATER_6											eju									
WATER_7																taɳɳi				
WE_1					naːʋu					naːm		naːm	naːmu	aːm	aːm	naːm	meːmu	oːm		
WE_2									manaːɖu								manamu			
WE_3	nanɡa	naɳɡə~jaɳɡə				nanɡa										naːnɡa				nanɡa
WE_4				mammoʈ				amme	mamma		mambu	nammal								
WE_5							amdə													
WE_6			nan																	
WE_7																			jankulu	
WHAT_1				baʈʈal					baːta											
WHAT_2		ajindi															eːɳʈi~eːmiʈi			
WHAT_3			antə			jentə						endə								
WHAT_4										jeːndɾa			indɾaːn							
WHAT_5													indiɾdu							
WHAT_6														ennaːʈ		enne		inno	enʧina	entai
WHAT_7							em										ẽmi			
WHAT_8	eːnə				jeːnu			etaːnə			ena									
WHAT_9															naːto					
WHITE_1						boltadə														boltaji
WHITE_2											pandi		sadaː							
WHITE_3										paɳɖɾu										
WHITE_4				tellaɡ			telluɖi		telup								telupu			
WHITE_5					biɭi										vil			pelti		
WHITE_6	ʋeɭɭe	bəɭɭu						ʋellə								veɭɭə	vella		boldu	
WHITE_7											dumda									
WHITE_8													ʤinpɾo							
WHITE_9			piːun																	
WHITE_10											kumnɖi									
WHITE_11												ʋeɭuppə								
WHO_1										ne			neːdu		ed					
WHO_2	taːɾa	daːɾə	deːɾ	boɾ	jaːɾu	daːɾə		daːɾə				aːɾə				jaaɾə		oɾi	jeːɾu	jaːɾu
WHO_3																	evaɾu			
WHO_4											daat									
WHO_5									beːnonɖu											
WOMAN_1					stɾĩ							stɾiː					stɾiː			
WOMAN_2								pemaɡu				peɳɳə				peɳ~poɳɳə			ponʤa	
WOMAN_3					henɡasu	ponnaːɭə														paniʧi
WOMAN_4		pəɳakkən																		
WOMAN_5									piːkiːɖ											
WOMAN_6											aːnʋanli									
WOMAN_7																	mahiɭa			
WOMAN_8							baːji				ɖoli		teldu				aːɖadi			
WOMAN_9										aːli										
WOMAN_10				muɾtad						mukka										
WOMAN_11	emmaːti																			
WOMAN_12									naːtaʋaːd											
WOMAN_13																		tusmoːɡə		
WOMAN_14											kodoɡi pada									
WOMAN_15			njaaɽi																	
YELLOW_1									pasap								pasupu			
YELLOW_2				pivaːʰd			pijuda													
YELLOW_3										baːlka			balke							
YELLOW_4											toɡoɾi									
YELLOW_5			puːʃkun																	
YELLOW_6	manʤe					manʤa		manʤə				maɲa				manʤaɭ			manʤalu	manʤe
YELLOW_7				kampal																
YELLOW_8											hinɡeɾi									
YELLOW_9																		aɾʤin		
YELLOW_10		manʤəlaːnɡi																		
YELLOW_11					haladi															
