	Central Pomo	Central Yana	Chimariko	Cocopa	Eastern Pomo	Highland Chontal	Ipai	Karok	Kashaya	Mohave	Northeastern Pomo	Northern Pomo	Northern Yana	Seri	Shasta	Southeastern Pomo	Southern Pomo	Tipai	Yahi	Yavapai
ASH_1									ʔinoqoʧ											
ASH_2														ʔantˈimak						
ASH_3																χˈojonoχˌo				
ASH_4	no				no							nohˈo					hiːno			
ASH_5				xmʔuɬ			ʔəmpiɬ			hamʔuːʎ										ʔmhˈúˑl~ʔmhˈûˑl
ASH_6								ámtaːp												
ASH_7											malˈaʔ				máhawa					
ASH_8			mˈaʦʼχipa																	
ASH_9						ɬˈabi														
ASH_10													tʼapʔlaːwiʔauna							
BARK_1								máːn						inˈaːiɬ						
BARK_2	kʰwaː				xaːwˈal				qahwaː		kʰˈawaː	ʃewˈa				χwal	kʰˈawːa			
BARK_3																				θpˈîla
BARK_4			hˈipχaʧʼi~hˈipːχaʧi																	
BARK_5				ʂxujˈal																
BARK_6							xaːsəjaɬ													
BARK_7										ʧaθkʷil										
BARK_8						lˈiʃmikʼek														
BARK_9													patʔjauna							
BELLY_1			hˈutʲunew																	
BELLY_2						laɡˈuʔu														
BELLY_3												kʰaʃˈeʔ								
BELLY_4															ʔíʧnit					
BELLY_5				ʔiʧˈu			ət̪uː			iːto								t̪u		
BELLY_6					kʼo						koi					qo				
BELLY_7	mkʰa								ʔuhqʰa								ʔˈukʰːa			
BELLY_8													willa	jaχ					willa	mnˈûˑna
BELLY_9								βiʃβaːn												
BIG_1				pt̪aj														t̪aj		βtˈe
BIG_2			ʧˈewːu									matˈo								
BIG_3	baːtʰˈe	paʦal			baːtʰˈin		ʔiːkuː		bahtʰe	vaʎtajm~vatajm			paʦal				bˈahtʰe		paʦal	
BIG_4											tʰˈijin									
BIG_5								kêːʧ						kˈaːkox						
BIG_6						ʔaɡwˈeɡaʔ														
BIG_7																bitˈenikʼ				
BIG_8															kʼimpíʔ					
BIRD_1			tˈiʔira										ʦutʔawi							
BIRD_2	t̪a			ʃa			ʔaːʂaː							ʃiːk				aʔʃˈa~aːʃˈa		ʔʧsˈa
BIRD_3					ʦʼiːjˈa				ʦʼiht̪a			ʦʼitʼ			ʧʼíːʧʼaːx	ʦʼit̪ˈa	ʦʼˈiht̪a			
BIRD_4						ɬˈaɡa														
BIRD_5								aʧβiːβ												
BIRD_6										ʔiʧajer~ʔiʧijer										
BIRD_7											ʧʼijit̪kaː									
BITE_1						diɡˈaʔma														
BITE_2														kkˈatχɬa						
BITE_3	kaːnˈe				qaːnˈeː				qane			kanˈe				qne	kˈaːni			
BITE_4							ʧuːkuw			ʧakʲoːk								ʧuːkˈaw		ʧkʲˈo
BITE_5		ʦa		ʂaː									ʦa						ʦa	
BITE_6								paɾ												
BITE_7			utpa																	
BITE_8															táʔuxáwiːk					
BLACK_1						ʔˈumi								kˈoːpoɬ						
BLACK_2												kʰaʦʼˈe					ʃakʼːa			ʔɲˈáː
BLACK_3	kʼli								kʼili											
BLACK_4				ɲiːʎ̥			nʲiɬʲ			ɲaːʔiːʎ								ɲiʎ̥		
BLACK_5		tapʰalsa											tapʰalsa						tahpʰalsa	
BLACK_6											ʧʼihkˈil									
BLACK_7			ʧʰˈeleʔi																	
BLACK_8					muːʃˈaqʼ															
BLACK_9																luqʼˈolqʼo				
BLACK_10								ikxáɾamkuniʃ												
BLACK_11															ʔeːpxútáraxiʔ					
BLOOD_1		watʔtuwi											watʔtuwi							
BLOOD_2	baːlˈaj				baːlˈaj				balaj			balˈaj				blaj	bˈaːlaj			
BLOOD_3								áːx							ʔáxta					
BLOOD_4			sˈiʦqʼi	ɲxʷat		laʍˈaʦʼ	ʔəxʷat			ɲahʷat	ʧes							xʷat		ʔhʷˈata
BLOOD_5														ʔˈaːit						
BONE_1			ʦʰʲˈatʰχun																	
BONE_2																jaqʼo				
BONE_3		ʔixtalʔ											ʔixtalʔ						ʔaxtatʔ	
BONE_4										ɲasak										
BONE_5	jaː				j̥a				ʔihjaː		hˈija	jaː					ʔˈiːha			
BONE_6				ɲjaːk																ʧjˈaˑka
BONE_7							aq								ʔaːkʼ			ak		
BONE_8														ˈitak						
BONE_9								ípih												
BONE_10						lˈeɡaɬ														
BREAST_1			huʔsˈiʔ																	
BREAST_2																				ɲmˈaja
BREAST_3				xʧkaɾ~ʧxkaɾ														t̪əxkˈar		
BREAST_4					jeːʔˈel						jˈeʔeː~t̪ʰˈeʔeː	jeʔˈeː				wʔel				
BREAST_5													ʦuxpinna							
BREAST_6							iːʧix	iθβaːj												
BREAST_7															ʔíʧwat					
BREAST_8										iːwa										
BREAST_9														ˈiːsaχiːʃk						
BREAST_10						ɬonʃˈahmaʔ														
BURN (SOMETHING)_1				ʎ̥maɾ														aʎ̥mˈar		
BURN (SOMETHING)_2							aːɹaːw													
BURN (SOMETHING)_3														kaʔˈitax						
BURN (SOMETHING)_4		haʔwiː											haʔwiː						haʔwiː	
BURN (SOMETHING)_5					ʃaːtʼˈoː					tapoːmm										
BURN (SOMETHING)_6								áːhka												tˈu
BURN (SOMETHING)_7									muhkʰujʔ											
BURN (SOMETHING)_8						dibiʔˈeʔma														
CLAW OR NAIL_1													sukʼuʔliptalla						sukʼuʔnimtanna	
CLAW OR NAIL_2							salʲəxʷuːw											ʃaʎ̥nəpˈuːl		
CLAW OR NAIL_3																				slhβˈoˑ
CLAW OR NAIL_4										iːsaʎkuʎoho										
CLAW OR NAIL_5						ɬaʔnˈaɬuk														
CLAW OR NAIL_6								axpih												
CLAW OR NAIL_7	ʔeːʧʼ				rikʰ				heːʧʼ		hˈeːʧʼa	heʧʼ					heːʧʼ			
CLAW OR NAIL_8														inˈoːsx						
CLAW OR NAIL_9				ɬkaxʷˈaw~ʎ̥kaxʷˈaw												ʔaʃˈab				
CLAW OR NAIL_10															ʔéːraxa					
CLAW OR NAIL_11			pˈolaχot																	
CLOUD_1				kʷiː			ʔəkʷiːj			ʔiːkʷe		pʰut̪ʼ						kʷiː		ʔkʷˈi
CLOUD_2	kʰbaː				xaːbˈo				qʰabaː							xubˈu	kʰˈabʔa			
CLOUD_3														ʔˈoːkaɬa						
CLOUD_4															ʔíːpaːkúʔ					
CLOUD_5											kʰˈaʔbot̪on									
CLOUD_6			hawˈetaʔm																	
CLOUD_7						lummˈawaj														
CLOUD_8								pikxáɾampa												
COLD_1														kaːpɬ						
COLD_2																		ʃuːkˈat		
COLD_3						ʔaʃˈida									ʔisːíkʼ					
COLD_4	kʼiw							áθiːk												
COLD_5			ˈeso																	
COLD_6											ʃˈoʔt̪ʼon	mˈadoː					moʔdotʼ			mˈúni
COLD_7				xsuːɾ			xəʧuːɹ			haʧuːrk										
COLD_8					qaːʦʰˈil											qsˈilit̪				
COLD_9									ʔihjuːm											
COME_1				jiː			wəjiw											jiw		jˈûwi
COME_2			ˈuwakʰ							iðiːk	kˈoːn									
COME_3		ha											ha						ha	
COME_4	waːd								waːd			waːdˈe					hwˈaːd			
COME_5		ni						naː					ni						ni	
COME_6														mˈoka						
COME_7																χolo				
COME_8					qˈoːjuhu															
COME_9						diɡwˈajwo														
COME_10															kʼúːhujikːa					
DIE_1										ipujk										pˈi
DIE_2								iβ												
DIE_3						dimˈaʔma														
DIE_4															kwírikik					
DIE_5	kʼla	tilau	qʼˈe									kʼˈalaː	tilau			qʼalˈal				
DIE_6				mʂpa	muːdˈal		məlaj											məspˈa		
DIE_7									hʧʰojiːʧʼ											
DIE_8																	ʔahʧʰˈoʧi			
DIE_9											muʔkʼˈaːwan									
DIE_10														ʔakχkmiːʔ						
DOG_1	hˈaju				hˈaju				haju			hajˈu				hˈaju	hˈajːu			
DOG_2						ɡalʦˈiki		ʧiʃiːh												
DOG_3		suːsu											suːsu						suːsu	
DOG_4			sˈiʧʼela																	kθˈar
DOG_5				xat			ʔəxat							ʔaχʃ				xat		
DOG_6										hatʧoq										
DOG_7															ʔáːpsu					
DOG_8											boʔlˈaukaː									
DRINK_1				ʂi	qʼˈoː		wəsiː			iθiːm			siː					si	ʦiː	θˈiˑ
DRINK_2			luʔi											kˈisi						
DRINK_3								iʃ												
DRINK_4															kwíʦːik	biʦʼˈak				
DRINK_5	kʼoʧ								ʔqʼo		kʼˈot̪on	kʼoʧˈi					hˈoʔkʼoj			
DRINK_6						diʃnˈaʔma														
DRY_1				ʂʔaɾ			saːj											sʔaːj		
DRY_2		kʰulsi											kʰulsi						kʰulsi	
DRY_3														kʷkˈoːtix						
DRY_4										iroːvk										rˈuβi
DRY_5	ʧʼaːlˈol				kʼaːlˈol							tʼabˈoʔ			kʼiʦːúr	qʼobo				
DRY_6									ʦʼuwaʧ								mˈukʰːatʼ			
DRY_7						ʔihˈuɬ														
DRY_8			ˈaʧxunmi																	
DRY_9								iβáxɾah												
DRY_10											muʔkʼilin									
EAR_1		malku											malʔku						manʔku	
EAR_2			hˈisama											ˈisɬa						
EAR_3															ʔísaːkʼ					
EAR_4				ʃmaːl			xəmaɬ			ismaʎk								ʃəmˈaʎ̥		smˈalka
EAR_5	ʃma				ʃiːmˈaː				ʃima		ʃˈima	ʃimˈa					ʃiːmˈomo			
EAR_6																xmˈanʦa				
EAR_7						lˈaʃʔmas														
EAR_8								tíːβ												
EARTH (SOIL)_1		piːwi											piːwi		tʼárak				piːwi	
EARTH (SOIL)_2																χqo				
EARTH (SOIL)_3	maː		ˈamːa						ʔamaː		ˈamaː	maː					ʔˈamːa			
EARTH (SOIL)_4				mat		ɬˈamaʦʼ	ʔəmat̪			ʔamat								mat		mˈât
EARTH (SOIL)_5					kaːj															
EARTH (SOIL)_6														ʔant						
EARTH (SOIL)_7								iθíβθaːneːn												
EAT_1					kuːhˈuː												ʧˈuhːu			
EAT_2														kˈiʔit						
EAT_3										ʔiʧamam~ʔiʧamaːm										
EAT_4						didˈeʔma														
EAT_5															kwíʧkuk					
EAT_6	kaːwˈa															qwal				
EAT_7							wəsaːw											saːw		
EAT_8		ma		ma									ma						ma	mˈáˑ
EAT_9			hˈamːa						maʔa		mˈaʔaːn	maʔˈa								
EAT_10								aβ												
EGG_1			ˈanuqʰa															ʃəjˈaʧ		
EGG_2						ɬabˈiʔe														
EGG_3	ʧʼoː				kʼˈo				hiʧʼoː		ʧʼˈo	ʧʼoː				qʼo	hˈiʧʼːo			
EGG_4																				sqˈáwa
EGG_5							ʔuɹ													
EGG_6								úɾuh												
EGG_7				xmˌaʂuʔˈap																
EGG_8										iθʔaw										
EGG_9														iːpχ						
EGG_10															sumpítʼirir					
EYE_1			hˈusot~hˈusu			lˈaʔu														
EYE_2	ʔuj				ʔuj				huʔuj			ʔuj				ʔuj				
EYE_3				ʔijˈu			əjiːw			iːðo				ˈito				jiːw		jˈuˑ
EYE_4		ʦʰuna											ʦʰuna						ʦʰuna	
EYE_5											ui				ʔúj					
EYE_6								júːp												
EYE_7																	huʔːˈukʰbe			
FAR_1														toːχ						twˈaji~twˈaˑji
FAR_2					lˈila															
FAR_3								jiːβ												
FAR_4				kuɾ			ʔəkuɹ											kur		
FAR_5		pʰau											pʰau							
FAR_6												ʧadil								
FAR_7															ʔukːáx					
FAR_8										ʔamiːʧk										
FAR_9						ʔaɡulˈiʔ														
FAT (FROM ANIMALS)_1				ʃaj																sˈaja
FAT (FROM ANIMALS)_2										ʔamusaj										
FAT (FROM ANIMALS)_3									ʔihpʰuj								ʔihpʰuj			
FAT (FROM ANIMALS)_4	pʰuj	xaujau			pʰuj						fˈijin	pʰuj	xaujau			fuj			xaujau	
FAT (FROM ANIMALS)_5			pʰˈiʔa																	
FAT (FROM ANIMALS)_6															ʔíːnaʔ					
FAT (FROM ANIMALS)_7														iʔˈaχ						
FAT (FROM ANIMALS)_8								aθkúɾit												
FAT (FROM ANIMALS)_9						ʔalmantˈeka														
FEATHER_1				ʃawˈal						siviːʎ										
FEATHER_2						laʃˈaɬ									ʔápːaʔ					
FEATHER_3																				wˈala
FEATHER_4											tʰˈa	tʰe		ˈina						
FEATHER_5													puːni						puːni	
FEATHER_6	ʔi		hˈuto~hˈutːu~hˈutu		jiːʔˈi				hiʔi							ʔi	hiʔːi			
FEATHER_7								iːθka												
FIRE_1		ʔauna											ʔauna						ʔauna	
FIRE_2	ho		ˈapu		xo				ʔoho		ˈoho	ho				χo	ʔˈohːo			
FIRE_3							ʔaːw													
FIRE_4								áːh												
FIRE_5				ʔaʔˈaː						ʔaʔaw										ʔʔˈó
FIRE_6						ɬˈuŋa								ʔamˈak	ʔimːá					
FISH_1	ʃa				ʃa				ʔahʃa			ʃa				xa	ʔˈahʃa			
FISH_2		kalaː									ʃˈakaː		kalaː						kalaːxi	
FISH_3						ɬˈadu				ʔaʧiː										ʔʧˈiˑ
FISH_4				siʔˈiʎ̥																
FISH_5														ʃiχkˈam						
FISH_6								fiʃ												
FLY (MOVE THROUGH AIR)_1								ikxip						kkap						
FLY (MOVE THROUGH AIR)_2															rúːhukaʔ					
FLY (MOVE THROUGH AIR)_3						dijˈuʔma														
FLY (MOVE THROUGH AIR)_4		pa											pa						pa	
FLY (MOVE THROUGH AIR)_5									ʧa							ʦal	haʧːa			
FLY (MOVE THROUGH AIR)_6										ijerk										
FLY (MOVE THROUGH AIR)_7																				βjˈaˑri
FLY (MOVE THROUGH AIR)_8				man			wəman̪~uman̪													
FLY (MOVE THROUGH AIR)_9	pʰde				pʰuːdˈiːl							pʰidˈe								
FLY (MOVE THROUGH AIR)_10											hˈeːwit̪in									
FLY (MOVE THROUGH AIR)_11			tu																	
FOOT_1		lalla											lalla						lalla	
FOOT_2	kʰma				xaːmˈaː				qʰama		kʰˈama	kʰamˈa				χman	kʰˈaːma			
FOOT_3			hˈupʰːo											itˈoaː	ʔákʼːus					
FOOT_4				ʔimˈiː		lˈaʔmis	əmilʲ			iːme								miː		mˈi
FOOT_5								fíθih												
FULL_1		panʔiː											paʔniː						paʔniː	
FULL_2						nˈamma						haʧʼa								
FULL_3																χˈat̪emat̪				
FULL_4				ʧpuɾ			t̪əmuɹ											t̪əmʔˈur		tmpˈiri
FULL_5										tapeːsm										
FULL_6	ʃtʼutʼ				pʼˈit̪ʼ				ʧutʼaːq											
FULL_7														kpokt						
FULL_8			hiʦʼʲˈolam																	
FULL_9								axjaɾ												
FULL_10																	ʔˈahjakʼ			
FULL_11															kʼahutíknaʔ					
GIVE_1										ajm~aajm										
GIVE_2											hˈoːn									
GIVE_3			hˈawut																	
GIVE_4															táwiːk					
GIVE_5		halʦawau											halʦawau							
GIVE_6	daːkˈa				diːqˈaː				dihqa			dikˈa				ʔaqa	dˈihka			
GIVE_7							winʲ							ˈiːkɛ				iɲ		
GIVE_8				iː				êːh												ʔˈéˑ
GIVE_9						debˈiʔiʔma														
GOOD_1				pxʷaj																
GOOD_2								jaβ												
GOOD_3			hisˈiʔtʼa																	
GOOD_4															kʼárisːáʔ					
GOOD_5						ʔˈakʼa	ʔəxan̪			ʔahotk~ʔahoːtk								ʔiːxˈan~xan		ʔhˈáni
GOOD_6														kˈiːpɛ		ʦʼimˈa				
GOOD_7		ʦʼupʔ											ʦʼupʔ						ʦʼupʔ	
GOOD_8	kʼdi				qʼoːdˈij				qʼoʔdi		kʼˈudi	kʼidˈi					kʼˈoʔdi			
GREEN_1					ʦʼaːbˈaʦʼaːbˌakʰ															
GREEN_2																ʦʼijaʦʼija				
GREEN_3				xpsiw			xəpəʂiw			havasuːk								xəpʃˈiw		hˌaβsˈuˑwi
GREEN_4	ʦʼaːkʰˈil								ʦʼaqʰaːla			ʦʼakʰˈatʼ					ʦʼˈahkʰil			
GREEN_5													taʦʼkaisa						taʦʼkaisa	
GREEN_6											ʧamˈoron									
GREEN_7						ʔaʃwˈajɡa														
GREEN_8			hˈimamsuʔ																	
GREEN_9														kˈoːiɬ						
GREEN_10								θúkinkuniʃ												
GREEN_11															ʔéːriʧúmpaxiʔ					
HAIR_1										iʔe~ɲiʔe										
HAIR_2					muːsˈu															
HAIR_3				mxʷaɬ		ɬˈaʍak								iɬˈit						
HAIR_4							xəɬʲt̪aː											ʎ̥t̪a		
HAIR_5															ʔíːnax					
HAIR_6	ʔeː											ʔe				ʔej				
HAIR_7			hˈimːi						heʔe		hˈele						hˈeʔːe			
HAIR_8		kʼujulla											kʼujul						kʼuʔjulla	
HAIR_9																				qwˈawa
HAIR_10								ífunih												
HAND_1									ʧohʃo		t̪ˈohʃo									
HAND_2						lamˈane									ʔápka					
HAND_3		talla											talla						talla	
HAND_4				ʔiʃˈaːʎ̥			əsaɬʲ			iːsaʎ						at̪ˈan		ʃaʎ̥		sˈal
HAND_5	t̪ʰna		hˈitʲa~hˈiʦʲa		biːj̥ˈa							t̪ʰanˈa		ˈinoɬ			t̪ʰˈaːna			
HAND_6								tíːk												
HEAD_1								axβâːh												hˈúː
HEAD_2									hoʔt̪ʼo											
HEAD_3																		ʎ̥mu		
HEAD_4		tʼalʔaina											tʼalʔaina							
HEAD_5				mkuɾ																
HEAD_6										ʧuksa~ʧuska					ʧaːráw					
HEAD_7	ʃnaː				kʰaːjˈa						t̪ˈinaː	ʃˈinaː				xijˈa	ʃinːa			
HEAD_8						ɬˈaʍak								iɬˈit						
HEAD_9							xəɬʲt̪aː													
HEAD_10			hˈimaʔ																	
HEAR_1			χˈukejat																	
HEAR_2								θitiβ												
HEAR_3	ʃoːʧ	kaː			ʃoːkʰ				ʃoːʧ			ʃoːʧi	kaː	kiː		xkʼo	ʃoːʧi	ʔip	kaː	
HEAR_4				ʔiːʔˈiːp			jip			aʔavk										ʔˈêˑβi
HEAR_5											ʃˈimit̪									
HEAR_6															kwíkhjawik					
HEAR_7						diɡjˈehʔma														
HEART_1				ʔijˈaːj						iːwa										iˑwˈáˑja
HEART_2							iːʧix							ˈimoʃ				iːʧˈaʃ		
HEART_3								iθβaːj												
HEART_4	kʰam				saːmˈaːj							kʰam								
HEART_5											kʰamʃeme									
HEART_6															ʔíwaːsúrʔ					
HEART_7		ʦukuʦʼi											ʦukʼutʦʼi							
HEART_8									ʦʼuhkul							ʦʼukut̪	ʦʼˈuhkun			
HEART_9						ɬonʃˈahmaʔ														
HEART_10			husaʔanʧeːi																	
HEAVY_1								máːθ					miʦa							
HEAVY_2				ɲix			wən̪ix~wən̪ax			ineːh~ineːθ								nix		
HEAVY_3																				nˈoˑ
HEAVY_4																			ʦʼaʔwiʦa	
HEAVY_5			himita																	
HEAVY_6					xaːlˈikʰ															
HEAVY_7															ʔiʧkákʼ					
HEAVY_8														kmˈotɛt						
HEAVY_9																ʔtʼˈeʔkit̪				
HEAVY_10						ʔaɡˈundaʔ														
HORN (ANATOMY)_1	ʔa			kʷa	ʔa		əkʷaː		haʔa		ʔa	ʔa				ʔa	hˈaʔːa			kʷˈá
HORN (ANATOMY)_2										iːkʷe										
HORN (ANATOMY)_3						lˈeɡaɬ									wáːpaʔ					
HORN (ANATOMY)_4								βêːhʃuɾ~βêːʃuɾ												
HORN (ANATOMY)_5		weːju											weːju						weːju	
HORN (ANATOMY)_6			hˈuwesʲ																	
HORN (ANATOMY)_7														itˈaːmaɬka						
I_1			nˈoʔot																	
I_2						ʔijˈaʔ														
I_3		aiʔniʦa											aiʔniʦa						aiʔniʦi	
I_4	ʔaː				haː				ʔa		ʔaː	ʔaː		ʔɛ		ʔa	ʔˈaːʔa			
I_5				ɲaːʧ			ʔənʲaːʧ			ʔiɲeʧ								ɲaːʧ		ʔɲˈaʧi
I_6					wi										jaːʔa	wit̪				
I_7	t̪oː							náː	t̪o		ʔˈaht̪o	t̪oː					ʔat̪ːo			
KILL_1							aːmuːʧ											aːmˈuːʧ		
KILL_2		ʔamʔʦi											ʔapʔʦi						ʔapʔʦi	
KILL_3				nak	ʃaːkʼ									kikʷ						
KILL_4								ijkaɾ												
KILL_5	haːkʼˈuːm								pʰakʼuːm											
KILL_6											kʼˈamanan	ʧaban								
KILL_7			hˈakʰo																	
KILL_8										tapujm										
KILL_9																	mihjˈana			
KILL_10																				nˈéhi
KILL_11																mudˈoqa				
KILL_12						dimˈaʔaʔma														
KILL_13															kʼwíʧkaxáwiːk					
KNEE_1			hitxanimaxa																	
KNEE_2													hiːwakinna							
KNEE_3								páθak								qʼadˈa				
KNEE_4												jaːsˈis								
KNEE_5																			pʰuːtikʼi	
KNEE_6										iːmemipuk								miːnəpˈuk		mipˈúk
KNEE_7															ʔíʧʼːipka		sinːˈot̪ːa			
KNEE_8											ʃˈiʔkʼˈono									
KNEE_9	snoː				qʼuːt̪ˈul		məxət̪un̪~xəmət̪un̪													
KNEE_10														iɸɬk						
KNEE_11									moqʰoː											
KNEE_12						ɬeŋˈone														
KNEE_13				ʔimˈiːtaːkˈaːɲ																
KNOW (SOMETHING)_1				ʔuːjˈaː														uːjˈaːw		
KNOW (SOMETHING)_2															tiːwáːjkʼahaːʔ					
KNOW (SOMETHING)_3						ʔiʃˈinaʔ														
KNOW (SOMETHING)_4									ʔduːʧiʧʼ											
KNOW (SOMETHING)_5																	hiʔduʧːˈed			
KNOW (SOMETHING)_6														kˈija						spˈo
KNOW (SOMETHING)_7										suːpawm										
KNOW (SOMETHING)_8			hˈiʦʼahu										tiʦipa							
KNOW (SOMETHING)_9	jaqʼ															fdˈiqa				
KNOW (SOMETHING)_10							n̪uɹ													
KNOW (SOMETHING)_11								áːpunma												
KNOW (SOMETHING)_12					meːʔˈel															
KNOW (SOMETHING)_13												ʃaː								
LEAF_1				wal			ʔəjaɬ													
LEAF_2								sáːn		hamaʎ					xanːár					
LEAF_3			hitaxai																	
LEAF_4											t̪ˈuʔt̪ʼa									
LEAF_5	stʼal				siːtʼˈal									istx						
LEAF_6									ʃihpʰa			ʃapʰˈa					ʃiːma			θˈéqa
LEAF_7													tʼaːpʰalla			kˈiqt̪a				
LEAF_8						libˈela														
LIE (REST)_1						ɡunˈowja														
LIE (REST)_2														koːm						
LIE (REST)_3				jak			jaq			iðikk								jak		jˈâki
LIE (REST)_4	mti	murul			mer				miti		mˈeːre	mitˈi	murul			mat	miːti		murul	
LIE (REST)_5															ríʦaːʔ					
LIE (REST)_6			haʧˈuːtat																	
LIE (REST)_7								ijɾúːhɾiβ												
LIVER_1		ima											ima						ima	
LIVER_2			hˈusi																	
LIVER_3															ʔéːpsi					
LIVER_4								βáfiʃ						ˈijas						
LIVER_5				ʧpuʂˈu			ʧəpəsiː			ʧavuθiː								t̪əpsˈi		ʧβθˈiˑ
LIVER_6	ʃaːlˈaː				kʰaːl̥ˈal	ɬˈada			ʧahlaː		ʧʰˈalaː	ʃˈalaː				ʃlal~ʃlala	ʧˈalha			
LONG_1						ʔidˈoɡi														
LONG_2														kˈakʷsχax						
LONG_3		ʦul											ʦul						ʦul	
LONG_4					baːkˈil											biʦˈil				
LONG_5				kuʎ̥			ʔəquɬ			ʔakʲuːʎm										kʲˈuˑli
LONG_6	kol								ʔahqol		kˈolon	kol					ʔˈahkon			
LONG_7								βâːɾam												
LONG_8			hˈiʦʰʲut																	
LONG_9															ʔúkːaxáwhiʔ					
LOUSE_1				ʔiʔˈiʎ̥						ɲiʔiːʎ										hʔˈel
LOUSE_2	ʧi				kiː			aʧiːʧ	ʔahʧi			ʧi					ʔˈahʧi			
LOUSE_3							əmiɬʲ								ʧʼiːtákʼ	ʦin				
LOUSE_4											t̪ˈikaː									
LOUSE_5													ʦina							
LOUSE_6						ɬˈajɡwi														
LOUSE_7														iː						
MAN_1		hisi											hisi						hihsi	
MAN_2								áβansa												
MAN_3																ʦˈawi				
MAN_4						ɡˈalʃans~ɡalʃˈans														
MAN_5					kaːkʰ									ktam						
MAN_6	bˈaja								hiʔbaja											
MAN_7																				pˌaˑhmˈija
MAN_8			ˈitʼʲi~ˈiʦʼʲi	ʔapˈa						ʔiːpa	bˈiki						ʔˈaʧːaj	ʔiːpˈa		
MAN_9							ʔiːkʷiʧ													
MAN_10												baː								
MAN_11															ʔawatíkhwaː					
MEAT_1				ʔimˈaːʧ																
MEAT_2															ʔaráwʔ					
MEAT_3			ˈaʔa					íːʃ												
MEAT_4													pasi						pahsi	
MEAT_5														ipχˈasi						
MEAT_6							kukʷaːjp			kʷiːkʷaj~kiːkʷaj										
MEAT_7	pʼʃe				biːʃˈe				bihʃe		bˈehʃe	biʃˈe				bxe	behʃe			
MEAT_8																		kʷak		
MEAT_9																				kʷˌeˑθˈoβa
MEAT_10						liʃˈikʼ														
MOON_1			ˈala~alla									da								
MOON_2				xʎ̥ʔa			xəɬʲaː			haʎʔa										hlˈa
MOON_3	lˈaːʃa								qʼalaːʃa				wakʼaːra				ʔalːˈaːʃa		wakʼaːra	
MOON_4						ɡalmˈut͡ɬʼa														
MOON_5					duːwˈelˌaː											ʔeweda				
MOON_6											dˈuwedakaː									
MOON_7														ˈiːʃaχ	ʧʼúːwar					
MOON_8								kúːsɾah												
MOUNTAIN_1							mat̪ət̪aj											matkʷat̪ˈaj		
MOUNTAIN_2		ʦiːkalla											ʦiːkalla						ʦiːkalxi	
MOUNTAIN_3						ɬiʍˈala					wˈiʃaː									
MOUNTAIN_4														ʔast						
MOUNTAIN_5				wiː						ʔaviː										ʔwˈíˑ
MOUNTAIN_6			ˈawu																	
MOUNTAIN_7	daːnˈo				daːnˈo				dono			danˈo				kno	dˈoːno			
MOUNTAIN_8															wákːwe					
MOUNTAIN_9								túːjʃip												
MOUTH_1							aː											aː		
MOUTH_2	ha			ʔijˈa						iːja		ha								jˈa
MOUTH_3			hˈawa								hˈamo									
MOUTH_4						lˈaɡo			ʔaha								ʔˈahːa			
MOUTH_5															ʔáw					
MOUTH_6		palla																	palla	
MOUTH_7					xˈaʦʼiːda											χˈast̪o				
MOUTH_8								apmaːn												
MOUTH_9														itˈɛːn						
NAME_1		ʦeːjauna											ʦeːjauna						ʦeːjauna	
NAME_2						laftˈine														
NAME_3														itˈaːsi						
NAME_4															kʼeːkwájik					
NAME_5																	ʔahʃiːjaw			
NAME_6									ʃihʧimaːʧʼ											
NAME_7				muʎ̥						imuːʎ										mˈul~mˈol
NAME_8								iθβuj												
NAME_9	ʃi				ʃi						ahʃˈin	ʃi				xi				
NAME_10							ʧəxiʧ													
NECK_1													tulla						tulla	
NECK_2										maʎaqe										mlqˈí
NECK_3			hˈikːi									kʰu								
NECK_4					qʼoj											qʼoj				
NECK_5	mja								mihja								mˈihja			
NECK_6				mpuk			iːpuk~əjəpuk								ʔíkʼːuk			iːpˈuk		
NECK_7						ɬˈahokʼ		βúːp						jaːp						
NECK_8											hˈuʔkʼa									
NEW_1							wəxaj													
NEW_2														kmaːkiːʔ						
NEW_3								píːt												
NEW_4										mapiːθ										
NEW_5	ʃwej				ʃiːwˈej				ʃiwej		ʃˈewej	ʃiwˈej					ʃˈeːwej			
NEW_6			ˈamani~ˈamanit	xaɲ																
NEW_7						ʔaʦʼˈe										qe				
NEW_8																				iβmˈû
NIGHT_1															ʔapxáː				pahsi	
NIGHT_2			hˈimːi~hˈimːe	ʧɲam						tiːɲam								t̪iːɲˈam		hiˑpˈaˑ
NIGHT_3	ʔaːwˈe				duːwˈe				duwe		dˈuwe	diwˈe				ʔewˈe	dˈuːwe			
NIGHT_4														iʔˈamok						
NIGHT_5						libˈuɡiʔ														
NIGHT_6							kuxun													
NIGHT_7		pasiːjauna											pasiːjauna							
NIGHT_8								ikxáɾam												
NOSE_1					lˈaboːbo															
NOSE_2						ɬˈaʔnaɬ														
NOSE_3				ʔixˈu			əxuː			iːhu				iːɸ				xu		hˈúː
NOSE_4			hˈoχu																	
NOSE_5	la								ʔila			la				la				
NOSE_6											lˈimo									
NOSE_7															ʔéːr					
NOSE_8								júfiβ												
NOSE_9													liːlimauna						niːnimauna	
NOSE_10																	hiːlˈamʔda			
NOT_1			xna											m		da				
NOT_2							umaːw				ʧʰˈoːt̪on							xəmˈaːw		
NOT_3	ʧʰow	kʰuː		lum	kʰuj			pu	t̪ʰin			kʼo	kʰuː		máː		t̪ʰot̪ʰ		kʰuː	ʔˈúmi
NOT_4						ʔaj														
NOT_5										mot										
ONE_1							ʔəxin̪k			ʔasentk										ʔsˈiti~ʔsˈiˑti
ONE_2		paiku											paiku						paiku	
ONE_3					kʼˈali			jíθa						tˈaʃo						
ONE_4	tʼaːtʼˈo		pʼun	ʃit					hku		ʧʼˈaːki	ʧʼaː			ʧʼéːʔaʔ	dan	ʧʼˈaːʔa	ʃin		
ONE_5						ʔanˈuli														
PERSON_1						ɡˈalʃans~ɡalʃˈans														
PERSON_2					kaːwkʰ															
PERSON_3																	ʔahʧˈahʧej			
PERSON_4		jaːna											jaːna						jaːxi	
PERSON_5								áɾaːɾ	ʔaʧaːʧ											
PERSON_6	ʧaːʧʼ											ʧaʔ								ʔpˈáˑ~ʔpˈâˑ
PERSON_7			ʦʼʲˈimar~tʼʲimar	ʧapˈaj			ʔiːpaj			piʔpa~piʔipa~piːpa								t̪iːpˈaj		
PERSON_8											t̪ˈaːt̪kaː									
PERSON_9															ʔís					
PERSON_10														ʃiːχkˈiːsaχ						
PERSON_11																ʔˈumt̪iwi				
RAIN (PRECIPITATION)_1	ʧʰe													ˈipka				kʷiː		
RAIN (PRECIPITATION)_2								paθɾih												
RAIN (PRECIPITATION)_3															ʔistúkʼ					
RAIN (PRECIPITATION)_4		pareːkʼu											parikʼu						parikʼu	
RAIN (PRECIPITATION)_5			hˈitakʰta																	
RAIN (PRECIPITATION)_6				pʔaj			ʔəkʷij													
RAIN (PRECIPITATION)_7						ɬˈaɡwi														
RAIN (PRECIPITATION)_8										kuvʔaw~kuvʔaw										kˌiβˈâwa~kˌiβˈâwa
RAIN (PRECIPITATION)_9					kʰiːkˈeː				ʔihʧʰe							sʦʼen	ʧˈehʧʰe			
RAIN (PRECIPITATION)_10												biʃˈemaː								
RAIN (PRECIPITATION)_11											ʃˈiʔt̪ʼoːn									
RED_1		pawatʔku											tawatʔsa						tawatʔsa	
RED_2	tʼas			xʷat			ʔəxʷat		kʼiːs	ʔahʷatm~ʔahʷaːtm		t̪ʼaʦʼ					hˈatʼːa	xʷat		ʔhʷˈati
RED_3																t̪ʼˈant̪ʼan				
RED_4			jˈeʦχol~jˈaʦχol								ʧʼabˈaran									
RED_5														kʔɛːɬ						
RED_6					qʼedˈaqʼedˌakʰ															
RED_7															ʔéʔextiʔ					
RED_8						ʔunʃalˈi														
RED_9								aːxkúniʃ												
ROAD_1					dˈadaj									ʔˈaːʔo						
ROAD_2	da								hiʔda		da	da					hˈiʔda			
ROAD_3		hiːja											hiːja						hiːja	
ROAD_4			hˈisːa			lˈane									ʔíʧːaː					
ROAD_5				waɲˈa			ʔuːnʲaː									dˈawa		waʔɲˈa		ʔɲˈa
ROAD_6										ʔavʔuɲe										
ROAD_7								impaːh												
ROOT_1														iχˈaːi						
ROOT_2																	sˈuːlen			
ROOT_3			ʔˈaʧi																	
ROOT_4												jem								
ROOT_5	saːmˈa			ʃma		lˈime	pəxəmaː			sama						sumˈa				
ROOT_6										ʔiʧsama										ʔʔˌiˑmsmˈáˑ
ROOT_7					ʦʰiʦʰ													waxənˈu		
ROOT_8								éːpuːm												
ROOT_9									ʔihqʰot											
ROOT_10															ʔaráːʔiʔ					
SALT_1			ˈakʼi		kʰeːʔˈeː						ʧʰˈeʔeː	ʃeʔˈeː								
SALT_2													wiːʦʰu							
SALT_3									taʔqʼo								taʔkʼo			
SALT_4				ʂʔiɾ			ʔəsilʲ			ʔaθʔiː										ʔθˈiˑ
SALT_5														ʔantˈip						
SALT_6															ʔáːtax					
SALT_7						ɬˈoʔwe														
SALT_8								júfiʃ												
SALT_9																		saːl		
SAND_1							məsxaɹaːj													
SAND_2										ʔamatsaʎʔaj										
SAND_3				mˌatʎ̥ʃʔˈaː																
SAND_4						ɬibˈimaʦʼ														
SAND_5														ʔamt						
SAND_6	mʦatʼ								mitaʧ			miʧˈatʼ				mat̪ˈak	mˈiːtaj			
SAND_7					tʰaːʔˈaː					saʎʔaj					tʼáʦːu					
SAND_8								júːx												
SAND_9			ʔamajˈaqʰa																	
SAND_10													kʰuiʔjauna							
SAND_11																				ʔhˌaʧwˈá
SAND_12											hˈino									
SAY_1			hˈekʼo									heʔ								
SAY_2										im	wˈeːn									
SAY_3									nihʧe					tˈɛːkɛ						
SAY_4	mi	tʰiː		ʔi	n̥iː		wiː	piːp					tʰiː					ʔi~i	tʰiː	ʔˈiˑ
SAY_5						dimˈiʔma														
SAY_6															kʼwísːik					
SAY_7																	ʧˈahnu			
SAY_8																muwˈat̪a				
SEE_1		tiwai											tiwai						tawai	
SEE_2														kˈiʔo						ʔˈuˑ
SEE_3								mah								mqo				
SEE_4	pʰwi									ijuːk										
SEE_5															kwímːik					
SEE_6				wiː			əwuːw											wiːw		
SEE_7					kaːr				ʧad		t̪aːn	ʧadi					ʧˈaːd			
SEE_8			hˈimamta																	
SEE_9						diʃˈimʔma														
SIT_1		wa		wa	kˈaː				ʧa				wa					wa	wa	wˈa
SIT_2								ikɾiː						kiːx						
SIT_3							wən̪ak			ivak					rísːawk					
SIT_4	ʔaːʧʰˈa										t̪ˈuman	ʧimˈa				sʦʼa				
SIT_5																	ʧˈiːjo			
SIT_6			hˈiwohintʼa																	
SIT_7						diɡuʦˈuja														
SKIN_1								máːn						inˈaːiɬ						
SKIN_2	ʦʼda				ʦʼiːdˈa				ʦʼiʔda								ʦʼˈiʔda			
SKIN_3		miwi									ʃˈuːru									
SKIN_4												sijˈan								
SKIN_5				ɲkʷʔaɬ			əkʷaɬʲ													
SKIN_6																qʼˈot̪al				
SKIN_7						ɬˈabit͡ɬʼ														
SKIN_8																				θpˈîla
SKIN_9										ʧaθkʷil										
SKIN_10															ʔíʧka					
SLEEP_1			pʰˈohmu											kiːm						
SLEEP_2								ikβíːtha												
SLEEP_3		samsi											sapsi						ʦamsi	
SLEEP_4	sma			ʃma			xəmaː			ismam		simˈa					sˈiːma	ʃəmˈa		smˈaː~smˈaˑ
SLEEP_5									simaːq							qnaq				
SLEEP_6					siːmˈaːmˈer															
SLEEP_7											ʃimˈaːkan									
SLEEP_8															ríʦmasaːkaʔ					
SLEEP_9						diʃmˈajʔma														
SMALL_1			ˈuleːta																	kˈeʧ
SMALL_2											t̪ʼˈuːjaʔan									
SMALL_3																kʼˈuʧʼin				
SMALL_4		tʼiniːku											tʼiniːku						tʼihniːku	
SMALL_5					buːhˈuʃ							biʧʼˈuʔ						ʎəpˈiʃ		
SMALL_6							ʔəst̪ik								ʔátʼuk					
SMALL_7														kˈisiɬ						
SMALL_8																	kiʦʼːˈidu			
SMALL_9				ʔiʎʧˈaʃ																
SMALL_10								nîːnamiʧ												
SMALL_11	kaːwˈi								qawi											
SMALL_12										iʧʔawk										
SMALL_13						ʔaɡˈaʔwa														
SMOKE (EXHAUST)_1			qʰe																	
SMOKE (EXHAUST)_2				xjaj																
SMOKE (EXHAUST)_3					saːxˈa					ʔahʷaː	ʃˈaha	sahˈa				ʦχa				
SMOKE (EXHAUST)_4									hosa								ʔohːˈosa			
SMOKE (EXHAUST)_5	hosˈaha	ʦʰeːkʼauna											ʦʰeːkʼauna							ʔˌohʷˈaja
SMOKE (EXHAUST)_6							ʔuːxuj								kʼuːʦá					
SMOKE (EXHAUST)_7						liɡuʃˈis														
SMOKE (EXHAUST)_8								ámkuːf												
SMOKE (EXHAUST)_9														ʔamkˈaːχat						
SNAKE_1					qaːlˈutʼuːdˌukʰ															
SNAKE_2						ɬajnˈofaɬ														
SNAKE_3				ʔawˈi						ʔave								aʔwˈi		ʔlwˈí~ʔlwˈî
SNAKE_4								ápsuːn												
SNAKE_5															núhuːsːu					
SNAKE_6												misakʰala								
SNAKE_7														ʃiːχkokˈaʃniʔantkʷkiːʔ						
STAND_1		waːkʼi											waːkʼi						waːkʼi	
STAND_2					kˈokʰ				t̪ʼeːt̪		t̪ˈoːn			kaːp						
STAND_3							pəxəkʷiː~pəxkʷiː													βskʷˈiˑ
STAND_4			hoːhˈatːa									t̪omˈa								
STAND_5																qt̪ˈomat̪				
STAND_6	ʧaːtˈom																ʧˈoht̪on			
STAND_7						deɡˈaʃu														
STAND_8				pʔaː						ivʔawm								pʔaw		
STAND_9															rákʼaːwaːʔ					
STAND_10								ihjáɾih												
STAR_1	kʰʔˈaːmul								qʰaːmoʦʼ								kʰˈamhun			
STAR_2										hamuse										hˌammsˈíˑ
STAR_3															xakːwéːsur					
STAR_4				kʷʎ̥ap			kʷən̪məsaːp													
STAR_5						ɡalʃˈamna														
STAR_6											kˈoʔtaikaː									
STAR_7													iʔlala						hiltaka	
STAR_8			mˈunːe									tʰotʰˈol								
STAR_9														ˈaʃox						
STAR_10								atájraːm												
STAR_11					ʔˈujaxo															
STAR_12																ʦʼeχajqʼujqʼuj				
STONE_1							ʔəwilʲ			ʔaviː								wiː		ʔwˈíˑ
STONE_2						ɬabˈik								ʔast						
STONE_3								as							ʔíʦːaʔ					
STONE_4		kʼaina		xuːɾ									kʼaina						kʼaina	
STONE_5	kʰbe		qʰˈaʔa		xaːbˈe				qʰaʔbe		kʰˈaʔbe	kʰabˈe				χabˈe	kʰˈaʔbe			
SUN_1													tʼuina						tʼuixi	
SUN_2												mˈit̪ʼaː				mʦˈilda				
SUN_3											dˈakaː				ʧʼúːwar					
SUN_4									haʔda								hˈaʔda			
SUN_5	da		ˈasːa	ɲa	laː		ʔənʲaː			ʔaɲa				ʃaːʔ				ɲa~ɲaː		ʔɲˈáː
SUN_6						ɡalʔˈora														
SUN_7								kúːsɾah												
SWIM_1		pʰuː	xuː						ʧiw				pʰuː						pʰuː	
SWIM_2							aːpuɬ													
SWIM_3								ikpuh												
SWIM_4												kʼot̪ˈama					ʔohkˈomaj			
SWIM_5						diɡafɡˈajʔma														
SWIM_6	kʰˈaʧde			xaʎ̥nup														xanˈup		
SWIM_7					xaːqaː									kˈakat		χajqam				
SWIM_8										ʔahaʎaʔoːpk										
SWIM_9																				ʔhˌaθpˈuˑji
SWIM_10															rumpakaʔ					
TAIL_1				ʃjuʎ̥			xəjuɬ											ʃəjˈuɬ		
TAIL_2											ʃˈiʔbaː									
TAIL_3			ˈaqʰuje																	
TAIL_4															ʔíhiwa					
TAIL_5						lˈabo		ápβuːj		iːʔar										
TAIL_6		pʼulsu										kˈimaː								
TAIL_7	baː				jiːbˈaː				hibaː					iːp		ba				βhˈé
TAIL_8																	hibʔˈakʰle			
THAT_1	mul											mul								
THAT_2														tiːχ						
THAT_3									haʔu		hˈamuː						hˈamːu			
THAT_4				ʂuː~ʔuʂˈuː	ʔo		puː								miː			puː		
THAT_5								paj												
THAT_6		aiʦeʔe											aiʦeʔe						aiʦi	
THAT_7			pʰˈaʔut													ʔˈiji				ɲθˈa
THAT_8						hikˈuʔwa														
THAT_9										hovaʧ										
THIS_1		aiʦʰ											aiʦʰ							
THIS_2					me										weː					
THIS_3									maʔu							mˈiji	mˈaːmu			
THIS_4				piː~ʔupˈiː										ʔipˈiːχ						
THIS_5	bal							paj				ʔal								
THIS_6			kʰˈiwat~kˈiwot				pəjaː			viðaʧ								pəjˈa		βjˈa
THIS_7						hikˈija														
THOU_1		aiʔnuma											aiʔnuma						aiʔnuma	
THOU_2			mˈamot	mapˈuʧ						maɲʧ								maːʧ		mˈaːʧ
THOU_3						ʔimˈaʔ											ʔˈaːma			
THOU_4	ma				ma		maː		ma		ˈama	ma		mɛ	maːʔi	ma				
THOU_5								íːm												
TONGUE_1	hˈawba								haːba		hˈuʔbaː	hˈabaː					hˈibʔa			
TONGUE_2			hˈipʰen																	
TONGUE_3						ɬabˈaɬ														
TONGUE_4					bal									ipɬ		bal				
TONGUE_5				mpaʎ̥			ən̪əpaɬ			iːpaʎ								xənpˈaɬ		himpˈál~himpˈâl
TONGUE_6													pawaʔla						pawaʔna	
TONGUE_7															ʔéhena					
TONGUE_8								ápɾiːh												
TOOTH_1		kʰiʦʼauna																	kʰiʦʼauna	
TOOTH_2	ʔo		hˈuʦʼʲu		jaːʔˈo				hoʔo		ʔo	ʔo				ʔo	hˈoʔːo			
TOOTH_3				ʔijˈa			əjaːw			iːðoː										jˈoˑ
TOOTH_4						lˈaʔaj									ʔíʧːaw					
TOOTH_5								βuh												
TOOTH_6														itˈaːst						
TREE_1							ʔilʲ											ʔiː		ʔʔˈiˑ
TREE_2	kʰle				xaːlˈeː				qʰale		kʰˈali	kʰalˈe				χalˈe	kʰˈaːle			
TREE_3		ʔina											ʔina						ʔiwi	
TREE_4			ˈatʲa~ˈaʦʲa~aʦʲːa	ʔajˈaː				ípaha~ípa						ʔˈɛʔɛ						
TREE_5						ʔˈalʔek														
TREE_6															ʔákaːhaː					
TWO_1		ux											ux						ux	
TWO_2								áxak						koːkx						
TWO_3				xwak			xəwak			havikk								xəwˈak		hwˈâki
TWO_4						ʔoɡˈeʔ											ʔˈakʰːo			
TWO_5			χˈoqχu																	
TWO_6	kʰoː				xoʧʰ				qʰoː			kʰoː			xúkʼːa	χos				
TWO_7											kʰoʔˈoːkai									
WALK_1					wˈaduːkˌiː															
WALK_2															kʼwátːaʔ					
WALK_3						diʔwˈaʔma														
WALK_4														kontˈika						
WALK_5									w									aː		
WALK_6		ha											ha			wal			ha	
WALK_7		ni					waː						ni						ni	
WALK_8				ʔaː																
WALK_9								áhoː		ijemk		hu								jˈaˑmi~jˈami
WALK_10			hˈuwam																	
WARM_1	ho				xo				ʔoho			ho					ʔˈohːo			
WARM_2										ipiʎk~ipiːʎk										
WARM_3															ʔáːtitʼːúʔ					
WARM_4						ʔinˈuʔ														
WARM_5											moʔʦʼˈolon									
WARM_6																				ʔrˈuji
WARM_7		jaripʼa											jaripʼa							
WARM_8							wəɹaːw													
WARM_9			ʔˈelohtʼa																	
WARM_10																			aʔnaina	
WARM_11								imfiɾ								mit̪ʼe				
WARM_12				ʎ̥ap														ʎ̥ap		
WARM_13														kmatx						
WATER_1			aqʰˈa					áːs												
WATER_2	kʰa			xa	xa		ʔəxaː			ʔaha	kʰa	kʰa		ʔaχ		χa		xa		ʔhˈá
WATER_3		xana				lˈahaʔ			ʔahqʰa				xana		ʔáʦːa		ʔˈahkʰa		xana	
WATER_4								íʃaha												
WE_1	ja				waː			núː	ja		ˈajaː	ja								
WE_2														ʔɛ			ʔˈaːja			
WE_3																wij				
WE_4		aikʰiʔniki											aikʰiʔniki						aikʰiʔniki	
WE_5							ʔənʲaːwapʧ											ɲaʔwˈaʧ		
WE_6										ʔiɲeːʧvʧ										ʔɲˈaʧβ
WE_7						ʔijˈaŋkʼ														
WE_8				ɲaːʧ											ʧaːkʼá					
WE_9			nˈaːʧʰitas																	
WHAT_1					ʧʰi	de						kʼo								
WHAT_2			pˈaʦʰʲi~pʰˈaʦʰʲi						baqʼoː							ʔˈawi	bˈaːkʼo		ʔahʦa	
WHAT_3							ʔuːʧ			kuːʧ				aʃ	kuːʧʼá					
WHAT_4	kʼˈowa	aʦʰiːma		luːɲ									aʦʰiːma							
WHAT_5								fâːt			pʰaːʃka									kˈaβ
WHAT_6																		maːjˈiːʧ		
WHITE_1				xmaːʎ̥											ʔítʼaːjú					
WHITE_2																t̪ʼˈot̪ʼo				
WHITE_3	kaːlˈe								qahle			kalˈe					kˈahle			
WHITE_4						ʔafˈuhɡa														
WHITE_5														koːχp						
WHITE_6							n̪əməʂap			ɲamasav								ɲəmʃˈap		ɲmsˈaβi
WHITE_7		talapʔsa											tʼalapʔ						tʼalapʔ	
WHITE_8					pʰiːt̪ʼˈaw						tʰˈajan									
WHITE_9			mˈeneʔi																	
WHITE_10								ʧánʧaːfkuniʃ												
WHO_1							maːp											məʔˈap		
WHO_2			qʰˈomasʲ							makaʧ										
WHO_3					kiːjˈaː				ʧibaː			ʧˈibaː		kiːʔ						
WHO_4	bˈaːwa																			βkˈa
WHO_5						nˈajʦi					t̪ʰˈaʔa				tákaː	ʦˈaʔe	ʧˈaʔːa			
WHO_6				luːɲ																
WHO_7		ʔampima											ʔappima						ʔampima	
WHO_8								akâːj												
WIND_1	ja				j̥ˈa							ja				ja				
WIND_2						ɬˈawaʔ			ʔihja		hˈija						ʔihja			
WIND_3														ʔai						
WIND_4															ʔáːska					
WIND_5		ʦukʼalla											ʦukʼalla						ʦuʔkʼalla	
WIND_6				ʧxa						mataha~matha								mat̪xˈa		mˌathˈaja~mˌathˈâːja~mˌathˈája
WIND_7			hˈikʼoseʔ																	
WIND_8							jaːjp													
WIND_9								ikɾéːmjah												
WOMAN_1					da						dˈaki									βqˈí~pqˈí
WOMAN_2						ɬaɡˈaʔno											bˈaʔaj			
WOMAN_3				sʔak						θiɲaʔaːk~θiɲaʔaːk								ɲəʧʔˈak		
WOMAN_4			pˈunsar~pˈunsaːr~pˈunʦaːr													bitˈed				
WOMAN_5								asiktáβaːn												
WOMAN_6														kmaːm						
WOMAN_7							sinʲ													
WOMAN_8															taríːʧʼiʔ					
WOMAN_9		mariʔmi											mariʔmi						mariʔmi	
WOMAN_10	mˈaːt̪a								ʔimaːt̪a			mˈaːt̪a								
YEAR_1										hoðe~huːðe										ʔʧʰˈura
YEAR_2					xuːʦʼˈaj															
YEAR_3															ʧʼikíːsuʔ					
YEAR_4																mutin				
YEAR_5				mˌatkˈaːm														matwˈam		
YEAR_6						ɬˈamaʦʼ			mal			jemal								
YEAR_7								háɾinaj												
YEAR_8														ʔant						
YEAR_9							ʔaːnʲ													
YELLOW_1					quːʃˈiliʃiːbˌa							ʧiʃˈilʃiba								
YELLOW_2	ʧˈot̪ʼəʃəba																			
YELLOW_3						ʔundˈaʔe														
YELLOW_4				qʷaʂ			ʔəkʷas		qʰalaːʧ	ʔaqʷaθm~ʔaqʷaːθm								kʷas		ʔqʷˈaθi
YELLOW_5														kmˈasoɬ						
YELLOW_6											kʰaʃˈiʔba									
YELLOW_7																kiʔˈilt̪ʼo				
YELLOW_8		tamuxtuisa											muxtui						tamustuisa	
YELLOW_9																	biʔdˈubotʼ			
YELLOW_10								θúkinkuniʃ												
YELLOW_11															xanːárkʼéːʔeːkikʼárik					
